CompetitorMenuItemID,CompetitorID,YourItemID,CompetitorItemName,CompetitorPrice_EGP,IsOnPromotion,DateTracked
1,1,10,Falafel Plate,40.77,0,2024-01-15
2,1,10,Falafel Plate,41.28,0,2024-01-29
3,1,10,Taameya,41.56,0,2024-02-12
4,1,10,Falafel,41.79,0,2024-02-26
5,1,10,Falafel Plate,39.31,1,2024-03-11
6,1,10,Falafel Plate,36.09,1,2024-03-25
7,1,10,Falafel Plate,36.31,0,2024-04-22
8,1,10,Taameya,36.58,0,2024-05-20
9,1,10,Falafel,36.37,0,2024-06-17
10,1,10,Falafel,36.77,0,2024-07-01
11,1,10,Falafel,36.36,0,2024-07-15
12,1,10,Falafel,36.79,0,2024-07-29
13,1,10,Falafel,37.26,0,2024-08-12
14,1,10,Taameya,37.65,0,2024-08-26
15,1,10,Falafel,38.12,0,2024-09-09
16,1,10,Taameya,38.57,0,2024-09-23
17,1,10,Falafel Plate,34.94,1,2024-10-07
18,1,10,Falafel Plate,35.28,0,2024-10-21
19,1,10,Taameya,35.49,0,2024-11-04
20,1,10,Falafel Plate,36.01,0,2024-12-02
21,1,10,Falafel,36.28,0,2024-12-16
22,1,10,Falafel Plate,36.62,0,2024-12-30
23,1,10,Falafel Plate,37.15,0,2025-02-10
24,1,10,Taameya,37.46,0,2025-02-24
25,1,10,Falafel Plate,37.7,0,2025-03-10
26,1,10,Falafel Plate,38.05,0,2025-03-24
27,1,10,Falafel Plate,38.39,0,2025-04-07
28,1,10,Falafel Plate,38.9,0,2025-04-21
29,1,10,Falafel Plate,37.95,0,2025-05-05
30,1,10,Falafel,36.67,1,2025-06-16
31,1,10,Taameya,36.92,0,2025-06-30
32,1,10,Taameya,34.46,1,2025-07-14
33,1,10,Falafel Plate,31.13,1,2025-07-28
34,1,10,Falafel Plate,31.3,0,2025-08-25
35,1,10,Falafel Plate,31.76,0,2025-09-08
36,1,10,Falafel Plate,31.93,0,2025-09-22
37,1,10,Taameya,32.26,0,2025-10-06
38,1,10,Taameya,32.69,0,2025-10-20
39,1,10,Taameya,33.14,0,2025-11-03
40,1,10,Falafel Plate,33.55,0,2025-11-17
41,1,10,Falafel,33.73,0,2025-12-15
42,1,10,Falafel Plate,34.23,0,2025-12-29
43,1,28,Egyptian Bread Pudding,69.43,0,2024-01-29
44,1,28,Om Ali,67.59,0,2024-02-12
45,1,28,Om Ali Dessert,68.54,0,2024-03-11
46,1,28,Om Ali Dessert,63.47,1,2024-04-08
47,1,28,Egyptian Bread Pudding,64.16,0,2024-05-06
48,1,28,Egyptian Bread Pudding,64.84,0,2024-05-20
49,1,28,Om Ali Dessert,65.28,0,2024-06-03
50,1,28,Om Ali Dessert,66.01,0,2024-07-29
51,1,28,Om Ali Dessert,64.68,0,2024-08-12
52,1,28,Om Ali,65.62,0,2024-08-26
53,1,28,Om Ali Dessert,62.84,1,2024-10-07
54,1,28,Om Ali Dessert,63.58,0,2024-10-21
55,1,28,Egyptian Bread Pudding,58.93,1,2024-11-04
56,1,28,Egyptian Bread Pudding,55.77,1,2024-12-02
57,1,28,Om Ali Dessert,56.43,0,2024-12-30
58,1,28,Egyptian Bread Pudding,56.73,0,2025-01-13
59,1,28,Egyptian Bread Pudding,55.89,0,2025-02-24
60,1,28,Om Ali,53.93,1,2025-03-10
61,1,28,Egyptian Bread Pudding,54.25,0,2025-04-21
62,1,28,Egyptian Bread Pudding,54.73,0,2025-05-05
63,1,28,Om Ali,55.37,0,2025-05-19
64,1,28,Om Ali Dessert,53.82,0,2025-06-16
65,1,28,Om Ali Dessert,54.21,0,2025-07-14
66,1,28,Egyptian Bread Pudding,54.97,0,2025-07-28
67,1,28,Om Ali,55.59,0,2025-09-08
68,1,28,Om Ali,56.14,0,2025-10-06
69,1,28,Egyptian Bread Pudding,54.54,0,2025-10-20
70,1,28,Om Ali Dessert,55.1,0,2025-11-03
71,1,28,Om Ali Dessert,51.09,1,2025-11-17
72,1,28,Om Ali Dessert,51.51,0,2025-12-29
73,1,60,Lamb Feast,806.17,0,2024-01-15
74,1,60,Lamb Family Meal,815.54,0,2024-01-29
75,1,60,Lamb Family Meal,826.76,0,2024-02-12
76,1,60,Lamb Feast,835.18,0,2024-02-26
77,1,60,Family Lamb Platter,842.87,0,2024-03-11
78,1,60,Lamb Feast,748.53,1,2024-03-25
79,1,60,Lamb Family Meal,669.3,1,2024-04-08
80,1,60,Lamb Family Meal,675.96,0,2024-05-06
81,1,60,Family Lamb Platter,646.98,1,2024-05-20
82,1,60,Lamb Feast,653.73,0,2024-06-17
83,1,60,Lamb Feast,613.94,1,2024-07-01
84,1,60,Family Lamb Platter,604.29,0,2024-07-15
85,1,60,Lamb Feast,608.57,0,2024-08-12
86,1,60,Lamb Feast,617.56,0,2024-08-26
87,1,60,Lamb Feast,608.97,0,2024-09-09
88,1,60,Lamb Feast,614.25,0,2024-09-23
89,1,60,Lamb Family Meal,618.05,0,2024-10-07
90,1,60,Lamb Family Meal,621.69,0,2024-11-04
91,1,60,Lamb Feast,628.68,0,2024-12-02
92,1,60,Family Lamb Platter,634.41,0,2024-12-16
93,1,60,Lamb Family Meal,642.33,0,2024-12-30
94,1,60,Lamb Family Meal,649.7,0,2025-02-10
95,1,60,Lamb Feast,659.22,0,2025-02-24
96,1,60,Lamb Family Meal,640.7,0,2025-03-10
97,1,60,Lamb Feast,645.9,0,2025-04-07
98,1,60,Lamb Family Meal,651.86,0,2025-04-21
99,1,60,Lamb Feast,661.17,0,2025-05-19
100,1,60,Lamb Family Meal,669.6,0,2025-06-02
101,1,60,Lamb Feast,674.28,0,2025-06-30
102,1,60,Lamb Family Meal,681.11,0,2025-07-14
103,1,60,Lamb Family Meal,689.77,0,2025-07-28
104,1,60,Lamb Family Meal,695.18,0,2025-08-25
105,1,60,Lamb Family Meal,701.96,0,2025-09-08
106,1,60,Family Lamb Platter,705.89,0,2025-09-22
107,1,60,Family Lamb Platter,711.4,0,2025-10-06
108,1,60,Lamb Feast,716.21,0,2025-10-20
109,1,60,Lamb Family Meal,668.72,1,2025-11-17
110,1,60,Family Lamb Platter,673.1,0,2025-12-01
111,1,60,Lamb Family Meal,682.02,0,2025-12-15
112,1,60,Lamb Family Meal,691.29,0,2025-12-29
113,1,8,Green Soup,108.42,0,2024-01-01
114,1,8,Green Soup,109.91,0,2024-01-15
115,1,8,Molokhia & Rice,111.29,0,2024-01-29
116,1,8,Molokhia Dish,108.97,0,2024-02-12
117,1,8,Molokhia Dish,101.0,1,2024-03-11
118,1,8,Molokhia & Rice,102.25,0,2024-03-25
119,1,8,Green Soup,102.8,0,2024-04-22
120,1,8,Green Soup,104.22,0,2024-05-06
121,1,8,Green Soup,104.99,0,2024-05-20
122,1,8,Molokhia & Rice,96.01,1,2024-06-17
123,1,8,Molokhia Dish,96.64,0,2024-07-01
124,1,8,Molokhia & Rice,97.21,0,2024-07-29
125,1,8,Green Soup,98.16,0,2024-08-12
126,1,8,Molokhia & Rice,99.0,0,2024-08-26
127,1,8,Green Soup,96.43,0,2024-09-09
128,1,8,Molokhia Dish,97.59,0,2024-09-23
129,1,8,Molokhia & Rice,95.97,0,2024-10-07
130,1,8,Molokhia Dish,96.62,0,2024-11-04
131,1,8,Molokhia & Rice,97.71,0,2024-11-18
132,1,8,Molokhia & Rice,99.02,0,2024-12-30
133,1,8,Molokhia Dish,99.82,0,2025-01-27
134,1,8,Green Soup,89.49,1,2025-03-10
135,1,8,Molokhia Dish,83.23,1,2025-05-05
136,1,8,Molokhia Dish,83.68,0,2025-05-19
137,1,8,Molokhia & Rice,84.91,0,2025-06-02
138,1,8,Molokhia & Rice,77.51,1,2025-06-16
139,1,8,Green Soup,74.46,1,2025-06-30
140,1,8,Green Soup,73.92,0,2025-07-14
141,1,8,Molokhia & Rice,74.98,0,2025-07-28
142,1,8,Green Soup,75.45,0,2025-08-11
143,1,8,Molokhia Dish,71.11,1,2025-08-25
144,1,8,Molokhia & Rice,71.53,0,2025-09-08
145,1,8,Green Soup,72.21,0,2025-10-06
146,1,8,Molokhia Dish,71.14,0,2025-10-20
147,1,8,Green Soup,71.95,0,2025-11-03
148,1,8,Molokhia & Rice,71.1,0,2025-11-17
149,1,8,Molokhia & Rice,71.54,0,2025-12-29
150,1,51,Giblets Sandwich,71.41,0,2024-01-01
151,1,51,Liver Sandwich,71.98,0,2024-02-12
152,1,51,Spicy Liver Sub,72.72,0,2024-03-11
153,1,51,Liver Sandwich,67.98,1,2024-03-25
154,1,51,Spicy Liver Sub,68.37,0,2024-04-08
155,1,51,Spicy Liver Sub,67.57,0,2024-05-06
156,1,51,Spicy Liver Sub,68.01,0,2024-05-20
157,1,51,Liver Sandwich,68.48,0,2024-06-03
158,1,51,Liver Sandwich,66.71,0,2024-07-15
159,1,51,Giblets Sandwich,67.1,0,2024-07-29
160,1,51,Liver Sandwich,67.87,0,2024-08-26
161,1,51,Giblets Sandwich,68.32,0,2024-09-09
162,1,51,Giblets Sandwich,69.08,0,2024-09-23
163,1,51,Spicy Liver Sub,69.6,0,2024-10-07
164,1,51,Liver Sandwich,70.23,0,2024-12-02
165,1,51,Giblets Sandwich,71.21,0,2024-12-30
166,1,51,Giblets Sandwich,71.58,0,2025-01-13
167,1,51,Spicy Liver Sub,72.42,0,2025-01-27
168,1,51,Giblets Sandwich,71.18,0,2025-02-24
169,1,51,Spicy Liver Sub,72.08,0,2025-04-07
170,1,51,Liver Sandwich,73.15,0,2025-04-21
171,1,51,Liver Sandwich,73.61,0,2025-05-05
172,1,51,Giblets Sandwich,68.84,1,2025-05-19
173,1,51,Spicy Liver Sub,69.64,0,2025-06-16
174,1,51,Spicy Liver Sub,67.46,1,2025-06-30
175,1,51,Giblets Sandwich,68.21,0,2025-07-14
176,1,51,Liver Sandwich,68.87,0,2025-07-28
177,1,51,Spicy Liver Sub,69.31,0,2025-08-25
178,1,51,Giblets Sandwich,69.66,0,2025-09-08
179,1,51,Giblets Sandwich,70.03,0,2025-10-06
180,1,51,Spicy Liver Sub,70.92,0,2025-10-20
181,1,51,Liver Sandwich,71.69,0,2025-11-03
182,1,51,Spicy Liver Sub,72.31,0,2025-12-01
183,1,51,Liver Sandwich,68.46,1,2025-12-15
184,1,51,Liver Sandwich,69.03,0,2025-12-29
185,2,13,Bechamel Pasta,121.46,1,2024-01-01
186,2,13,Baked Pasta,123.28,0,2024-01-15
187,2,13,Bechamel Pasta,124.15,0,2024-02-12
188,2,13,Bechamel Pasta,125.76,0,2024-02-26
189,2,13,Baked Pasta,119.09,1,2024-03-11
190,2,13,Baked Pasta,120.61,0,2024-03-25
191,2,13,Baked Pasta,122.28,0,2024-04-08
192,2,13,Macarona Bechamel,123.07,0,2024-04-22
193,2,13,Macarona Bechamel,120.26,0,2024-05-06
194,2,13,Macarona Bechamel,118.19,0,2024-06-17
195,2,13,Macarona Bechamel,115.39,0,2024-07-01
196,2,13,Macarona Bechamel,113.08,0,2024-07-15
197,2,13,Bechamel Pasta,113.84,0,2024-08-12
198,2,13,Baked Pasta,114.47,0,2024-08-26
199,2,13,Bechamel Pasta,115.43,0,2024-09-23
200,2,13,Macarona Bechamel,116.72,0,2024-11-18
201,2,13,Bechamel Pasta,117.48,0,2024-12-02
202,2,13,Macarona Bechamel,118.64,0,2024-12-30
203,2,13,Baked Pasta,115.97,0,2025-01-13
204,2,13,Bechamel Pasta,117.32,0,2025-01-27
205,2,13,Bechamel Pasta,118.11,0,2025-02-10
206,2,13,Baked Pasta,118.99,0,2025-02-24
207,2,13,Baked Pasta,110.34,1,2025-03-24
208,2,13,Bechamel Pasta,110.91,0,2025-04-07
209,2,13,Bechamel Pasta,111.96,0,2025-04-21
210,2,13,Macarona Bechamel,113.08,0,2025-06-16
211,2,13,Macarona Bechamel,114.76,0,2025-06-30
212,2,13,Bechamel Pasta,104.9,1,2025-07-14
213,2,13,Bechamel Pasta,98.1,1,2025-08-11
214,2,13,Bechamel Pasta,99.26,0,2025-08-25
215,2,13,Baked Pasta,100.54,0,2025-09-22
216,2,13,Baked Pasta,101.26,0,2025-10-20
217,2,13,Baked Pasta,102.05,0,2025-11-03
218,2,13,Baked Pasta,102.85,0,2025-12-01
219,2,13,Bechamel Pasta,103.78,0,2025-12-15
220,2,13,Macarona Bechamel,99.68,1,2025-12-29
221,2,37,Crispy Chicken Burger,113.78,0,2024-01-01
222,2,37,Spicy Chicken Burger,115.0,0,2024-01-15
223,2,37,Chicken Burger,116.29,0,2024-02-12
224,2,37,Crispy Chicken Burger,112.91,0,2024-02-26
225,2,37,Crispy Chicken Burger,114.48,0,2024-03-11
226,2,37,Spicy Chicken Burger,116.15,0,2024-05-06
227,2,37,Chicken Burger,117.1,0,2024-06-03
228,2,37,Chicken Burger,117.94,0,2024-06-17
229,2,37,Crispy Chicken Burger,107.77,1,2024-07-01
230,2,37,Spicy Chicken Burger,109.05,0,2024-07-15
231,2,37,Chicken Burger,109.84,0,2024-07-29
232,2,37,Chicken Burger,101.04,1,2024-08-12
233,2,37,Chicken Burger,102.29,0,2024-08-26
234,2,37,Crispy Chicken Burger,103.58,0,2024-09-09
235,2,37,Crispy Chicken Burger,95.91,1,2024-09-23
236,2,37,Crispy Chicken Burger,96.81,0,2024-10-07
237,2,37,Spicy Chicken Burger,98.0,0,2024-10-21
238,2,37,Crispy Chicken Burger,98.82,0,2024-12-02
239,2,37,Chicken Burger,89.62,1,2024-12-16
240,2,37,Spicy Chicken Burger,90.96,0,2024-12-30
241,2,37,Spicy Chicken Burger,91.42,0,2025-01-13
242,2,37,Spicy Chicken Burger,92.03,0,2025-01-27
243,2,37,Chicken Burger,93.38,0,2025-02-24
244,2,37,Spicy Chicken Burger,90.2,1,2025-03-10
245,2,37,Spicy Chicken Burger,91.22,0,2025-03-24
246,2,37,Spicy Chicken Burger,92.1,0,2025-04-07
247,2,37,Chicken Burger,92.91,0,2025-04-21
248,2,37,Chicken Burger,93.94,0,2025-05-05
249,2,37,Chicken Burger,94.46,0,2025-05-19
250,2,37,Spicy Chicken Burger,95.33,0,2025-06-02
251,2,37,Chicken Burger,96.38,0,2025-06-16
252,2,37,Spicy Chicken Burger,97.25,0,2025-07-28
253,2,37,Chicken Burger,98.39,0,2025-08-11
254,2,37,Chicken Burger,92.87,1,2025-08-25
255,2,37,Crispy Chicken Burger,93.59,0,2025-09-08
256,2,37,Crispy Chicken Burger,94.89,0,2025-09-22
257,2,37,Spicy Chicken Burger,95.85,0,2025-10-06
258,2,37,Chicken Burger,97.25,0,2025-10-20
259,2,37,Chicken Burger,98.12,0,2025-11-17
260,2,37,Crispy Chicken Burger,98.7,0,2025-12-01
261,2,5,Grill Combo,249.65,0,2024-01-01
262,2,5,Grill Combo,243.61,0,2024-01-15
263,2,5,Grill Combo,244.99,0,2024-01-29
264,2,5,Grill Combo,246.9,0,2024-02-12
265,2,5,Grill Combo,250.11,0,2024-02-26
266,2,5,Mixed Grill Platter,231.26,1,2024-03-11
267,2,5,Mixed Grill Platter,210.78,1,2024-03-25
268,2,5,BBQ Mix,211.93,0,2024-04-22
269,2,5,Grill Combo,213.11,0,2024-05-06
270,2,5,BBQ Mix,214.75,0,2024-05-20
271,2,5,Grill Combo,216.71,0,2024-06-03
272,2,5,BBQ Mix,213.78,0,2024-06-17
273,2,5,Mixed Grill Platter,216.5,0,2024-07-15
274,2,5,Mixed Grill Platter,219.31,0,2024-07-29
275,2,5,Grill Combo,220.46,0,2024-08-12
276,2,5,BBQ Mix,200.53,1,2024-08-26
277,2,5,BBQ Mix,181.49,1,2024-09-23
278,2,5,Grill Combo,183.28,0,2024-10-07
279,2,5,BBQ Mix,180.8,0,2024-10-21
280,2,5,Grill Combo,182.97,0,2024-11-04
281,2,5,Grill Combo,185.23,0,2024-12-02
282,2,5,Grill Combo,186.6,0,2024-12-16
283,2,5,Mixed Grill Platter,188.15,0,2025-01-13
284,2,5,Mixed Grill Platter,189.51,0,2025-01-27
285,2,5,BBQ Mix,191.5,0,2025-02-10
286,2,5,Mixed Grill Platter,192.86,0,2025-02-24
287,2,5,Mixed Grill Platter,195.03,0,2025-03-10
288,2,5,Grill Combo,191.23,0,2025-03-24
289,2,5,Mixed Grill Platter,193.84,0,2025-05-19
290,2,5,Grill Combo,195.49,0,2025-06-02
291,2,5,Mixed Grill Platter,197.53,0,2025-07-28
292,2,5,Grill Combo,199.01,0,2025-08-11
293,2,5,Grill Combo,201.49,0,2025-08-25
294,2,5,Mixed Grill Platter,202.64,0,2025-09-08
295,2,5,Grill Combo,204.8,0,2025-09-22
296,2,5,Mixed Grill Platter,205.94,0,2025-10-20
297,2,5,Mixed Grill Platter,208.49,0,2025-11-17
298,2,5,BBQ Mix,209.91,0,2025-12-01
299,2,5,BBQ Mix,212.22,0,2025-12-15
300,2,5,Mixed Grill Platter,214.39,0,2025-12-29
301,2,6,Shawarma Lahem,139.8,1,2024-01-01
302,2,6,Beef Shawarma Wrap,127.84,1,2024-01-29
303,2,6,Shawarma Lahem,126.51,0,2024-02-12
304,2,6,Meat Shawarma,127.88,0,2024-02-26
305,2,6,Meat Shawarma,118.1,1,2024-03-11
306,2,6,Beef Shawarma Wrap,113.33,1,2024-03-25
307,2,6,Beef Shawarma Wrap,114.22,0,2024-04-08
308,2,6,Beef Shawarma Wrap,115.84,0,2024-04-22
309,2,6,Meat Shawarma,117.4,0,2024-05-06
310,2,6,Meat Shawarma,118.98,0,2024-05-20
311,2,6,Beef Shawarma Wrap,110.76,1,2024-06-03
312,2,6,Shawarma Lahem,112.2,0,2024-06-17
313,2,6,Shawarma Lahem,113.37,0,2024-07-01
314,2,6,Beef Shawarma Wrap,114.77,0,2024-07-29
315,2,6,Beef Shawarma Wrap,115.85,0,2024-09-09
316,2,6,Beef Shawarma Wrap,110.68,1,2024-09-23
317,2,6,Meat Shawarma,111.45,0,2024-10-21
318,2,6,Shawarma Lahem,107.16,1,2024-11-18
319,2,6,Beef Shawarma Wrap,108.28,0,2024-12-02
320,2,6,Shawarma Lahem,100.35,1,2024-12-30
321,2,6,Meat Shawarma,101.0,0,2025-01-13
322,2,6,Meat Shawarma,102.51,0,2025-02-10
323,2,6,Beef Shawarma Wrap,103.59,0,2025-02-24
324,2,6,Shawarma Lahem,104.3,0,2025-03-10
325,2,6,Beef Shawarma Wrap,105.48,0,2025-04-07
326,2,6,Meat Shawarma,95.29,1,2025-04-21
327,2,6,Meat Shawarma,96.16,0,2025-05-05
328,2,6,Beef Shawarma Wrap,96.89,0,2025-06-02
329,2,6,Meat Shawarma,98.06,0,2025-06-16
330,2,6,Meat Shawarma,98.71,0,2025-06-30
331,2,6,Beef Shawarma Wrap,99.21,0,2025-07-14
332,2,6,Beef Shawarma Wrap,100.16,0,2025-08-25
333,2,6,Shawarma Lahem,100.81,0,2025-10-20
334,2,6,Beef Shawarma Wrap,101.59,0,2025-11-03
335,2,6,Meat Shawarma,102.62,0,2025-11-17
336,2,6,Beef Shawarma Wrap,103.78,0,2025-12-01
337,2,6,Beef Shawarma Wrap,100.72,0,2025-12-15
338,2,6,Beef Shawarma Wrap,101.77,0,2025-12-29
339,2,28,Om Ali Dessert,77.36,1,2024-01-01
340,2,28,Om Ali,78.03,0,2024-01-15
341,2,28,Om Ali Dessert,79.2,0,2024-01-29
342,2,28,Om Ali,78.34,0,2024-02-12
343,2,28,Om Ali,79.41,0,2024-02-26
344,2,28,Om Ali Dessert,70.58,1,2024-03-11
345,2,28,Om Ali,64.36,1,2024-03-25
346,2,28,Om Ali,60.09,1,2024-04-08
347,2,28,Egyptian Bread Pudding,60.76,0,2024-04-22
348,2,28,Om Ali,61.33,0,2024-05-20
349,2,28,Om Ali Dessert,61.74,0,2024-06-03
350,2,28,Om Ali,62.37,0,2024-07-01
351,2,28,Om Ali,62.88,0,2024-07-15
352,2,28,Om Ali,63.42,0,2024-07-29
353,2,28,Egyptian Bread Pudding,61.81,0,2024-08-26
354,2,28,Egyptian Bread Pudding,62.13,0,2024-09-09
355,2,28,Om Ali,62.67,0,2024-09-23
356,2,28,Om Ali,63.02,0,2024-10-07
357,2,28,Om Ali,63.59,0,2024-10-21
358,2,28,Om Ali Dessert,61.4,1,2024-11-04
359,2,28,Egyptian Bread Pudding,62.31,0,2024-11-18
360,2,28,Om Ali Dessert,61.02,0,2024-12-02
361,2,28,Om Ali Dessert,61.54,0,2024-12-30
362,2,28,Om Ali Dessert,62.39,0,2025-03-10
363,2,28,Egyptian Bread Pudding,62.82,0,2025-03-24
364,2,28,Om Ali Dessert,63.18,0,2025-04-21
365,2,28,Egyptian Bread Pudding,63.69,0,2025-06-02
366,2,28,Om Ali,61.29,1,2025-06-30
367,2,28,Om Ali Dessert,61.62,0,2025-07-28
368,2,28,Om Ali,62.37,0,2025-08-11
369,2,28,Egyptian Bread Pudding,57.6,1,2025-08-25
370,2,28,Egyptian Bread Pudding,58.17,0,2025-09-08
371,2,28,Egyptian Bread Pudding,58.71,0,2025-09-22
372,2,28,Om Ali,59.34,0,2025-10-20
373,2,28,Egyptian Bread Pudding,59.96,0,2025-11-03
374,2,28,Egyptian Bread Pudding,60.63,0,2025-12-01
375,2,1,Grilled Kofta Plate,156.08,0,2024-01-15
376,2,1,Classic Kofta,157.86,0,2024-01-29
377,2,1,Classic Kofta,143.91,1,2024-02-12
378,2,1,Grilled Kofta Plate,143.16,0,2024-03-25
379,2,1,Mixed Kofta,145.21,0,2024-04-22
380,2,1,Grilled Kofta Plate,146.32,0,2024-05-06
381,2,1,Classic Kofta,147.57,0,2024-05-20
382,2,1,Classic Kofta,149.52,0,2024-06-03
383,2,1,Grilled Kofta Plate,151.13,0,2024-07-01
384,2,1,Mixed Kofta,152.32,0,2024-07-15
385,2,1,Mixed Kofta,154.2,0,2024-08-12
386,2,1,Mixed Kofta,156.26,0,2024-09-09
387,2,1,Grilled Kofta Plate,140.65,1,2024-10-07
388,2,1,Mixed Kofta,141.76,0,2024-10-21
389,2,1,Classic Kofta,142.74,0,2024-12-30
390,2,1,Mixed Kofta,141.24,0,2025-01-13
391,2,1,Grilled Kofta Plate,143.03,0,2025-02-24
392,2,1,Grilled Kofta Plate,143.87,0,2025-03-10
393,2,1,Classic Kofta,144.83,0,2025-03-24
394,2,1,Classic Kofta,141.97,0,2025-04-07
395,2,1,Grilled Kofta Plate,134.15,1,2025-04-21
396,2,1,Grilled Kofta Plate,135.47,0,2025-05-05
397,2,1,Grilled Kofta Plate,132.8,0,2025-06-02
398,2,1,Mixed Kofta,129.84,0,2025-06-16
399,2,1,Classic Kofta,126.53,0,2025-06-30
400,2,1,Mixed Kofta,127.55,0,2025-07-28
401,2,1,Mixed Kofta,126.1,0,2025-08-11
402,2,1,Classic Kofta,117.45,1,2025-08-25
403,2,1,Classic Kofta,113.52,1,2025-09-22
404,2,1,Classic Kofta,114.12,0,2025-10-06
405,2,1,Mixed Kofta,114.96,0,2025-11-17
406,2,1,Grilled Kofta Plate,116.14,0,2025-12-01
407,2,1,Mixed Kofta,111.86,1,2025-12-15
408,2,1,Classic Kofta,112.69,0,2025-12-29
409,3,3,Roasted Chicken,130.96,0,2024-01-15
410,3,3,Half Chicken,131.91,0,2024-01-29
411,3,3,Half Chicken,133.8,0,2024-02-26
412,3,3,Grilled Chicken,134.5,0,2024-03-11
413,3,3,Roasted Chicken,132.67,0,2024-04-08
414,3,3,Half Chicken,133.81,0,2024-04-22
415,3,3,Roasted Chicken,134.78,0,2024-05-06
416,3,3,Roasted Chicken,135.87,0,2024-05-20
417,3,3,Roasted Chicken,136.64,0,2024-06-03
418,3,3,Roasted Chicken,138.53,0,2024-06-17
419,3,3,Roasted Chicken,139.89,0,2024-07-01
420,3,3,Half Chicken,141.07,0,2024-07-15
421,3,3,Half Chicken,142.25,0,2024-07-29
422,3,3,Roasted Chicken,129.52,1,2024-08-26
423,3,3,Roasted Chicken,117.06,1,2024-09-09
424,3,3,Roasted Chicken,118.39,0,2024-09-23
425,3,3,Grilled Chicken,119.17,0,2024-10-07
426,3,3,Half Chicken,120.11,0,2024-10-21
427,3,3,Half Chicken,120.96,0,2024-11-18
428,3,3,Grilled Chicken,109.25,1,2024-12-02
429,3,3,Half Chicken,110.87,0,2024-12-30
430,3,3,Grilled Chicken,111.82,0,2025-02-10
431,3,3,Grilled Chicken,112.8,0,2025-02-24
432,3,3,Grilled Chicken,114.26,0,2025-03-24
433,3,3,Half Chicken,114.92,0,2025-04-21
434,3,3,Grilled Chicken,114.34,0,2025-05-05
435,3,3,Half Chicken,107.95,1,2025-05-19
436,3,3,Grilled Chicken,109.47,0,2025-07-28
437,3,3,Half Chicken,107.79,0,2025-08-11
438,3,3,Grilled Chicken,108.9,0,2025-08-25
439,3,3,Roasted Chicken,109.69,0,2025-09-08
440,3,3,Half Chicken,105.83,1,2025-09-22
441,3,3,Grilled Chicken,106.36,0,2025-10-06
442,3,3,Grilled Chicken,107.03,0,2025-10-20
443,3,3,Half Chicken,107.59,0,2025-11-03
444,3,3,Half Chicken,108.22,0,2025-12-01
445,3,3,Roasted Chicken,109.3,0,2025-12-15
446,3,3,Half Chicken,110.68,0,2025-12-29
447,3,53,Taameya Sandwich,39.82,0,2024-01-01
448,3,53,Taameya Sandwich,40.16,0,2024-01-15
449,3,53,Taameya Sandwich,40.55,0,2024-02-12
450,3,53,Falafel Sandwich,41.08,0,2024-03-11
451,3,53,Taameya Sandwich,41.58,0,2024-03-25
452,3,53,Falafel Sub,39.32,1,2024-04-22
453,3,53,Falafel Sandwich,39.83,0,2024-06-03
454,3,53,Falafel Sandwich,40.07,0,2024-07-29
455,3,53,Falafel Sandwich,36.28,1,2024-08-12
456,3,53,Falafel Sub,34.89,1,2024-08-26
457,3,53,Falafel Sandwich,35.18,0,2024-09-09
458,3,53,Falafel Sandwich,34.99,0,2024-09-23
459,3,53,Falafel Sub,35.47,0,2024-10-07
460,3,53,Taameya Sandwich,34.43,0,2024-11-04
461,3,53,Falafel Sub,34.83,0,2024-12-16
462,3,53,Falafel Sandwich,35.35,0,2024-12-30
463,3,53,Falafel Sub,35.72,0,2025-01-13
464,3,53,Falafel Sandwich,35.4,0,2025-02-10
465,3,53,Falafel Sandwich,34.83,0,2025-02-24
466,3,53,Falafel Sub,33.68,1,2025-03-10
467,3,53,Falafel Sub,34.15,0,2025-03-24
468,3,53,Falafel Sub,34.6,0,2025-04-07
469,3,53,Falafel Sandwich,35.02,0,2025-04-21
470,3,53,Falafel Sandwich,35.54,0,2025-05-19
471,3,53,Falafel Sandwich,35.82,0,2025-06-02
472,3,53,Falafel Sub,36.0,0,2025-06-16
473,3,53,Falafel Sandwich,36.31,0,2025-06-30
474,3,53,Taameya Sandwich,35.5,0,2025-07-14
475,3,53,Taameya Sandwich,35.95,0,2025-07-28
476,3,53,Falafel Sandwich,36.16,0,2025-08-11
477,3,53,Taameya Sandwich,36.42,0,2025-09-08
478,3,53,Falafel Sandwich,36.69,0,2025-10-06
479,3,53,Falafel Sandwich,37.07,0,2025-12-01
480,3,53,Falafel Sub,37.43,0,2025-12-15
481,3,53,Falafel Sub,37.65,0,2025-12-29
482,3,55,Lamb Ribs,193.49,0,2024-01-15
483,3,55,Grilled Lamb,194.54,0,2024-01-29
484,3,55,Grilled Lamb,195.62,0,2024-03-25
485,3,55,Lamb Chops,179.0,1,2024-04-08
486,3,55,Grilled Lamb,181.32,0,2024-04-22
487,3,55,Lamb Ribs,165.1,1,2024-05-06
488,3,55,Lamb Ribs,164.22,0,2024-05-20
489,3,55,Lamb Ribs,150.04,1,2024-06-17
490,3,55,Grilled Lamb,150.92,0,2024-07-01
491,3,55,Lamb Chops,152.5,0,2024-07-15
492,3,55,Lamb Chops,153.67,0,2024-08-26
493,3,55,Lamb Ribs,155.75,0,2024-09-09
494,3,55,Lamb Chops,156.98,0,2024-09-23
495,3,55,Grilled Lamb,158.87,0,2024-10-07
496,3,55,Grilled Lamb,159.79,0,2024-10-21
497,3,55,Lamb Chops,161.35,0,2024-11-04
498,3,55,Grilled Lamb,162.33,0,2024-12-02
499,3,55,Lamb Ribs,164.06,0,2024-12-16
500,3,55,Grilled Lamb,165.93,0,2025-01-13
501,3,55,Lamb Ribs,167.0,0,2025-01-27
502,3,55,Grilled Lamb,167.95,0,2025-02-10
503,3,55,Grilled Lamb,162.52,1,2025-02-24
504,3,55,Lamb Ribs,164.18,0,2025-04-21
505,3,55,Grilled Lamb,165.95,0,2025-06-02
506,3,55,Lamb Ribs,159.84,1,2025-06-16
507,3,55,Grilled Lamb,161.91,0,2025-07-14
508,3,55,Lamb Chops,163.51,0,2025-07-28
509,3,55,Lamb Chops,165.82,0,2025-08-11
510,3,55,Lamb Chops,167.72,0,2025-09-08
511,3,55,Lamb Ribs,164.62,0,2025-09-22
512,3,55,Lamb Chops,166.87,0,2025-10-06
513,3,55,Lamb Ribs,168.1,0,2025-11-03
514,3,55,Lamb Ribs,169.25,0,2025-11-17
515,3,55,Lamb Ribs,170.81,0,2025-12-01
516,3,55,Lamb Ribs,171.86,0,2025-12-15
517,3,55,Lamb Ribs,173.42,0,2025-12-29
518,3,10,Falafel,36.85,0,2024-01-01
519,3,10,Falafel,33.17,1,2024-01-15
520,3,10,Falafel,33.53,0,2024-01-29
521,3,10,Falafel Plate,33.9,0,2024-02-12
522,3,10,Taameya,34.31,0,2024-03-11
523,3,10,Falafel,34.59,0,2024-03-25
524,3,10,Falafel Plate,34.84,0,2024-05-06
525,3,10,Falafel Plate,35.07,0,2024-05-20
526,3,10,Taameya,35.27,0,2024-06-17
527,3,10,Taameya,35.57,0,2024-07-01
528,3,10,Taameya,36.1,0,2024-07-29
529,3,10,Taameya,36.33,0,2024-08-12
530,3,10,Taameya,36.75,0,2024-08-26
531,3,10,Falafel,36.15,0,2024-09-09
532,3,10,Falafel,36.49,0,2024-09-23
533,3,10,Falafel Plate,36.19,0,2024-10-07
534,3,10,Falafel Plate,33.91,1,2024-11-04
535,3,10,Falafel,34.39,0,2024-12-02
536,3,10,Falafel Plate,34.7,0,2024-12-16
537,3,10,Taameya,35.05,0,2024-12-30
538,3,10,Falafel,35.49,0,2025-01-27
539,3,10,Falafel Plate,35.99,0,2025-03-10
540,3,10,Falafel Plate,36.46,0,2025-04-21
541,3,10,Falafel,36.78,0,2025-05-05
542,3,10,Taameya,37.14,0,2025-05-19
543,3,10,Falafel,37.61,0,2025-06-02
544,3,10,Falafel,35.78,1,2025-06-16
545,3,10,Taameya,36.14,0,2025-06-30
546,3,10,Falafel,36.55,0,2025-07-14
547,3,10,Falafel Plate,37.05,0,2025-07-28
548,3,10,Falafel Plate,37.6,0,2025-08-11
549,3,10,Falafel,37.84,0,2025-09-08
550,3,10,Taameya,38.15,0,2025-10-06
551,3,10,Falafel Plate,38.45,0,2025-10-20
552,3,10,Falafel,38.89,0,2025-11-03
553,3,10,Taameya,39.3,0,2025-11-17
554,3,10,Falafel,39.81,0,2025-12-15
555,3,10,Falafel Plate,38.55,1,2025-12-29
556,3,14,Hamam Mahshi,141.67,0,2024-01-01
557,3,14,Hamam Mahshi,135.14,1,2024-01-15
558,3,14,Pigeon Dish,136.5,0,2024-02-12
559,3,14,Pigeon Dish,137.98,0,2024-02-26
560,3,14,Stuffed Pigeon,131.88,1,2024-03-11
561,3,14,Hamam Mahshi,132.9,0,2024-04-08
562,3,14,Pigeon Dish,134.05,0,2024-04-22
563,3,14,Pigeon Dish,135.89,0,2024-05-06
564,3,14,Pigeon Dish,137.73,0,2024-05-20
565,3,14,Hamam Mahshi,139.56,0,2024-06-03
566,3,14,Pigeon Dish,140.41,0,2024-06-17
567,3,14,Pigeon Dish,136.57,0,2024-07-29
568,3,14,Stuffed Pigeon,137.82,0,2024-08-12
569,3,14,Pigeon Dish,136.1,0,2024-08-26
570,3,14,Hamam Mahshi,137.36,0,2024-09-23
571,3,14,Hamam Mahshi,138.62,0,2024-10-21
572,3,14,Pigeon Dish,140.31,0,2024-11-04
573,3,14,Hamam Mahshi,141.74,0,2024-11-18
574,3,14,Stuffed Pigeon,143.27,0,2024-12-16
575,3,14,Pigeon Dish,144.57,0,2024-12-30
576,3,14,Pigeon Dish,146.5,0,2025-01-13
577,3,14,Stuffed Pigeon,147.5,0,2025-03-10
578,3,14,Hamam Mahshi,149.59,0,2025-04-07
579,3,14,Pigeon Dish,150.41,0,2025-04-21
580,3,14,Pigeon Dish,151.93,0,2025-05-05
581,3,14,Pigeon Dish,152.76,0,2025-06-02
582,3,14,Pigeon Dish,154.39,0,2025-06-16
583,3,14,Hamam Mahshi,156.3,0,2025-06-30
584,3,14,Hamam Mahshi,158.06,0,2025-07-14
585,3,14,Hamam Mahshi,160.24,0,2025-07-28
586,3,14,Pigeon Dish,162.52,0,2025-08-11
587,3,14,Stuffed Pigeon,164.89,0,2025-08-25
588,3,14,Stuffed Pigeon,165.8,0,2025-09-08
589,3,14,Hamam Mahshi,167.71,0,2025-09-22
590,3,14,Stuffed Pigeon,169.95,0,2025-10-06
591,3,14,Pigeon Dish,172.12,0,2025-11-03
592,3,14,Stuffed Pigeon,174.17,0,2025-11-17
593,3,14,Hamam Mahshi,175.28,0,2025-12-15
594,4,33,BBQ Family Pack,591.82,0,2024-01-01
595,4,33,Mixed Grill Family,547.12,1,2024-01-15
596,4,33,BBQ Family Pack,509.66,1,2024-02-12
597,4,33,Mixed Grill Family,513.29,0,2024-02-26
598,4,33,Family Grill Box,483.39,1,2024-03-25
599,4,33,BBQ Family Pack,451.53,1,2024-05-20
600,4,33,Family Grill Box,457.15,0,2024-06-17
601,4,33,BBQ Family Pack,462.23,0,2024-07-29
602,4,33,Family Grill Box,464.59,0,2024-08-12
603,4,33,BBQ Family Pack,469.97,0,2024-08-26
604,4,33,BBQ Family Pack,475.64,0,2024-09-09
605,4,33,Family Grill Box,482.2,0,2024-09-23
606,4,33,Mixed Grill Family,438.2,1,2024-10-07
607,4,33,BBQ Family Pack,444.41,0,2024-10-21
608,4,33,Family Grill Box,420.36,1,2024-11-18
609,4,33,BBQ Family Pack,423.81,0,2024-12-02
610,4,33,Family Grill Box,420.14,0,2024-12-30
611,4,33,Mixed Grill Family,401.18,1,2025-01-13
612,4,33,BBQ Family Pack,403.81,0,2025-01-27
613,4,33,Family Grill Box,408.05,0,2025-02-24
614,4,33,Family Grill Box,381.03,1,2025-03-10
615,4,33,Mixed Grill Family,383.58,0,2025-04-07
616,4,33,Mixed Grill Family,352.8,1,2025-04-21
617,4,33,Mixed Grill Family,345.9,0,2025-05-05
618,4,33,BBQ Family Pack,343.08,0,2025-05-19
619,4,33,BBQ Family Pack,348.18,0,2025-06-02
620,4,33,Mixed Grill Family,351.93,0,2025-07-14
621,4,33,Mixed Grill Family,357.16,0,2025-07-28
622,4,33,Family Grill Box,359.52,0,2025-08-11
623,4,33,Family Grill Box,328.65,1,2025-08-25
624,4,33,Family Grill Box,330.39,0,2025-09-22
625,4,33,Family Grill Box,333.25,0,2025-10-20
626,4,33,Family Grill Box,314.2,1,2025-11-03
627,4,33,Family Grill Box,316.47,0,2025-11-17
628,4,33,Mixed Grill Family,320.68,0,2025-12-01
629,4,33,Family Grill Box,322.48,0,2025-12-15
630,4,33,BBQ Family Pack,326.39,0,2025-12-29
631,4,6,Beef Shawarma Wrap,157.95,0,2024-01-15
632,4,6,Meat Shawarma,158.91,0,2024-02-12
633,4,6,Meat Shawarma,160.72,0,2024-02-26
634,4,6,Beef Shawarma Wrap,151.17,1,2024-03-11
635,4,6,Shawarma Lahem,144.69,1,2024-04-22
636,4,6,Meat Shawarma,146.08,0,2024-05-20
637,4,6,Beef Shawarma Wrap,147.03,0,2024-06-03
638,4,6,Shawarma Lahem,148.64,0,2024-06-17
639,4,6,Beef Shawarma Wrap,138.87,1,2024-07-15
640,4,6,Meat Shawarma,140.01,0,2024-07-29
641,4,6,Shawarma Lahem,140.98,0,2024-08-12
642,4,6,Beef Shawarma Wrap,143.05,0,2024-08-26
643,4,6,Meat Shawarma,144.4,0,2024-09-09
644,4,6,Shawarma Lahem,146.1,0,2024-09-23
645,4,6,Shawarma Lahem,147.83,0,2024-10-07
646,4,6,Meat Shawarma,149.34,0,2024-11-04
647,4,6,Beef Shawarma Wrap,142.08,1,2024-11-18
648,4,6,Meat Shawarma,143.94,0,2024-12-16
649,4,6,Shawarma Lahem,145.29,0,2024-12-30
650,4,6,Meat Shawarma,136.04,1,2025-01-27
651,4,6,Shawarma Lahem,137.3,0,2025-02-10
652,4,6,Shawarma Lahem,138.08,0,2025-02-24
653,4,6,Meat Shawarma,129.51,1,2025-03-10
654,4,6,Beef Shawarma Wrap,130.71,0,2025-03-24
655,4,6,Meat Shawarma,131.74,0,2025-04-07
656,4,6,Shawarma Lahem,133.1,0,2025-04-21
657,4,6,Shawarma Lahem,126.94,1,2025-05-05
658,4,6,Beef Shawarma Wrap,128.48,0,2025-05-19
659,4,6,Meat Shawarma,129.34,0,2025-06-16
660,4,6,Beef Shawarma Wrap,130.28,0,2025-06-30
661,4,6,Meat Shawarma,131.37,0,2025-07-14
662,4,6,Meat Shawarma,132.16,0,2025-07-28
663,4,6,Beef Shawarma Wrap,133.86,0,2025-08-25
664,4,6,Shawarma Lahem,135.15,0,2025-09-08
665,4,6,Beef Shawarma Wrap,136.59,0,2025-09-22
666,4,6,Meat Shawarma,137.9,0,2025-10-06
667,4,6,Meat Shawarma,139.47,0,2025-11-03
668,4,6,Meat Shawarma,140.82,0,2025-12-01
669,4,6,Shawarma Lahem,142.87,0,2025-12-15
670,4,4,Grilled Liver,128.11,0,2024-01-01
671,4,4,Liver Sandwich Platter,129.02,0,2024-01-15
672,4,4,Grilled Liver,128.09,0,2024-01-29
673,4,4,Grilled Liver,128.89,0,2024-02-26
674,4,4,Grilled Liver,130.48,0,2024-03-11
675,4,4,Liver Sandwich Platter,119.95,1,2024-03-25
676,4,4,Spicy Liver,108.9,1,2024-04-08
677,4,4,Spicy Liver,110.31,0,2024-04-22
678,4,4,Spicy Liver,110.91,0,2024-05-06
679,4,4,Liver Sandwich Platter,108.4,0,2024-05-20
680,4,4,Spicy Liver,104.12,1,2024-06-03
681,4,4,Spicy Liver,104.95,0,2024-06-17
682,4,4,Spicy Liver,99.29,1,2024-07-15
683,4,4,Spicy Liver,100.43,0,2024-07-29
684,4,4,Spicy Liver,101.38,0,2024-08-12
685,4,4,Grilled Liver,102.04,0,2024-08-26
686,4,4,Liver Sandwich Platter,103.14,0,2024-09-23
687,4,4,Spicy Liver,104.09,0,2024-10-07
688,4,4,Spicy Liver,105.32,0,2024-11-04
689,4,4,Liver Sandwich Platter,103.67,0,2024-11-18
690,4,4,Spicy Liver,105.09,0,2024-12-16
691,4,4,Liver Sandwich Platter,96.37,1,2024-12-30
692,4,4,Spicy Liver,97.8,0,2025-01-27
693,4,4,Spicy Liver,94.89,0,2025-02-10
694,4,4,Grilled Liver,94.37,0,2025-02-24
695,4,4,Spicy Liver,95.26,0,2025-04-07
696,4,4,Grilled Liver,95.83,0,2025-04-21
697,4,4,Spicy Liver,96.54,0,2025-05-19
698,4,4,Liver Sandwich Platter,97.19,0,2025-06-16
699,4,4,Spicy Liver,98.19,0,2025-07-28
700,4,4,Grilled Liver,99.49,0,2025-09-08
701,4,4,Grilled Liver,94.26,1,2025-09-22
702,4,4,Grilled Liver,95.3,0,2025-10-06
703,4,4,Liver Sandwich Platter,96.69,0,2025-12-15
704,4,28,Om Ali,85.99,0,2024-01-01
705,4,28,Egyptian Bread Pudding,87.1,0,2024-01-15
706,4,28,Om Ali Dessert,88.11,0,2024-01-29
707,4,28,Egyptian Bread Pudding,88.94,0,2024-02-12
708,4,28,Om Ali,90.03,0,2024-02-26
709,4,28,Om Ali,90.48,0,2024-03-11
710,4,28,Om Ali,89.44,0,2024-03-25
711,4,28,Egyptian Bread Pudding,90.51,0,2024-04-22
712,4,28,Om Ali Dessert,91.33,0,2024-05-06
713,4,28,Om Ali,92.49,0,2024-05-20
714,4,28,Om Ali Dessert,93.59,0,2024-06-03
715,4,28,Om Ali,94.87,0,2024-06-17
716,4,28,Om Ali Dessert,96.23,0,2024-08-12
717,4,28,Om Ali,96.84,0,2024-08-26
718,4,28,Egyptian Bread Pudding,98.28,0,2024-09-09
719,4,28,Om Ali Dessert,99.51,0,2024-09-23
720,4,28,Om Ali Dessert,100.48,0,2024-10-07
721,4,28,Om Ali,101.69,0,2024-10-21
722,4,28,Egyptian Bread Pudding,103.07,0,2024-11-04
723,4,28,Egyptian Bread Pudding,103.86,0,2024-11-18
724,4,28,Om Ali Dessert,105.05,0,2024-12-02
725,4,28,Egyptian Bread Pudding,97.8,1,2024-12-16
726,4,28,Om Ali,98.73,0,2024-12-30
727,4,28,Egyptian Bread Pudding,99.78,0,2025-01-13
728,4,28,Egyptian Bread Pudding,100.54,0,2025-03-10
729,4,28,Egyptian Bread Pudding,101.48,0,2025-03-24
730,4,28,Om Ali,94.93,1,2025-04-07
731,4,28,Egyptian Bread Pudding,95.84,0,2025-04-21
732,4,28,Egyptian Bread Pudding,96.6,0,2025-05-05
733,4,28,Om Ali,97.92,0,2025-05-19
734,4,28,Om Ali,99.0,0,2025-06-30
735,4,28,Egyptian Bread Pudding,100.09,0,2025-07-28
736,4,28,Om Ali Dessert,101.55,0,2025-09-22
737,4,28,Om Ali,102.99,0,2025-10-20
738,4,28,Om Ali,104.41,0,2025-11-03
739,4,28,Egyptian Bread Pudding,98.33,1,2025-12-01
740,4,28,Egyptian Bread Pudding,99.28,0,2025-12-15
741,4,28,Om Ali Dessert,100.73,0,2025-12-29
742,4,50,Meat Shawarma Wrap,107.16,0,2024-01-01
743,4,50,Meat Roll,107.83,0,2024-01-15
744,4,50,Beef Shawarma Sandwich,108.46,0,2024-02-12
745,4,50,Meat Roll,98.38,1,2024-04-08
746,4,50,Meat Shawarma Wrap,99.38,0,2024-04-22
747,4,50,Beef Shawarma Sandwich,99.9,0,2024-05-20
748,4,50,Meat Shawarma Wrap,100.58,0,2024-06-03
749,4,50,Beef Shawarma Sandwich,101.43,0,2024-06-17
750,4,50,Meat Roll,98.54,0,2024-07-01
751,4,50,Beef Shawarma Sandwich,96.32,0,2024-07-29
752,4,50,Meat Roll,91.79,1,2024-08-12
753,4,50,Meat Roll,93.15,0,2024-10-07
754,4,50,Meat Roll,94.26,0,2024-10-21
755,4,50,Meat Roll,94.92,0,2024-11-04
756,4,50,Meat Roll,93.8,0,2024-12-16
757,4,50,Meat Shawarma Wrap,94.6,0,2024-12-30
758,4,50,Beef Shawarma Sandwich,95.32,0,2025-01-27
759,4,50,Meat Shawarma Wrap,96.17,0,2025-02-10
760,4,50,Meat Roll,97.02,0,2025-03-10
761,4,50,Meat Shawarma Wrap,97.98,0,2025-03-24
762,4,50,Meat Roll,99.26,0,2025-04-21
763,4,50,Meat Shawarma Wrap,100.17,0,2025-05-05
764,4,50,Beef Shawarma Sandwich,101.45,0,2025-05-19
765,4,50,Meat Shawarma Wrap,102.48,0,2025-06-02
766,4,50,Meat Shawarma Wrap,103.85,0,2025-06-16
767,4,50,Meat Shawarma Wrap,104.77,0,2025-06-30
768,4,50,Meat Roll,104.06,0,2025-07-14
769,4,50,Beef Shawarma Sandwich,102.4,0,2025-07-28
770,4,50,Beef Shawarma Sandwich,103.79,0,2025-08-11
771,4,50,Meat Shawarma Wrap,104.48,0,2025-09-08
772,4,50,Beef Shawarma Sandwich,106.02,0,2025-09-22
773,4,50,Meat Shawarma Wrap,95.93,1,2025-10-06
774,4,50,Meat Shawarma Wrap,87.46,1,2025-11-03
775,4,50,Meat Shawarma Wrap,88.25,0,2025-11-17
776,4,50,Beef Shawarma Sandwich,89.14,0,2025-12-01
777,4,50,Beef Shawarma Sandwich,87.56,0,2025-12-15
778,4,50,Meat Shawarma Wrap,88.78,0,2025-12-29
779,4,2,Kabab Platter,177.43,0,2024-01-01
780,4,2,Halal Kabab,174.47,0,2024-01-29
781,4,2,Halal Kabab,170.43,0,2024-02-12
782,4,2,Halal Kabab,162.32,1,2024-03-11
783,4,2,Halal Kabab,164.4,0,2024-03-25
784,4,2,Grilled Kabab,150.14,1,2024-04-08
785,4,2,Grilled Kabab,151.53,0,2024-04-22
786,4,2,Kabab Platter,153.53,0,2024-05-06
787,4,2,Kabab Platter,150.51,0,2024-05-20
788,4,2,Halal Kabab,151.37,0,2024-06-17
789,4,2,Grilled Kabab,146.4,1,2024-07-01
790,4,2,Halal Kabab,148.43,0,2024-07-29
791,4,2,Kabab Platter,146.14,0,2024-08-26
792,4,2,Kabab Platter,143.57,0,2024-09-23
793,4,2,Halal Kabab,145.27,0,2024-11-04
794,4,2,Halal Kabab,131.12,1,2024-11-18
795,4,2,Halal Kabab,128.06,0,2024-12-30
796,4,2,Halal Kabab,116.18,1,2025-01-13
797,4,2,Kabab Platter,116.85,0,2025-01-27
798,4,2,Kabab Platter,117.89,0,2025-02-10
799,4,2,Kabab Platter,119.47,0,2025-02-24
800,4,2,Grilled Kabab,120.74,0,2025-03-10
801,4,2,Kabab Platter,113.4,1,2025-03-24
802,4,2,Kabab Platter,114.14,0,2025-04-21
803,4,2,Kabab Platter,114.78,0,2025-05-05
804,4,2,Halal Kabab,116.01,0,2025-05-19
805,4,2,Kabab Platter,113.74,0,2025-06-02
806,4,2,Grilled Kabab,114.82,0,2025-06-30
807,4,2,Halal Kabab,116.1,0,2025-07-28
808,4,2,Kabab Platter,116.9,0,2025-08-11
809,4,2,Grilled Kabab,118.32,0,2025-09-08
810,4,2,Halal Kabab,119.65,0,2025-09-22
811,4,2,Grilled Kabab,121.4,0,2025-10-06
812,4,2,Halal Kabab,122.2,0,2025-10-20
813,4,2,Halal Kabab,110.71,1,2025-11-03
814,4,2,Grilled Kabab,112.37,0,2025-11-17
815,4,2,Kabab Platter,113.85,0,2025-12-01
816,4,2,Kabab Platter,115.01,0,2025-12-15
817,5,14,Stuffed Pigeon,137.61,1,2024-01-15
818,5,14,Stuffed Pigeon,138.75,0,2024-01-29
819,5,14,Pigeon Dish,139.75,0,2024-02-12
820,5,14,Pigeon Dish,141.42,0,2024-02-26
821,5,14,Stuffed Pigeon,142.57,0,2024-03-11
822,5,14,Pigeon Dish,144.44,0,2024-03-25
823,5,14,Pigeon Dish,143.53,0,2024-05-06
824,5,14,Stuffed Pigeon,145.33,0,2024-05-20
825,5,14,Hamam Mahshi,146.3,0,2024-06-03
826,5,14,Stuffed Pigeon,147.38,0,2024-06-17
827,5,14,Hamam Mahshi,148.38,0,2024-07-29
828,5,14,Hamam Mahshi,149.24,0,2024-08-26
829,5,14,Pigeon Dish,134.79,1,2024-09-09
830,5,14,Hamam Mahshi,135.6,0,2024-09-23
831,5,14,Stuffed Pigeon,122.52,1,2024-10-07
832,5,14,Hamam Mahshi,123.99,0,2024-10-21
833,5,14,Pigeon Dish,125.82,0,2024-11-04
834,5,14,Pigeon Dish,127.02,0,2024-11-18
835,5,14,Pigeon Dish,116.67,1,2024-12-02
836,5,14,Hamam Mahshi,117.37,0,2024-12-16
837,5,14,Stuffed Pigeon,118.5,0,2024-12-30
838,5,14,Hamam Mahshi,119.86,0,2025-01-13
839,5,14,Hamam Mahshi,121.43,0,2025-01-27
840,5,14,Hamam Mahshi,122.51,0,2025-02-10
841,5,14,Pigeon Dish,124.03,0,2025-03-10
842,5,14,Pigeon Dish,119.86,1,2025-03-24
843,5,14,Stuffed Pigeon,120.84,0,2025-05-19
844,5,14,Hamam Mahshi,122.62,0,2025-06-02
845,5,14,Pigeon Dish,119.39,0,2025-06-16
846,5,14,Pigeon Dish,119.99,0,2025-06-30
847,5,14,Hamam Mahshi,120.96,0,2025-07-14
848,5,14,Stuffed Pigeon,122.29,0,2025-08-11
849,5,14,Pigeon Dish,123.01,0,2025-09-22
850,5,14,Hamam Mahshi,114.98,1,2025-10-06
851,5,14,Pigeon Dish,116.16,0,2025-10-20
852,5,14,Stuffed Pigeon,115.23,0,2025-11-03
853,5,14,Hamam Mahshi,116.28,0,2025-12-15
854,5,8,Molokhia Dish,116.07,0,2024-01-15
855,5,8,Molokhia Dish,105.99,1,2024-01-29
856,5,8,Molokhia Dish,106.57,0,2024-02-12
857,5,8,Molokhia Dish,96.38,1,2024-02-26
858,5,8,Molokhia & Rice,92.84,1,2024-03-11
859,5,8,Molokhia & Rice,93.72,0,2024-03-25
860,5,8,Molokhia Dish,94.56,0,2024-04-08
861,5,8,Molokhia Dish,95.48,0,2024-04-22
862,5,8,Molokhia & Rice,96.62,0,2024-05-20
863,5,8,Green Soup,97.97,0,2024-07-01
864,5,8,Molokhia & Rice,99.19,0,2024-07-29
865,5,8,Molokhia & Rice,100.33,0,2024-08-12
866,5,8,Molokhia & Rice,101.03,0,2024-08-26
867,5,8,Green Soup,96.46,1,2024-09-23
868,5,8,Molokhia & Rice,97.18,0,2024-10-21
869,5,8,Molokhia Dish,98.38,0,2024-11-04
870,5,8,Molokhia & Rice,99.0,0,2024-12-02
871,5,8,Green Soup,100.14,0,2024-12-16
872,5,8,Green Soup,97.94,0,2024-12-30
873,5,8,Green Soup,98.77,0,2025-01-13
874,5,8,Molokhia & Rice,100.07,0,2025-01-27
875,5,8,Molokhia Dish,94.11,1,2025-02-10
876,5,8,Molokhia & Rice,95.14,0,2025-03-10
877,5,8,Molokhia & Rice,92.61,0,2025-04-21
878,5,8,Green Soup,90.94,0,2025-05-05
879,5,8,Molokhia & Rice,92.0,0,2025-05-19
880,5,8,Molokhia Dish,86.95,1,2025-06-02
881,5,8,Molokhia Dish,87.84,0,2025-06-30
882,5,8,Molokhia & Rice,88.6,0,2025-07-14
883,5,8,Green Soup,89.77,0,2025-07-28
884,5,8,Green Soup,90.78,0,2025-08-25
885,5,8,Green Soup,91.99,0,2025-09-08
886,5,8,Green Soup,92.87,0,2025-10-06
887,5,8,Molokhia & Rice,94.18,0,2025-11-17
888,5,8,Molokhia Dish,95.4,0,2025-12-01
889,5,53,Taameya Sandwich,29.87,1,2024-01-01
890,5,53,Falafel Sandwich,30.19,0,2024-01-15
891,5,53,Falafel Sandwich,30.5,0,2024-01-29
892,5,53,Falafel Sub,30.93,0,2024-02-12
893,5,53,Falafel Sandwich,29.48,1,2024-02-26
894,5,53,Falafel Sub,28.58,1,2024-03-25
895,5,53,Falafel Sandwich,28.77,0,2024-04-08
896,5,53,Taameya Sandwich,29.03,0,2024-04-22
897,5,53,Falafel Sub,28.7,0,2024-05-06
898,5,53,Taameya Sandwich,28.99,0,2024-05-20
899,5,53,Falafel Sub,28.01,1,2024-06-03
900,5,53,Falafel Sub,26.87,1,2024-06-17
901,5,53,Falafel Sandwich,27.27,0,2024-07-15
902,5,53,Falafel Sandwich,27.46,0,2024-07-29
903,5,53,Falafel Sandwich,27.69,0,2024-08-26
904,5,53,Falafel Sandwich,27.25,0,2024-09-09
905,5,53,Falafel Sub,27.4,0,2024-09-23
906,5,53,Taameya Sandwich,27.72,0,2024-10-07
907,5,53,Falafel Sub,27.0,0,2024-11-04
908,5,53,Falafel Sandwich,25.69,1,2024-11-18
909,5,53,Falafel Sandwich,25.82,0,2024-12-02
910,5,53,Taameya Sandwich,26.16,0,2024-12-16
911,5,53,Taameya Sandwich,26.52,0,2024-12-30
912,5,53,Falafel Sub,26.81,0,2025-01-13
913,5,53,Falafel Sub,24.14,1,2025-01-27
914,5,53,Falafel Sandwich,24.44,0,2025-02-10
915,5,53,Falafel Sub,24.61,0,2025-02-24
916,5,53,Falafel Sub,24.78,0,2025-03-10
917,5,53,Falafel Sub,25.02,0,2025-04-21
918,5,53,Falafel Sandwich,23.26,1,2025-05-19
919,5,53,Falafel Sandwich,23.54,0,2025-06-02
920,5,53,Falafel Sub,23.76,0,2025-07-28
921,5,53,Falafel Sandwich,24.06,0,2025-08-25
922,5,53,Falafel Sandwich,24.41,0,2025-09-08
923,5,53,Falafel Sub,24.55,0,2025-09-22
924,5,53,Falafel Sub,24.75,0,2025-10-20
925,5,53,Falafel Sandwich,24.94,0,2025-11-17
926,5,53,Falafel Sandwich,24.29,0,2025-12-15
927,5,53,Taameya Sandwich,24.46,0,2025-12-29
928,5,3,Roasted Chicken,162.87,0,2024-01-15
929,5,3,Grilled Chicken,164.7,0,2024-01-29
930,5,3,Half Chicken,165.6,0,2024-02-12
931,5,3,Roasted Chicken,159.47,1,2024-02-26
932,5,3,Half Chicken,161.32,0,2024-03-11
933,5,3,Half Chicken,155.94,1,2024-03-25
934,5,3,Half Chicken,157.19,0,2024-04-22
935,5,3,Half Chicken,158.29,0,2024-05-20
936,5,3,Roasted Chicken,153.17,1,2024-06-03
937,5,3,Grilled Chicken,155.07,0,2024-07-15
938,5,3,Roasted Chicken,156.21,0,2024-07-29
939,5,3,Roasted Chicken,158.25,0,2024-08-12
940,5,3,Grilled Chicken,159.87,0,2024-08-26
941,5,3,Half Chicken,160.89,0,2024-09-09
942,5,3,Roasted Chicken,163.14,0,2024-09-23
943,5,3,Half Chicken,164.15,0,2024-11-04
944,5,3,Roasted Chicken,159.3,0,2024-12-02
945,5,3,Grilled Chicken,153.18,1,2024-12-30
946,5,3,Half Chicken,154.96,0,2025-01-27
947,5,3,Half Chicken,156.23,0,2025-02-10
948,5,3,Roasted Chicken,158.16,0,2025-02-24
949,5,3,Grilled Chicken,159.4,0,2025-03-10
950,5,3,Grilled Chicken,161.74,0,2025-03-24
951,5,3,Half Chicken,163.91,0,2025-04-07
952,5,3,Half Chicken,165.57,0,2025-04-21
953,5,3,Half Chicken,167.35,0,2025-05-19
954,5,3,Roasted Chicken,152.64,1,2025-06-02
955,5,3,Half Chicken,153.71,0,2025-06-16
956,5,3,Roasted Chicken,155.09,0,2025-06-30
957,5,3,Half Chicken,156.41,0,2025-07-14
958,5,3,Grilled Chicken,157.31,0,2025-07-28
959,5,3,Roasted Chicken,159.06,0,2025-08-25
960,5,3,Half Chicken,160.46,0,2025-09-22
961,5,3,Roasted Chicken,149.68,1,2025-10-06
962,5,3,Half Chicken,150.84,0,2025-10-20
963,5,3,Half Chicken,152.25,0,2025-11-03
964,5,3,Half Chicken,153.57,0,2025-11-17
965,5,3,Half Chicken,155.77,0,2025-12-01
966,5,3,Roasted Chicken,154.65,0,2025-12-15
967,5,3,Grilled Chicken,156.29,0,2025-12-29
968,5,34,Family Chicken,572.03,0,2024-01-15
969,5,34,Chicken Family Meal,576.09,0,2024-01-29
970,5,34,Roasted Family Pack,581.18,0,2024-02-12
971,5,34,Chicken Family Meal,585.37,0,2024-03-11
972,5,34,Roasted Family Pack,567.97,0,2024-03-25
973,5,34,Roasted Family Pack,574.44,0,2024-04-08
974,5,34,Family Chicken,581.07,0,2024-04-22
975,5,34,Chicken Family Meal,584.72,0,2024-05-06
976,5,34,Roasted Family Pack,587.97,0,2024-06-03
977,5,34,Roasted Family Pack,592.76,0,2024-07-01
978,5,34,Roasted Family Pack,588.26,0,2024-08-12
979,5,34,Roasted Family Pack,594.42,0,2024-09-09
980,5,34,Roasted Family Pack,599.07,0,2024-10-21
981,5,34,Roasted Family Pack,607.61,0,2024-11-04
982,5,34,Roasted Family Pack,615.9,0,2024-12-02
983,5,34,Roasted Family Pack,621.5,0,2024-12-16
984,5,34,Roasted Family Pack,625.11,0,2025-01-13
985,5,34,Chicken Family Meal,630.03,0,2025-01-27
986,5,34,Family Chicken,638.82,0,2025-02-10
987,5,34,Roasted Family Pack,647.58,0,2025-03-24
988,5,34,Roasted Family Pack,653.67,0,2025-04-07
989,5,34,Family Chicken,645.27,0,2025-04-21
990,5,34,Family Chicken,650.32,0,2025-05-05
991,5,34,Family Chicken,657.11,0,2025-05-19
992,5,34,Family Chicken,608.65,1,2025-06-02
993,5,34,Roasted Family Pack,613.47,0,2025-06-30
994,5,34,Roasted Family Pack,621.03,0,2025-07-28
995,5,34,Chicken Family Meal,563.25,1,2025-08-25
996,5,34,Family Chicken,568.91,0,2025-09-08
997,5,34,Family Chicken,575.98,0,2025-09-22
998,5,34,Family Chicken,583.01,0,2025-10-06
999,5,34,Chicken Family Meal,568.39,0,2025-10-20
1000,5,34,Chicken Family Meal,574.84,0,2025-11-17
1001,5,34,Roasted Family Pack,580.61,0,2025-12-01
1002,5,34,Chicken Family Meal,535.23,1,2025-12-15
1003,5,34,Chicken Family Meal,539.18,0,2025-12-29
1004,5,2,Halal Kabab,148.13,0,2024-01-01
1005,5,2,Kabab Platter,138.25,1,2024-01-15
1006,5,2,Halal Kabab,139.5,0,2024-01-29
1007,5,2,Halal Kabab,141.53,0,2024-02-12
1008,5,2,Kabab Platter,142.72,0,2024-02-26
1009,5,2,Grilled Kabab,132.21,1,2024-03-11
1010,5,2,Kabab Platter,125.02,1,2024-04-08
1011,5,2,Grilled Kabab,126.14,0,2024-04-22
1012,5,2,Kabab Platter,121.26,1,2024-05-20
1013,5,2,Kabab Platter,113.18,1,2024-06-03
1014,5,2,Kabab Platter,114.83,0,2024-07-15
1015,5,2,Halal Kabab,115.87,0,2024-08-12
1016,5,2,Grilled Kabab,117.06,0,2024-08-26
1017,5,2,Grilled Kabab,118.61,0,2024-09-23
1018,5,2,Kabab Platter,119.69,0,2024-10-07
1019,5,2,Grilled Kabab,120.68,0,2024-10-21
1020,5,2,Halal Kabab,122.08,0,2024-11-04
1021,5,2,Kabab Platter,123.66,0,2024-11-18
1022,5,2,Kabab Platter,125.16,0,2024-12-02
1023,5,2,Grilled Kabab,126.14,0,2024-12-30
1024,5,2,Grilled Kabab,127.42,0,2025-01-13
1025,5,2,Kabab Platter,125.44,0,2025-01-27
1026,5,2,Grilled Kabab,126.76,0,2025-02-10
1027,5,2,Grilled Kabab,128.4,0,2025-03-10
1028,5,2,Halal Kabab,121.39,1,2025-04-07
1029,5,2,Grilled Kabab,122.13,0,2025-05-05
1030,5,2,Halal Kabab,123.18,0,2025-05-19
1031,5,2,Grilled Kabab,123.85,0,2025-06-02
1032,5,2,Kabab Platter,121.55,0,2025-06-16
1033,5,2,Grilled Kabab,122.22,0,2025-06-30
1034,5,2,Grilled Kabab,123.95,0,2025-07-14
1035,5,2,Grilled Kabab,124.8,0,2025-07-28
1036,5,2,Grilled Kabab,125.87,0,2025-08-25
1037,5,2,Grilled Kabab,127.6,0,2025-10-06
1038,5,2,Grilled Kabab,123.41,1,2025-10-20
1039,5,2,Halal Kabab,120.56,0,2025-11-17
1040,5,2,Kabab Platter,121.85,0,2025-12-15
1041,5,7,Shawarma Wrap,137.83,0,2024-01-15
1042,5,7,Shawarma Wrap,137.13,0,2024-02-12
1043,5,7,Chicken Shawarma,134.63,0,2024-03-11
1044,5,7,Chicken Shawarma,129.72,1,2024-03-25
1045,5,7,Chicken Shawarma,130.93,0,2024-04-08
1046,5,7,Crispy Shawarma,132.37,0,2024-04-22
1047,5,7,Shawarma Wrap,133.21,0,2024-05-06
1048,5,7,Chicken Shawarma,135.04,0,2024-05-20
1049,5,7,Chicken Shawarma,136.41,0,2024-06-03
1050,5,7,Crispy Shawarma,138.19,0,2024-06-17
1051,5,7,Chicken Shawarma,139.71,0,2024-07-01
1052,5,7,Shawarma Wrap,141.34,0,2024-07-15
1053,5,7,Shawarma Wrap,133.8,1,2024-07-29
1054,5,7,Chicken Shawarma,130.63,0,2024-08-26
1055,5,7,Chicken Shawarma,131.35,0,2024-09-09
1056,5,7,Crispy Shawarma,129.55,0,2024-09-23
1057,5,7,Shawarma Wrap,130.58,0,2024-10-07
1058,5,7,Chicken Shawarma,132.48,0,2024-10-21
1059,5,7,Crispy Shawarma,134.39,0,2024-12-16
1060,5,7,Chicken Shawarma,135.71,0,2024-12-30
1061,5,7,Shawarma Wrap,137.35,0,2025-01-13
1062,5,7,Chicken Shawarma,138.29,0,2025-01-27
1063,5,7,Crispy Shawarma,140.07,0,2025-02-10
1064,5,7,Chicken Shawarma,137.95,0,2025-02-24
1065,5,7,Crispy Shawarma,138.92,0,2025-03-10
1066,5,7,Shawarma Wrap,136.17,0,2025-03-24
1067,5,7,Shawarma Wrap,137.91,0,2025-04-07
1068,5,7,Crispy Shawarma,139.23,0,2025-04-21
1069,5,7,Crispy Shawarma,136.61,0,2025-05-05
1070,5,7,Crispy Shawarma,138.66,0,2025-06-02
1071,5,7,Crispy Shawarma,140.03,0,2025-06-16
1072,5,7,Chicken Shawarma,141.29,0,2025-07-14
1073,5,7,Crispy Shawarma,142.17,0,2025-07-28
1074,5,7,Shawarma Wrap,132.95,1,2025-08-25
1075,5,7,Chicken Shawarma,134.71,0,2025-10-06
1076,5,7,Chicken Shawarma,125.66,1,2025-10-20
1077,5,7,Chicken Shawarma,114.73,1,2025-11-03
1078,5,7,Crispy Shawarma,116.33,0,2025-12-01
1079,5,9,Ful Plate,38.67,0,2024-01-01
1080,5,9,Foul Medames,39.17,0,2024-01-15
1081,5,9,Ful Plate,36.01,1,2024-01-29
1082,5,9,Foul Medames,32.58,1,2024-02-12
1083,5,9,Egyptian Ful,32.79,0,2024-02-26
1084,5,9,Ful Plate,33.02,0,2024-03-11
1085,5,9,Egyptian Ful,33.35,0,2024-04-08
1086,5,9,Foul Medames,33.53,0,2024-04-22
1087,5,9,Ful Plate,31.93,1,2024-05-06
1088,5,9,Foul Medames,32.4,0,2024-05-20
1089,5,9,Foul Medames,32.63,0,2024-06-03
1090,5,9,Ful Plate,32.86,0,2024-06-17
1091,5,9,Egyptian Ful,33.09,0,2024-07-01
1092,5,9,Ful Plate,33.26,0,2024-07-29
1093,5,9,Foul Medames,33.53,0,2024-09-09
1094,5,9,Ful Plate,33.77,0,2024-10-07
1095,5,9,Foul Medames,34.08,0,2024-10-21
1096,5,9,Egyptian Ful,34.39,0,2024-11-04
1097,5,9,Ful Plate,34.8,0,2024-11-18
1098,5,9,Foul Medames,35.24,0,2024-12-02
1099,5,9,Ful Plate,35.48,0,2025-01-27
1100,5,9,Ful Plate,34.23,1,2025-03-10
1101,5,9,Ful Plate,34.54,0,2025-03-24
1102,5,9,Ful Plate,35.03,0,2025-04-21
1103,5,9,Egyptian Ful,35.27,0,2025-06-02
1104,5,9,Ful Plate,35.74,0,2025-06-16
1105,5,9,Egyptian Ful,36.2,0,2025-06-30
1106,5,9,Ful Plate,36.67,0,2025-07-14
1107,5,9,Ful Plate,33.66,1,2025-07-28
1108,5,9,Ful Plate,33.91,0,2025-08-11
1109,5,9,Foul Medames,34.39,0,2025-08-25
1110,5,9,Egyptian Ful,33.17,1,2025-09-08
1111,5,9,Foul Medames,32.81,0,2025-10-06
1112,5,9,Egyptian Ful,33.17,0,2025-10-20
1113,5,9,Foul Medames,33.42,0,2025-11-17
1114,5,9,Egyptian Ful,31.38,1,2025-12-01
1115,6,39,Crunchy Chicken,102.99,0,2024-01-01
1116,6,39,Crispy Chicken,104.23,0,2024-01-15
1117,6,39,Fried Chicken,105.66,0,2024-02-26
1118,6,39,Crispy Chicken,101.86,1,2024-03-11
1119,6,39,Crunchy Chicken,102.52,0,2024-05-20
1120,6,39,Fried Chicken,103.15,0,2024-06-17
1121,6,39,Crunchy Chicken,103.9,0,2024-07-01
1122,6,39,Crispy Chicken,102.02,0,2024-07-15
1123,6,39,Fried Chicken,103.06,0,2024-08-12
1124,6,39,Crispy Chicken,103.88,0,2024-08-26
1125,6,39,Crunchy Chicken,104.4,0,2024-09-09
1126,6,39,Crunchy Chicken,105.97,0,2024-09-23
1127,6,39,Crunchy Chicken,107.17,0,2024-10-21
1128,6,39,Crunchy Chicken,105.48,0,2024-11-04
1129,6,39,Fried Chicken,106.84,0,2024-12-02
1130,6,39,Fried Chicken,107.73,0,2024-12-30
1131,6,39,Crunchy Chicken,99.3,1,2025-01-13
1132,6,39,Crunchy Chicken,100.7,0,2025-02-10
1133,6,39,Crunchy Chicken,91.44,1,2025-03-10
1134,6,39,Fried Chicken,92.37,0,2025-03-24
1135,6,39,Crispy Chicken,93.1,0,2025-04-07
1136,6,39,Crunchy Chicken,93.63,0,2025-04-21
1137,6,39,Crispy Chicken,94.63,0,2025-05-05
1138,6,39,Crunchy Chicken,95.9,0,2025-05-19
1139,6,39,Crispy Chicken,96.98,0,2025-06-16
1140,6,39,Fried Chicken,98.32,0,2025-06-30
1141,6,39,Crunchy Chicken,99.78,0,2025-07-14
1142,6,39,Fried Chicken,100.65,0,2025-08-11
1143,6,39,Crunchy Chicken,101.31,0,2025-09-22
1144,6,39,Crunchy Chicken,102.65,0,2025-10-06
1145,6,39,Crunchy Chicken,96.54,1,2025-10-20
1146,6,39,Crispy Chicken,97.73,0,2025-11-03
1147,6,39,Crispy Chicken,98.26,0,2025-12-01
1148,6,39,Fried Chicken,99.05,0,2025-12-29
1149,6,40,Margherita,144.09,0,2024-01-15
1150,6,40,Margherita,138.31,1,2024-01-29
1151,6,40,Cheese Pizza,139.73,0,2024-02-12
1152,6,40,Classic Pizza,140.68,0,2024-03-11
1153,6,40,Cheese Pizza,130.02,1,2024-04-08
1154,6,40,Classic Pizza,130.69,0,2024-04-22
1155,6,40,Margherita,132.1,0,2024-05-06
1156,6,40,Classic Pizza,133.34,0,2024-05-20
1157,6,40,Cheese Pizza,126.56,1,2024-06-03
1158,6,40,Classic Pizza,121.03,1,2024-06-17
1159,6,40,Cheese Pizza,121.65,0,2024-07-15
1160,6,40,Classic Pizza,113.3,1,2024-07-29
1161,6,40,Margherita,114.94,0,2024-08-12
1162,6,40,Classic Pizza,116.62,0,2024-08-26
1163,6,40,Classic Pizza,110.92,1,2024-09-09
1164,6,40,Classic Pizza,107.52,1,2024-10-21
1165,6,40,Cheese Pizza,108.24,0,2024-11-04
1166,6,40,Classic Pizza,109.58,0,2024-12-02
1167,6,40,Cheese Pizza,111.22,0,2024-12-30
1168,6,40,Classic Pizza,112.27,0,2025-01-13
1169,6,40,Margherita,104.04,1,2025-01-27
1170,6,40,Margherita,105.49,0,2025-02-10
1171,6,40,Classic Pizza,106.22,0,2025-02-24
1172,6,40,Classic Pizza,104.68,0,2025-03-10
1173,6,40,Margherita,105.33,0,2025-04-21
1174,6,40,Margherita,106.59,0,2025-05-05
1175,6,40,Cheese Pizza,107.59,0,2025-05-19
1176,6,40,Cheese Pizza,108.83,0,2025-06-02
1177,6,40,Classic Pizza,98.04,1,2025-06-16
1178,6,40,Classic Pizza,99.44,0,2025-06-30
1179,6,40,Classic Pizza,100.39,0,2025-07-28
1180,6,40,Cheese Pizza,100.92,0,2025-08-11
1181,6,40,Margherita,102.13,0,2025-09-22
1182,6,40,Cheese Pizza,103.07,0,2025-10-06
1183,6,40,Classic Pizza,99.71,1,2025-11-17
1184,6,40,Margherita,92.3,1,2025-12-29
1185,6,50,Meat Roll,89.31,0,2024-01-01
1186,6,50,Beef Shawarma Sandwich,90.39,0,2024-01-29
1187,6,50,Meat Roll,91.56,0,2024-02-26
1188,6,50,Meat Shawarma Wrap,85.87,1,2024-03-11
1189,6,50,Meat Roll,77.4,1,2024-03-25
1190,6,50,Beef Shawarma Sandwich,73.3,1,2024-04-08
1191,6,50,Beef Shawarma Sandwich,74.03,0,2024-04-22
1192,6,50,Meat Roll,74.51,0,2024-05-06
1193,6,50,Beef Shawarma Sandwich,75.59,0,2024-05-20
1194,6,50,Meat Shawarma Wrap,74.54,0,2024-06-03
1195,6,50,Meat Shawarma Wrap,75.42,0,2024-07-15
1196,6,50,Meat Roll,69.16,1,2024-07-29
1197,6,50,Meat Roll,69.78,0,2024-08-12
1198,6,50,Beef Shawarma Sandwich,67.65,1,2024-08-26
1199,6,50,Beef Shawarma Sandwich,62.6,1,2024-09-09
1200,6,50,Beef Shawarma Sandwich,63.41,0,2024-10-07
1201,6,50,Meat Roll,64.34,0,2024-11-04
1202,6,50,Meat Shawarma Wrap,64.73,0,2024-12-02
1203,6,50,Beef Shawarma Sandwich,61.97,1,2024-12-16
1204,6,50,Meat Roll,62.72,0,2024-12-30
1205,6,50,Beef Shawarma Sandwich,63.22,0,2025-01-13
1206,6,50,Beef Shawarma Sandwich,63.95,0,2025-02-24
1207,6,50,Meat Shawarma Wrap,60.01,1,2025-03-10
1208,6,50,Meat Shawarma Wrap,60.33,0,2025-03-24
1209,6,50,Meat Shawarma Wrap,55.38,1,2025-04-07
1210,6,50,Beef Shawarma Sandwich,56.14,0,2025-04-21
1211,6,50,Meat Shawarma Wrap,56.54,0,2025-05-05
1212,6,50,Beef Shawarma Sandwich,57.07,0,2025-06-02
1213,6,50,Meat Shawarma Wrap,56.42,0,2025-06-16
1214,6,50,Meat Shawarma Wrap,53.85,1,2025-06-30
1215,6,50,Beef Shawarma Sandwich,51.63,1,2025-07-14
1216,6,50,Beef Shawarma Sandwich,52.03,0,2025-07-28
1217,6,50,Meat Roll,52.42,0,2025-08-11
1218,6,50,Meat Shawarma Wrap,53.07,0,2025-08-25
1219,6,50,Meat Roll,53.72,0,2025-09-22
1220,6,50,Beef Shawarma Sandwich,50.15,1,2025-10-20
1221,6,50,Meat Roll,50.82,0,2025-11-03
1222,6,50,Meat Roll,51.18,0,2025-11-17
1223,6,53,Falafel Sandwich,41.33,0,2024-01-01
1224,6,53,Falafel Sandwich,41.61,0,2024-01-15
1225,6,53,Falafel Sandwich,41.82,0,2024-01-29
1226,6,53,Taameya Sandwich,42.25,0,2024-03-11
1227,6,53,Falafel Sub,42.73,0,2024-03-25
1228,6,53,Falafel Sub,40.44,1,2024-04-08
1229,6,53,Taameya Sandwich,40.92,0,2024-05-20
1230,6,53,Falafel Sandwich,41.23,0,2024-06-03
1231,6,53,Falafel Sub,41.5,0,2024-06-17
1232,6,53,Falafel Sandwich,41.93,0,2024-07-01
1233,6,53,Falafel Sandwich,42.52,0,2024-07-15
1234,6,53,Falafel Sandwich,43.04,0,2024-07-29
1235,6,53,Falafel Sub,43.62,0,2024-08-12
1236,6,53,Taameya Sandwich,42.37,0,2024-08-26
1237,6,53,Falafel Sandwich,42.83,0,2024-09-09
1238,6,53,Falafel Sandwich,43.15,0,2024-09-23
1239,6,53,Taameya Sandwich,43.41,0,2024-10-21
1240,6,53,Falafel Sandwich,43.8,0,2024-11-04
1241,6,53,Taameya Sandwich,44.19,0,2024-11-18
1242,6,53,Taameya Sandwich,42.85,1,2024-12-02
1243,6,53,Falafel Sub,43.12,0,2024-12-30
1244,6,53,Falafel Sub,38.85,1,2025-02-10
1245,6,53,Falafel Sub,39.13,0,2025-02-24
1246,6,53,Taameya Sandwich,36.27,1,2025-03-10
1247,6,53,Falafel Sandwich,32.89,1,2025-03-24
1248,6,53,Falafel Sandwich,31.81,1,2025-04-07
1249,6,53,Falafel Sub,32.08,0,2025-04-21
1250,6,53,Falafel Sandwich,32.41,0,2025-05-05
1251,6,53,Taameya Sandwich,32.82,0,2025-06-30
1252,6,53,Taameya Sandwich,33.09,0,2025-07-14
1253,6,53,Falafel Sub,33.29,0,2025-08-11
1254,6,53,Taameya Sandwich,33.77,0,2025-08-25
1255,6,53,Falafel Sandwich,34.2,0,2025-09-08
1256,6,53,Taameya Sandwich,34.42,0,2025-09-22
1257,6,53,Taameya Sandwich,34.65,0,2025-10-20
1258,6,53,Falafel Sub,35.17,0,2025-11-17
1259,6,53,Taameya Sandwich,34.44,0,2025-12-01
1260,6,53,Taameya Sandwich,34.8,0,2025-12-15
1261,6,53,Falafel Sub,31.66,1,2025-12-29
1262,6,8,Molokhia & Rice,104.28,0,2024-01-01
1263,6,8,Green Soup,94.84,1,2024-01-15
1264,6,8,Molokhia & Rice,95.58,0,2024-02-26
1265,6,8,Molokhia Dish,94.42,0,2024-03-11
1266,6,8,Molokhia Dish,95.56,0,2024-03-25
1267,6,8,Molokhia & Rice,96.35,0,2024-04-08
1268,6,8,Molokhia & Rice,95.01,0,2024-04-22
1269,6,8,Molokhia Dish,95.6,0,2024-05-06
1270,6,8,Molokhia Dish,96.64,0,2024-06-03
1271,6,8,Green Soup,97.24,0,2024-06-17
1272,6,8,Molokhia & Rice,98.08,0,2024-07-01
1273,6,8,Molokhia & Rice,99.08,0,2024-07-15
1274,6,8,Molokhia Dish,97.1,0,2024-07-29
1275,6,8,Molokhia & Rice,91.37,1,2024-09-09
1276,6,8,Molokhia Dish,91.99,0,2024-09-23
1277,6,8,Green Soup,87.28,1,2024-10-21
1278,6,8,Molokhia Dish,88.1,0,2024-11-04
1279,6,8,Green Soup,89.29,0,2024-11-18
1280,6,8,Molokhia Dish,90.41,0,2024-12-02
1281,6,8,Green Soup,91.44,0,2024-12-16
1282,6,8,Molokhia Dish,92.18,0,2024-12-30
1283,6,8,Molokhia Dish,92.82,0,2025-01-13
1284,6,8,Molokhia & Rice,94.05,0,2025-01-27
1285,6,8,Molokhia & Rice,95.37,0,2025-02-24
1286,6,8,Molokhia Dish,87.51,1,2025-04-21
1287,6,8,Molokhia Dish,88.64,0,2025-05-05
1288,6,8,Green Soup,89.66,0,2025-06-02
1289,6,8,Molokhia Dish,90.69,0,2025-06-16
1290,6,8,Molokhia & Rice,91.54,0,2025-06-30
1291,6,8,Molokhia Dish,85.52,1,2025-08-11
1292,6,8,Molokhia & Rice,86.19,0,2025-08-25
1293,6,8,Molokhia Dish,87.11,0,2025-09-08
1294,6,8,Molokhia & Rice,87.97,0,2025-10-20
1295,6,8,Molokhia & Rice,84.43,1,2025-11-03
1296,6,8,Molokhia Dish,84.92,0,2025-11-17
1297,6,8,Green Soup,85.57,0,2025-12-01
1298,6,8,Molokhia & Rice,84.78,0,2025-12-29
1299,7,11,Classic Koshari,76.95,0,2024-01-01
1300,7,11,Classic Koshari,74.6,1,2024-01-15
1301,7,11,Koshari,75.27,0,2024-01-29
1302,7,11,Egyptian Koshari,76.02,0,2024-02-26
1303,7,11,Koshari,71.08,1,2024-03-11
1304,7,11,Classic Koshari,70.47,0,2024-03-25
1305,7,11,Koshari,71.4,0,2024-04-08
1306,7,11,Egyptian Koshari,72.13,0,2024-06-03
1307,7,11,Egyptian Koshari,73.04,0,2024-06-17
1308,7,11,Classic Koshari,73.88,0,2024-07-01
1309,7,11,Classic Koshari,71.24,1,2024-07-15
1310,7,11,Egyptian Koshari,71.67,0,2024-07-29
1311,7,11,Koshari,72.44,0,2024-08-12
1312,7,11,Egyptian Koshari,71.78,0,2024-09-09
1313,7,11,Koshari,72.79,0,2024-10-07
1314,7,11,Egyptian Koshari,68.9,1,2024-10-21
1315,7,11,Classic Koshari,69.74,0,2024-11-04
1316,7,11,Egyptian Koshari,70.37,0,2024-11-18
1317,7,11,Classic Koshari,71.25,0,2024-12-16
1318,7,11,Koshari,72.04,0,2024-12-30
1319,7,11,Koshari,72.7,0,2025-01-13
1320,7,11,Koshari,73.63,0,2025-01-27
1321,7,11,Classic Koshari,71.23,1,2025-02-10
1322,7,11,Egyptian Koshari,69.11,0,2025-02-24
1323,7,11,Egyptian Koshari,69.72,0,2025-03-10
1324,7,11,Egyptian Koshari,70.34,0,2025-04-07
1325,7,11,Koshari,69.22,0,2025-04-21
1326,7,11,Egyptian Koshari,65.82,1,2025-05-05
1327,7,11,Egyptian Koshari,66.51,0,2025-05-19
1328,7,11,Classic Koshari,60.25,1,2025-06-02
1329,7,11,Koshari,60.81,0,2025-07-14
1330,7,11,Koshari,55.68,1,2025-08-11
1331,7,11,Classic Koshari,52.96,1,2025-08-25
1332,7,11,Egyptian Koshari,52.56,0,2025-09-22
1333,7,11,Koshari,52.97,0,2025-10-06
1334,7,11,Classic Koshari,48.7,1,2025-10-20
1335,7,11,Koshari,49.41,0,2025-11-03
1336,7,11,Egyptian Koshari,50.1,0,2025-11-17
1337,7,11,Egyptian Koshari,49.13,0,2025-12-15
1338,7,11,Koshari,49.49,0,2025-12-29
1339,7,10,Falafel Plate,50.43,0,2024-01-01
1340,7,10,Falafel,50.72,0,2024-01-15
1341,7,10,Taameya,51.16,0,2024-01-29
1342,7,10,Falafel,51.79,0,2024-02-12
1343,7,10,Taameya,52.47,0,2024-03-25
1344,7,10,Falafel,53.23,0,2024-04-08
1345,7,10,Falafel,53.88,0,2024-04-22
1346,7,10,Falafel,54.18,0,2024-05-06
1347,7,10,Taameya,54.99,0,2024-05-20
1348,7,10,Falafel,52.15,1,2024-06-17
1349,7,10,Falafel,48.15,1,2024-07-01
1350,7,10,Taameya,48.7,0,2024-07-15
1351,7,10,Falafel,49.3,0,2024-07-29
1352,7,10,Falafel,49.69,0,2024-08-12
1353,7,10,Taameya,49.98,0,2024-08-26
1354,7,10,Falafel,50.3,0,2024-09-23
1355,7,10,Falafel Plate,50.69,0,2024-10-07
1356,7,10,Taameya,50.98,0,2024-10-21
1357,7,10,Falafel Plate,49.5,0,2024-11-04
1358,7,10,Falafel Plate,49.97,0,2024-11-18
1359,7,10,Falafel Plate,50.55,0,2024-12-02
1360,7,10,Taameya,50.81,0,2025-02-10
1361,7,10,Falafel Plate,51.2,0,2025-02-24
1362,7,10,Falafel,51.89,0,2025-03-10
1363,7,10,Falafel Plate,50.73,0,2025-03-24
1364,7,10,Falafel,51.43,0,2025-04-07
1365,7,10,Falafel,51.81,0,2025-04-21
1366,7,10,Falafel Plate,52.12,0,2025-05-05
1367,7,10,Falafel Plate,52.6,0,2025-05-19
1368,7,10,Taameya,49.53,1,2025-06-02
1369,7,10,Falafel,50.22,0,2025-06-30
1370,7,10,Falafel,50.8,0,2025-07-28
1371,7,10,Falafel,51.51,0,2025-08-11
1372,7,10,Falafel Plate,51.83,0,2025-08-25
1373,7,10,Falafel Plate,52.45,0,2025-09-08
1374,7,10,Falafel Plate,49.06,1,2025-09-22
1375,7,10,Falafel,49.69,0,2025-10-20
1376,7,10,Falafel Plate,48.27,0,2025-11-03
1377,7,10,Falafel Plate,47.75,0,2025-11-17
1378,7,2,Grilled Kabab,155.3,1,2024-01-15
1379,7,2,Halal Kabab,156.79,0,2024-01-29
1380,7,2,Kabab Platter,158.53,0,2024-02-12
1381,7,2,Halal Kabab,160.2,0,2024-02-26
1382,7,2,Kabab Platter,162.48,0,2024-03-11
1383,7,2,Kabab Platter,164.08,0,2024-03-25
1384,7,2,Kabab Platter,156.53,1,2024-04-08
1385,7,2,Grilled Kabab,143.52,1,2024-04-22
1386,7,2,Kabab Platter,144.38,0,2024-05-20
1387,7,2,Halal Kabab,132.34,1,2024-06-17
1388,7,2,Halal Kabab,128.52,0,2024-07-01
1389,7,2,Kabab Platter,129.94,0,2024-07-15
1390,7,2,Kabab Platter,130.84,0,2024-08-26
1391,7,2,Grilled Kabab,131.62,0,2024-10-07
1392,7,2,Halal Kabab,133.18,0,2024-10-21
1393,7,2,Grilled Kabab,135.11,0,2024-11-04
1394,7,2,Halal Kabab,136.92,0,2024-11-18
1395,7,2,Halal Kabab,137.68,0,2024-12-02
1396,7,2,Kabab Platter,139.35,0,2024-12-16
1397,7,2,Grilled Kabab,135.82,0,2024-12-30
1398,7,2,Halal Kabab,137.49,0,2025-01-13
1399,7,2,Kabab Platter,138.28,0,2025-01-27
1400,7,2,Halal Kabab,139.44,0,2025-02-10
1401,7,2,Kabab Platter,140.28,0,2025-03-10
1402,7,2,Halal Kabab,125.18,1,2025-03-24
1403,7,2,Grilled Kabab,126.19,0,2025-04-07
1404,7,2,Halal Kabab,127.37,0,2025-05-05
1405,7,2,Kabab Platter,119.05,1,2025-05-19
1406,7,2,Grilled Kabab,119.77,0,2025-06-30
1407,7,2,Grilled Kabab,120.49,0,2025-07-14
1408,7,2,Grilled Kabab,121.74,0,2025-08-11
1409,7,2,Kabab Platter,123.19,0,2025-08-25
1410,7,2,Halal Kabab,124.63,0,2025-09-08
1411,7,2,Halal Kabab,126.11,0,2025-09-22
1412,7,2,Kabab Platter,127.39,0,2025-10-06
1413,7,2,Kabab Platter,124.25,0,2025-10-20
1414,7,2,Halal Kabab,124.93,0,2025-11-03
1415,7,2,Kabab Platter,126.77,0,2025-12-01
1416,7,2,Halal Kabab,127.52,0,2025-12-15
1417,7,2,Kabab Platter,128.25,0,2025-12-29
1418,7,39,Crunchy Chicken,127.33,0,2024-01-01
1419,7,39,Crunchy Chicken,128.61,0,2024-01-15
1420,7,39,Fried Chicken,130.26,0,2024-01-29
1421,7,39,Fried Chicken,131.46,0,2024-02-12
1422,7,39,Crispy Chicken,132.99,0,2024-02-26
1423,7,39,Fried Chicken,125.65,1,2024-03-25
1424,7,39,Crunchy Chicken,127.2,0,2024-04-22
1425,7,39,Crunchy Chicken,128.27,0,2024-06-03
1426,7,39,Crispy Chicken,129.23,0,2024-06-17
1427,7,39,Crispy Chicken,130.96,0,2024-07-29
1428,7,39,Fried Chicken,131.98,0,2024-08-12
1429,7,39,Fried Chicken,133.87,0,2024-09-09
1430,7,39,Crunchy Chicken,135.78,0,2024-11-04
1431,7,39,Crunchy Chicken,137.59,0,2024-11-18
1432,7,39,Crispy Chicken,139.42,0,2024-12-02
1433,7,39,Crunchy Chicken,140.79,0,2024-12-16
1434,7,39,Fried Chicken,142.16,0,2025-01-27
1435,7,39,Crunchy Chicken,143.58,0,2025-02-10
1436,7,39,Fried Chicken,145.67,0,2025-02-24
1437,7,39,Crispy Chicken,146.97,0,2025-03-10
1438,7,39,Crunchy Chicken,147.71,0,2025-03-24
1439,7,39,Crunchy Chicken,148.9,0,2025-04-21
1440,7,39,Crispy Chicken,149.8,0,2025-05-05
1441,7,39,Crispy Chicken,150.65,0,2025-05-19
1442,7,39,Fried Chicken,151.75,0,2025-06-02
1443,7,39,Fried Chicken,153.0,0,2025-06-16
1444,7,39,Crispy Chicken,154.81,0,2025-06-30
1445,7,39,Fried Chicken,142.19,1,2025-07-28
1446,7,39,Crispy Chicken,143.91,0,2025-08-11
1447,7,39,Crunchy Chicken,145.9,0,2025-08-25
1448,7,39,Crispy Chicken,147.36,0,2025-09-22
1449,7,39,Crispy Chicken,148.67,0,2025-10-06
1450,7,39,Fried Chicken,150.4,0,2025-10-20
1451,7,39,Fried Chicken,152.41,0,2025-11-03
1452,7,39,Crispy Chicken,153.8,0,2025-12-29
1453,7,5,Grill Combo,222.42,1,2024-01-01
1454,7,5,Mixed Grill Platter,223.68,0,2024-01-15
1455,7,5,Grill Combo,226.55,0,2024-01-29
1456,7,5,Mixed Grill Platter,220.88,0,2024-02-26
1457,7,5,Grill Combo,223.05,0,2024-03-11
1458,7,5,Mixed Grill Platter,224.98,0,2024-03-25
1459,7,5,Mixed Grill Platter,215.77,1,2024-05-06
1460,7,5,Grill Combo,218.67,0,2024-06-03
1461,7,5,BBQ Mix,221.38,0,2024-07-01
1462,7,5,BBQ Mix,224.46,0,2024-07-29
1463,7,5,Grill Combo,225.67,0,2024-08-26
1464,7,5,Mixed Grill Platter,227.93,0,2024-09-09
1465,7,5,Grill Combo,229.58,0,2024-09-23
1466,7,5,BBQ Mix,231.77,0,2024-10-07
1467,7,5,Grill Combo,229.63,0,2024-10-21
1468,7,5,BBQ Mix,231.41,0,2024-12-30
1469,7,5,Grill Combo,233.38,0,2025-01-13
1470,7,5,Mixed Grill Platter,235.17,0,2025-02-24
1471,7,5,Grill Combo,225.14,1,2025-03-10
1472,7,5,Mixed Grill Platter,227.46,0,2025-03-24
1473,7,5,BBQ Mix,206.11,1,2025-04-07
1474,7,5,BBQ Mix,208.17,0,2025-04-21
1475,7,5,Mixed Grill Platter,210.72,0,2025-05-05
1476,7,5,Mixed Grill Platter,213.43,0,2025-05-19
1477,7,5,BBQ Mix,215.01,0,2025-06-02
1478,7,5,Grill Combo,217.48,0,2025-06-30
1479,7,5,BBQ Mix,219.36,0,2025-07-14
1480,7,5,BBQ Mix,222.42,0,2025-07-28
1481,7,5,BBQ Mix,225.04,0,2025-08-11
1482,7,5,Grill Combo,211.57,1,2025-09-08
1483,7,5,BBQ Mix,197.03,1,2025-09-22
1484,7,5,Mixed Grill Platter,198.89,0,2025-10-06
1485,7,5,Mixed Grill Platter,201.2,0,2025-10-20
1486,7,5,BBQ Mix,202.81,0,2025-11-03
1487,7,5,Mixed Grill Platter,205.2,0,2025-11-17
1488,7,5,BBQ Mix,206.87,0,2025-12-01
1489,7,30,Ramadan Pancake,76.07,1,2024-01-01
1490,7,30,Ramadan Pancake,77.02,0,2024-01-15
1491,7,30,Ramadan Pancake,77.53,0,2024-01-29
1492,7,30,Qatayef,78.23,0,2024-02-12
1493,7,30,Qatayef,78.88,0,2024-02-26
1494,7,30,Ramadan Pancake,79.89,0,2024-03-11
1495,7,30,Sweet Qatayef,80.92,0,2024-03-25
1496,7,30,Qatayef,81.49,0,2024-05-06
1497,7,30,Ramadan Pancake,82.41,0,2024-06-17
1498,7,30,Sweet Qatayef,83.27,0,2024-07-01
1499,7,30,Sweet Qatayef,84.46,0,2024-08-12
1500,7,30,Sweet Qatayef,85.2,0,2024-08-26
1501,7,30,Qatayef,86.12,0,2024-09-09
1502,7,30,Qatayef,87.22,0,2024-09-23
1503,7,30,Qatayef,87.7,0,2024-10-21
1504,7,30,Qatayef,88.8,0,2024-11-04
1505,7,30,Qatayef,89.74,0,2024-11-18
1506,7,30,Ramadan Pancake,90.98,0,2024-12-16
1507,7,30,Sweet Qatayef,88.21,1,2024-12-30
1508,7,30,Qatayef,89.12,0,2025-01-13
1509,7,30,Sweet Qatayef,90.16,0,2025-02-10
1510,7,30,Ramadan Pancake,83.74,1,2025-03-24
1511,7,30,Qatayef,81.83,0,2025-04-07
1512,7,30,Qatayef,76.03,1,2025-04-21
1513,7,30,Sweet Qatayef,76.89,0,2025-05-05
1514,7,30,Sweet Qatayef,78.03,0,2025-05-19
1515,7,30,Ramadan Pancake,78.47,0,2025-06-16
1516,7,30,Ramadan Pancake,79.03,0,2025-06-30
1517,7,30,Qatayef,79.89,0,2025-07-14
1518,7,30,Ramadan Pancake,77.25,1,2025-07-28
1519,7,30,Qatayef,78.23,0,2025-08-11
1520,7,30,Sweet Qatayef,79.37,0,2025-09-22
1521,7,30,Sweet Qatayef,78.25,0,2025-10-06
1522,7,30,Qatayef,79.13,0,2025-10-20
1523,7,30,Sweet Qatayef,71.22,1,2025-11-03
1524,7,30,Sweet Qatayef,70.48,0,2025-12-01
1525,7,30,Qatayef,66.69,1,2025-12-15
1526,7,30,Qatayef,65.15,0,2025-12-29
1527,7,37,Chicken Burger,128.62,0,2024-01-01
1528,7,37,Spicy Chicken Burger,130.07,0,2024-01-15
1529,7,37,Spicy Chicken Burger,131.32,0,2024-02-26
1530,7,37,Spicy Chicken Burger,120.98,1,2024-03-25
1531,7,37,Chicken Burger,110.39,1,2024-04-08
1532,7,37,Spicy Chicken Burger,111.51,0,2024-04-22
1533,7,37,Chicken Burger,112.24,0,2024-06-03
1534,7,37,Crispy Chicken Burger,103.61,1,2024-06-17
1535,7,37,Chicken Burger,100.69,0,2024-07-01
1536,7,37,Crispy Chicken Burger,97.23,1,2024-07-15
1537,7,37,Chicken Burger,98.37,0,2024-07-29
1538,7,37,Crispy Chicken Burger,96.76,0,2024-08-12
1539,7,37,Crispy Chicken Burger,97.69,0,2024-08-26
1540,7,37,Crispy Chicken Burger,98.93,0,2024-09-23
1541,7,37,Chicken Burger,100.02,0,2024-10-07
1542,7,37,Chicken Burger,100.83,0,2024-10-21
1543,7,37,Chicken Burger,101.92,0,2024-11-04
1544,7,37,Spicy Chicken Burger,94.76,1,2024-11-18
1545,7,37,Spicy Chicken Burger,90.51,1,2024-12-30
1546,7,37,Crispy Chicken Burger,87.26,1,2025-01-27
1547,7,37,Spicy Chicken Burger,88.1,0,2025-02-10
1548,7,37,Chicken Burger,89.38,0,2025-02-24
1549,7,37,Spicy Chicken Burger,90.22,0,2025-03-10
1550,7,37,Spicy Chicken Burger,91.15,0,2025-04-07
1551,7,37,Chicken Burger,85.01,1,2025-05-05
1552,7,37,Crispy Chicken Burger,85.61,0,2025-05-19
1553,7,37,Spicy Chicken Burger,86.77,0,2025-06-16
1554,7,37,Spicy Chicken Burger,87.53,0,2025-06-30
1555,7,37,Crispy Chicken Burger,88.21,0,2025-07-14
1556,7,37,Chicken Burger,89.4,0,2025-07-28
1557,7,37,Crispy Chicken Burger,90.0,0,2025-08-25
1558,7,37,Crispy Chicken Burger,90.75,0,2025-09-08
1559,7,37,Crispy Chicken Burger,91.88,0,2025-09-22
1560,7,37,Crispy Chicken Burger,93.18,0,2025-10-06
1561,7,37,Chicken Burger,94.44,0,2025-11-03
1562,7,37,Crispy Chicken Burger,95.5,0,2025-11-17
1563,7,37,Spicy Chicken Burger,96.41,0,2025-12-15
1564,7,37,Crispy Chicken Burger,97.79,0,2025-12-29
1565,7,55,Lamb Ribs,259.31,0,2024-01-01
1566,7,55,Lamb Chops,262.98,0,2024-01-15
1567,7,55,Grilled Lamb,259.15,0,2024-02-26
1568,7,55,Lamb Ribs,261.18,0,2024-03-11
1569,7,55,Lamb Chops,235.48,1,2024-03-25
1570,7,55,Lamb Ribs,216.71,1,2024-04-08
1571,7,55,Lamb Ribs,218.94,0,2024-04-22
1572,7,55,Grilled Lamb,220.12,0,2024-05-06
1573,7,55,Lamb Ribs,221.63,0,2024-05-20
1574,7,55,Lamb Chops,205.89,1,2024-06-03
1575,7,55,Lamb Chops,208.42,0,2024-06-17
1576,7,55,Lamb Ribs,209.51,0,2024-07-01
1577,7,55,Grilled Lamb,212.38,0,2024-07-29
1578,7,55,Lamb Chops,213.53,0,2024-08-26
1579,7,55,Grilled Lamb,215.13,0,2024-09-23
1580,7,55,Lamb Chops,217.0,0,2024-10-07
1581,7,55,Grilled Lamb,218.54,0,2024-10-21
1582,7,55,Grilled Lamb,199.03,1,2024-11-18
1583,7,55,Lamb Chops,201.97,0,2024-12-02
1584,7,55,Grilled Lamb,203.97,0,2024-12-30
1585,7,55,Lamb Ribs,202.09,0,2025-01-27
1586,7,55,Lamb Chops,204.45,0,2025-04-21
1587,7,55,Lamb Chops,206.44,0,2025-05-05
1588,7,55,Grilled Lamb,208.03,0,2025-05-19
1589,7,55,Lamb Ribs,209.18,0,2025-06-16
1590,7,55,Lamb Chops,210.64,0,2025-07-14
1591,7,55,Lamb Ribs,213.51,0,2025-07-28
1592,7,55,Lamb Ribs,216.33,0,2025-09-08
1593,7,55,Lamb Ribs,218.8,0,2025-09-22
1594,7,55,Lamb Chops,215.25,0,2025-10-20
1595,7,55,Grilled Lamb,207.68,1,2025-11-03
1596,7,55,Lamb Chops,210.26,0,2025-11-17
1597,7,55,Grilled Lamb,193.27,1,2025-12-01
1598,7,55,Grilled Lamb,188.99,0,2025-12-15
1599,7,49,Chicken Roll,85.07,0,2024-01-01
1600,7,49,Chicken Roll,86.13,0,2024-02-12
1601,7,49,Shawarma Sandwich,86.6,0,2024-03-25
1602,7,49,Chicken Shawarma Wrap,87.7,0,2024-04-22
1603,7,49,Chicken Shawarma Wrap,85.91,0,2024-05-06
1604,7,49,Chicken Roll,86.54,0,2024-05-20
1605,7,49,Shawarma Sandwich,87.27,0,2024-06-03
1606,7,49,Chicken Shawarma Wrap,88.32,0,2024-06-17
1607,7,49,Chicken Roll,86.92,0,2024-07-01
1608,7,49,Chicken Roll,87.9,0,2024-07-15
1609,7,49,Chicken Shawarma Wrap,88.35,0,2024-08-26
1610,7,49,Chicken Shawarma Wrap,89.34,0,2024-09-23
1611,7,49,Chicken Shawarma Wrap,82.37,1,2024-10-07
1612,7,49,Shawarma Sandwich,83.53,0,2024-11-04
1613,7,49,Shawarma Sandwich,84.07,0,2024-11-18
1614,7,49,Chicken Shawarma Wrap,84.56,0,2024-12-02
1615,7,49,Chicken Shawarma Wrap,85.72,0,2024-12-16
1616,7,49,Chicken Shawarma Wrap,86.25,0,2025-01-13
1617,7,49,Shawarma Sandwich,78.26,1,2025-01-27
1618,7,49,Chicken Shawarma Wrap,79.21,0,2025-02-10
1619,7,49,Chicken Shawarma Wrap,79.63,0,2025-02-24
1620,7,49,Shawarma Sandwich,72.67,1,2025-03-24
1621,7,49,Chicken Shawarma Wrap,71.08,0,2025-04-07
1622,7,49,Chicken Shawarma Wrap,71.9,0,2025-04-21
1623,7,49,Chicken Roll,72.92,0,2025-05-05
1624,7,49,Shawarma Sandwich,73.59,0,2025-05-19
1625,7,49,Chicken Roll,74.08,0,2025-06-02
1626,7,49,Chicken Shawarma Wrap,75.08,0,2025-06-16
1627,7,49,Shawarma Sandwich,75.48,0,2025-07-14
1628,7,49,Chicken Roll,76.16,0,2025-08-25
1629,7,49,Shawarma Sandwich,75.15,0,2025-09-08
1630,7,49,Chicken Roll,73.44,0,2025-09-22
1631,7,49,Shawarma Sandwich,67.38,1,2025-10-06
1632,7,49,Shawarma Sandwich,68.28,0,2025-10-20
1633,7,49,Chicken Roll,68.96,0,2025-11-03
1634,7,49,Chicken Shawarma Wrap,69.86,0,2025-11-17
1635,7,49,Chicken Roll,66.72,1,2025-12-01
1636,7,51,Giblets Sandwich,70.12,0,2024-01-01
1637,7,51,Giblets Sandwich,71.11,0,2024-01-15
1638,7,51,Spicy Liver Sub,67.07,1,2024-01-29
1639,7,51,Spicy Liver Sub,68.06,0,2024-02-12
1640,7,51,Giblets Sandwich,68.78,0,2024-02-26
1641,7,51,Spicy Liver Sub,63.19,1,2024-03-11
1642,7,51,Giblets Sandwich,63.86,0,2024-03-25
1643,7,51,Spicy Liver Sub,64.28,0,2024-04-08
1644,7,51,Spicy Liver Sub,63.12,0,2024-04-22
1645,7,51,Liver Sandwich,63.71,0,2024-05-20
1646,7,51,Liver Sandwich,64.66,0,2024-06-03
1647,7,51,Giblets Sandwich,65.22,0,2024-07-29
1648,7,51,Spicy Liver Sub,65.78,0,2024-08-12
1649,7,51,Liver Sandwich,66.29,0,2024-10-07
1650,7,51,Giblets Sandwich,61.24,1,2024-11-04
1651,7,51,Liver Sandwich,61.71,0,2024-11-18
1652,7,51,Liver Sandwich,62.02,0,2024-12-02
1653,7,51,Spicy Liver Sub,56.58,1,2024-12-16
1654,7,51,Spicy Liver Sub,57.33,0,2024-12-30
1655,7,51,Giblets Sandwich,58.19,0,2025-01-27
1656,7,51,Giblets Sandwich,59.02,0,2025-03-10
1657,7,51,Giblets Sandwich,59.83,0,2025-03-24
1658,7,51,Giblets Sandwich,57.36,1,2025-04-07
1659,7,51,Giblets Sandwich,54.27,1,2025-05-05
1660,7,51,Spicy Liver Sub,54.7,0,2025-06-02
1661,7,51,Liver Sandwich,50.95,1,2025-06-16
1662,7,51,Spicy Liver Sub,51.38,0,2025-06-30
1663,7,51,Spicy Liver Sub,51.72,0,2025-07-14
1664,7,51,Spicy Liver Sub,52.4,0,2025-08-25
1665,7,51,Spicy Liver Sub,52.79,0,2025-09-08
1666,7,51,Giblets Sandwich,53.43,0,2025-09-22
1667,7,51,Liver Sandwich,49.33,1,2025-10-20
1668,7,51,Giblets Sandwich,49.74,0,2025-12-01
1669,7,51,Giblets Sandwich,50.1,0,2025-12-29
1670,8,39,Fried Chicken,127.55,0,2024-01-01
1671,8,39,Crunchy Chicken,129.46,0,2024-01-15
1672,8,39,Crispy Chicken,131.13,0,2024-01-29
1673,8,39,Fried Chicken,132.1,0,2024-02-12
1674,8,39,Fried Chicken,126.1,1,2024-02-26
1675,8,39,Fried Chicken,127.47,0,2024-03-11
1676,8,39,Fried Chicken,116.5,1,2024-03-25
1677,8,39,Crispy Chicken,106.48,1,2024-04-08
1678,8,39,Crispy Chicken,107.37,0,2024-04-22
1679,8,39,Fried Chicken,108.14,0,2024-05-06
1680,8,39,Fried Chicken,102.14,1,2024-05-20
1681,8,39,Fried Chicken,95.91,1,2024-07-01
1682,8,39,Crispy Chicken,90.24,1,2024-07-15
1683,8,39,Crunchy Chicken,91.19,0,2024-08-26
1684,8,39,Crispy Chicken,91.76,0,2024-09-09
1685,8,39,Fried Chicken,92.23,0,2024-09-23
1686,8,39,Crunchy Chicken,87.7,1,2024-10-07
1687,8,39,Crunchy Chicken,83.85,1,2024-10-21
1688,8,39,Crunchy Chicken,84.39,0,2024-11-18
1689,8,39,Fried Chicken,85.39,0,2024-12-16
1690,8,39,Fried Chicken,86.57,0,2024-12-30
1691,8,39,Crunchy Chicken,87.8,0,2025-01-27
1692,8,39,Crispy Chicken,89.07,0,2025-02-10
1693,8,39,Crispy Chicken,87.06,0,2025-02-24
1694,8,39,Crispy Chicken,78.08,1,2025-03-10
1695,8,39,Fried Chicken,79.11,0,2025-04-07
1696,8,39,Crunchy Chicken,73.01,1,2025-05-05
1697,8,39,Crunchy Chicken,73.6,0,2025-06-02
1698,8,39,Fried Chicken,74.33,0,2025-06-16
1699,8,39,Crunchy Chicken,74.7,0,2025-06-30
1700,8,39,Crunchy Chicken,75.15,0,2025-07-28
1701,8,39,Crispy Chicken,75.62,0,2025-08-11
1702,8,39,Fried Chicken,76.4,0,2025-08-25
1703,8,39,Fried Chicken,76.88,0,2025-09-08
1704,8,39,Fried Chicken,77.35,0,2025-09-22
1705,8,39,Fried Chicken,78.45,0,2025-11-03
1706,8,39,Crispy Chicken,79.45,0,2025-12-01
1707,8,39,Crispy Chicken,80.04,0,2025-12-15
1708,8,39,Fried Chicken,81.18,0,2025-12-29
1709,8,29,Konafa Plate,86.66,0,2024-01-15
1710,8,29,Kunafa,87.86,0,2024-01-29
1711,8,29,Sweet Kunafa,86.56,0,2024-02-12
1712,8,29,Konafa Plate,87.06,0,2024-02-26
1713,8,29,Sweet Kunafa,80.36,1,2024-03-25
1714,8,29,Sweet Kunafa,81.04,0,2024-04-08
1715,8,29,Kunafa,81.56,0,2024-04-22
1716,8,29,Konafa Plate,82.06,0,2024-05-06
1717,8,29,Kunafa,82.94,0,2024-05-20
1718,8,29,Konafa Plate,83.5,0,2024-06-17
1719,8,29,Kunafa,84.41,0,2024-07-01
1720,8,29,Kunafa,85.19,0,2024-07-15
1721,8,29,Kunafa,85.81,0,2024-07-29
1722,8,29,Kunafa,84.52,0,2024-08-26
1723,8,29,Sweet Kunafa,85.42,0,2024-09-09
1724,8,29,Konafa Plate,85.9,0,2024-09-23
1725,8,29,Konafa Plate,84.3,0,2024-11-04
1726,8,29,Sweet Kunafa,85.18,0,2024-11-18
1727,8,29,Konafa Plate,84.63,0,2024-12-02
1728,8,29,Konafa Plate,85.29,0,2024-12-16
1729,8,29,Konafa Plate,85.78,0,2025-01-27
1730,8,29,Kunafa,86.56,0,2025-02-10
1731,8,29,Sweet Kunafa,87.33,0,2025-03-10
1732,8,29,Kunafa,82.69,1,2025-03-24
1733,8,29,Sweet Kunafa,83.46,0,2025-04-07
1734,8,29,Konafa Plate,84.06,0,2025-04-21
1735,8,29,Kunafa,85.14,0,2025-05-19
1736,8,29,Sweet Kunafa,85.77,0,2025-06-02
1737,8,29,Kunafa,83.67,0,2025-06-16
1738,8,29,Konafa Plate,84.26,0,2025-06-30
1739,8,29,Sweet Kunafa,85.32,0,2025-07-14
1740,8,29,Sweet Kunafa,86.41,0,2025-07-28
1741,8,29,Konafa Plate,87.59,0,2025-08-25
1742,8,29,Kunafa,88.46,0,2025-09-22
1743,8,29,Sweet Kunafa,87.07,0,2025-10-06
1744,8,29,Sweet Kunafa,87.57,0,2025-10-20
1745,8,29,Kunafa,88.18,0,2025-11-03
1746,8,29,Sweet Kunafa,88.8,0,2025-11-17
1747,8,29,Kunafa,89.49,0,2025-12-15
1748,8,29,Sweet Kunafa,90.46,0,2025-12-29
1749,8,28,Om Ali,83.18,0,2024-01-01
1750,8,28,Om Ali Dessert,83.86,0,2024-01-15
1751,8,28,Om Ali,84.89,0,2024-01-29
1752,8,28,Om Ali,79.47,1,2024-02-12
1753,8,28,Om Ali Dessert,80.12,0,2024-02-26
1754,8,28,Om Ali,80.84,0,2024-03-11
1755,8,28,Om Ali,79.22,0,2024-03-25
1756,8,28,Egyptian Bread Pudding,79.84,0,2024-04-08
1757,8,28,Om Ali Dessert,80.41,0,2024-04-22
1758,8,28,Om Ali Dessert,81.06,0,2024-05-06
1759,8,28,Om Ali,82.03,0,2024-05-20
1760,8,28,Om Ali Dessert,82.86,0,2024-06-17
1761,8,28,Om Ali Dessert,84.04,0,2024-07-15
1762,8,28,Om Ali,84.8,0,2024-08-12
1763,8,28,Om Ali,85.49,0,2024-08-26
1764,8,28,Om Ali Dessert,86.02,0,2024-09-09
1765,8,28,Om Ali Dessert,86.91,0,2024-09-23
1766,8,28,Om Ali,88.11,0,2024-11-04
1767,8,28,Om Ali,88.71,0,2024-11-18
1768,8,28,Egyptian Bread Pudding,90.0,0,2024-12-16
1769,8,28,Om Ali,86.85,1,2025-01-13
1770,8,28,Om Ali,87.94,0,2025-02-10
1771,8,28,Om Ali,88.71,0,2025-02-24
1772,8,28,Egyptian Bread Pudding,89.86,0,2025-03-10
1773,8,28,Egyptian Bread Pudding,91.17,0,2025-04-21
1774,8,28,Om Ali Dessert,92.22,0,2025-05-05
1775,8,28,Om Ali,93.44,0,2025-06-16
1776,8,28,Om Ali Dessert,91.92,0,2025-06-30
1777,8,28,Om Ali,93.15,0,2025-07-14
1778,8,28,Om Ali Dessert,94.14,0,2025-08-11
1779,8,28,Om Ali Dessert,95.21,0,2025-09-22
1780,8,28,Om Ali Dessert,95.83,0,2025-11-03
1781,8,28,Egyptian Bread Pudding,96.96,0,2025-12-01
1782,8,28,Om Ali,97.65,0,2025-12-29
1783,8,10,Falafel Plate,46.36,0,2024-01-01
1784,8,10,Falafel,46.69,0,2024-01-15
1785,8,10,Falafel Plate,47.12,0,2024-01-29
1786,8,10,Falafel,47.76,0,2024-02-26
1787,8,10,Falafel,48.45,0,2024-03-25
1788,8,10,Falafel,46.93,1,2024-04-08
1789,8,10,Taameya,47.48,0,2024-04-22
1790,8,10,Falafel Plate,47.9,0,2024-05-06
1791,8,10,Falafel,48.41,0,2024-05-20
1792,8,10,Falafel,48.99,0,2024-07-01
1793,8,10,Falafel,49.56,0,2024-07-15
1794,8,10,Falafel,50.02,0,2024-09-09
1795,8,10,Falafel,50.56,0,2024-09-23
1796,8,10,Taameya,51.17,0,2024-10-07
1797,8,10,Falafel,50.14,0,2024-10-21
1798,8,10,Falafel Plate,50.63,0,2024-11-04
1799,8,10,Falafel,51.25,0,2024-11-18
1800,8,10,Falafel,46.4,1,2024-12-02
1801,8,10,Taameya,46.98,0,2024-12-16
1802,8,10,Taameya,43.65,1,2024-12-30
1803,8,10,Taameya,44.23,0,2025-01-13
1804,8,10,Taameya,44.72,0,2025-01-27
1805,8,10,Falafel,45.16,0,2025-02-24
1806,8,10,Falafel Plate,43.66,1,2025-03-10
1807,8,10,Falafel Plate,42.4,0,2025-03-24
1808,8,10,Taameya,40.3,1,2025-04-21
1809,8,10,Falafel,40.87,0,2025-05-05
1810,8,10,Taameya,38.0,1,2025-06-02
1811,8,10,Falafel Plate,38.5,0,2025-06-16
1812,8,10,Taameya,38.73,0,2025-06-30
1813,8,10,Falafel,37.71,0,2025-07-14
1814,8,10,Taameya,34.22,1,2025-08-11
1815,8,10,Falafel,34.51,0,2025-08-25
1816,8,10,Falafel Plate,31.61,1,2025-09-08
1817,8,10,Taameya,32.04,0,2025-09-22
1818,8,10,Falafel,32.45,0,2025-10-06
1819,8,10,Falafel Plate,32.62,0,2025-10-20
1820,8,10,Falafel,33.08,0,2025-11-03
1821,8,10,Falafel,33.45,0,2025-11-17
1822,8,10,Falafel,33.9,0,2025-12-01
1823,8,10,Taameya,33.06,0,2025-12-15
1824,8,10,Taameya,30.01,1,2025-12-29
1825,8,11,Egyptian Koshari,74.08,0,2024-01-15
1826,8,11,Egyptian Koshari,75.15,0,2024-02-26
1827,8,11,Egyptian Koshari,72.26,1,2024-04-08
1828,8,11,Classic Koshari,73.15,0,2024-04-22
1829,8,11,Egyptian Koshari,73.59,0,2024-05-06
1830,8,11,Koshari,74.21,0,2024-05-20
1831,8,11,Koshari,74.95,0,2024-06-17
1832,8,11,Egyptian Koshari,71.25,1,2024-07-01
1833,8,11,Egyptian Koshari,66.77,1,2024-07-15
1834,8,11,Egyptian Koshari,67.32,0,2024-07-29
1835,8,11,Egyptian Koshari,64.8,1,2024-08-12
1836,8,11,Egyptian Koshari,59.37,1,2024-08-26
1837,8,11,Egyptian Koshari,59.87,0,2024-09-09
1838,8,11,Koshari,57.72,1,2024-09-23
1839,8,11,Classic Koshari,56.43,0,2024-11-18
1840,8,11,Koshari,56.85,0,2024-12-02
1841,8,11,Egyptian Koshari,52.31,1,2024-12-16
1842,8,11,Classic Koshari,52.86,0,2025-01-13
1843,8,11,Egyptian Koshari,53.4,0,2025-01-27
1844,8,11,Koshari,50.16,1,2025-03-10
1845,8,11,Classic Koshari,50.41,0,2025-03-24
1846,8,11,Egyptian Koshari,51.15,0,2025-04-07
1847,8,11,Koshari,51.82,0,2025-04-21
1848,8,11,Koshari,52.21,0,2025-05-05
1849,8,11,Egyptian Koshari,52.8,0,2025-05-19
1850,8,11,Koshari,53.43,0,2025-06-30
1851,8,11,Egyptian Koshari,52.66,0,2025-07-14
1852,8,11,Egyptian Koshari,48.84,1,2025-07-28
1853,8,11,Egyptian Koshari,47.66,0,2025-08-25
1854,8,11,Egyptian Koshari,43.21,1,2025-09-08
1855,8,11,Egyptian Koshari,43.52,0,2025-09-22
1856,8,11,Classic Koshari,42.96,0,2025-10-06
1857,8,11,Koshari,43.37,0,2025-11-03
1858,8,11,Koshari,43.92,0,2025-11-17
1859,8,11,Classic Koshari,44.42,0,2025-12-01
1860,8,11,Koshari,43.45,0,2025-12-15
1861,8,11,Egyptian Koshari,43.83,0,2025-12-29
1862,8,3,Grilled Chicken,157.07,0,2024-01-01
1863,8,3,Roasted Chicken,158.84,0,2024-01-15
1864,8,3,Roasted Chicken,160.78,0,2024-02-12
1865,8,3,Roasted Chicken,162.46,0,2024-02-26
1866,8,3,Roasted Chicken,155.18,1,2024-03-11
1867,8,3,Grilled Chicken,144.9,1,2024-03-25
1868,8,3,Roasted Chicken,145.99,0,2024-04-08
1869,8,3,Half Chicken,134.56,1,2024-04-22
1870,8,3,Grilled Chicken,136.28,0,2024-05-06
1871,8,3,Half Chicken,135.18,0,2024-06-03
1872,8,3,Half Chicken,136.5,0,2024-07-01
1873,8,3,Half Chicken,131.9,1,2024-07-29
1874,8,3,Roasted Chicken,133.81,0,2024-08-26
1875,8,3,Half Chicken,131.44,0,2024-10-07
1876,8,3,Grilled Chicken,119.59,1,2024-10-21
1877,8,3,Grilled Chicken,120.63,0,2024-11-04
1878,8,3,Grilled Chicken,113.61,1,2024-11-18
1879,8,3,Half Chicken,114.49,0,2024-12-16
1880,8,3,Half Chicken,106.07,1,2024-12-30
1881,8,3,Half Chicken,106.67,0,2025-01-27
1882,8,3,Roasted Chicken,107.53,0,2025-02-10
1883,8,3,Roasted Chicken,99.24,1,2025-03-10
1884,8,3,Half Chicken,98.64,0,2025-04-07
1885,8,3,Grilled Chicken,99.5,0,2025-04-21
1886,8,3,Roasted Chicken,100.26,0,2025-05-05
1887,8,3,Grilled Chicken,96.03,1,2025-05-19
1888,8,3,Roasted Chicken,90.48,1,2025-06-02
1889,8,3,Grilled Chicken,88.25,0,2025-06-16
1890,8,3,Half Chicken,85.92,0,2025-07-14
1891,8,3,Grilled Chicken,86.73,0,2025-07-28
1892,8,3,Half Chicken,87.21,0,2025-08-11
1893,8,3,Half Chicken,87.67,0,2025-08-25
1894,8,3,Half Chicken,88.69,0,2025-09-08
1895,8,3,Half Chicken,89.29,0,2025-09-22
1896,8,3,Roasted Chicken,90.26,0,2025-10-06
1897,8,3,Roasted Chicken,91.31,0,2025-10-20
1898,8,3,Half Chicken,92.17,0,2025-12-01
1899,8,3,Half Chicken,85.17,1,2025-12-15
1900,8,3,Roasted Chicken,85.9,0,2025-12-29
1901,9,9,Egyptian Ful,47.5,1,2024-01-01
1902,9,9,Foul Medames,48.15,0,2024-01-29
1903,9,9,Egyptian Ful,48.52,0,2024-02-12
1904,9,9,Ful Plate,48.84,0,2024-02-26
1905,9,9,Egyptian Ful,49.09,0,2024-03-11
1906,9,9,Ful Plate,45.0,1,2024-04-08
1907,9,9,Ful Plate,42.14,1,2024-04-22
1908,9,9,Foul Medames,40.96,0,2024-05-06
1909,9,9,Foul Medames,37.22,1,2024-05-20
1910,9,9,Egyptian Ful,37.54,0,2024-06-17
1911,9,9,Foul Medames,37.12,0,2024-07-01
1912,9,9,Egyptian Ful,36.62,0,2024-07-15
1913,9,9,Egyptian Ful,36.9,0,2024-07-29
1914,9,9,Egyptian Ful,36.65,0,2024-08-26
1915,9,9,Foul Medames,37.17,0,2024-09-09
1916,9,9,Ful Plate,35.59,1,2024-10-07
1917,9,9,Egyptian Ful,35.89,0,2024-10-21
1918,9,9,Foul Medames,36.4,0,2024-11-04
1919,9,9,Ful Plate,36.83,0,2024-11-18
1920,9,9,Egyptian Ful,37.15,0,2024-12-02
1921,9,9,Foul Medames,37.39,0,2024-12-30
1922,9,9,Foul Medames,37.65,0,2025-01-13
1923,9,9,Egyptian Ful,38.18,0,2025-01-27
1924,9,9,Foul Medames,38.69,0,2025-02-10
1925,9,9,Ful Plate,38.41,0,2025-02-24
1926,9,9,Foul Medames,34.23,1,2025-03-10
1927,9,9,Foul Medames,34.43,0,2025-04-07
1928,9,9,Egyptian Ful,34.65,0,2025-04-21
1929,9,9,Foul Medames,34.89,0,2025-06-16
1930,9,9,Egyptian Ful,35.33,0,2025-07-14
1931,9,9,Foul Medames,35.12,0,2025-07-28
1932,9,9,Egyptian Ful,35.44,0,2025-08-11
1933,9,9,Foul Medames,34.99,0,2025-08-25
1934,9,9,Ful Plate,33.92,1,2025-09-08
1935,9,9,Egyptian Ful,31.29,1,2025-09-22
1936,9,9,Egyptian Ful,31.76,0,2025-10-20
1937,9,9,Ful Plate,31.97,0,2025-11-03
1938,9,9,Egyptian Ful,32.31,0,2025-11-17
1939,9,9,Egyptian Ful,30.54,1,2025-12-01
1940,9,9,Ful Plate,30.74,0,2025-12-15
1941,9,9,Egyptian Ful,29.42,1,2025-12-29
1942,9,39,Crunchy Chicken,120.13,0,2024-01-15
1943,9,39,Crunchy Chicken,121.57,0,2024-02-26
1944,9,39,Crispy Chicken,122.75,0,2024-03-11
1945,9,39,Crunchy Chicken,111.4,1,2024-03-25
1946,9,39,Crunchy Chicken,112.12,0,2024-04-08
1947,9,39,Crispy Chicken,113.7,0,2024-04-22
1948,9,39,Fried Chicken,114.78,0,2024-05-06
1949,9,39,Fried Chicken,115.6,0,2024-05-20
1950,9,39,Crunchy Chicken,117.29,0,2024-06-03
1951,9,39,Crunchy Chicken,118.08,0,2024-06-17
1952,9,39,Fried Chicken,119.07,0,2024-07-01
1953,9,39,Crunchy Chicken,111.12,1,2024-07-15
1954,9,39,Crispy Chicken,112.15,0,2024-08-12
1955,9,39,Crunchy Chicken,113.61,0,2024-08-26
1956,9,39,Fried Chicken,115.04,0,2024-09-09
1957,9,39,Crispy Chicken,115.69,0,2024-09-23
1958,9,39,Crunchy Chicken,116.54,0,2024-10-07
1959,9,39,Crunchy Chicken,117.57,0,2024-10-21
1960,9,39,Fried Chicken,118.41,0,2024-11-04
1961,9,39,Crispy Chicken,119.3,0,2024-11-18
1962,9,39,Crispy Chicken,107.45,1,2024-12-30
1963,9,39,Crunchy Chicken,108.82,0,2025-01-27
1964,9,39,Crispy Chicken,109.64,0,2025-03-10
1965,9,39,Crispy Chicken,97.46,1,2025-03-24
1966,9,39,Crispy Chicken,98.87,0,2025-04-21
1967,9,39,Fried Chicken,92.72,1,2025-06-02
1968,9,39,Crunchy Chicken,93.2,0,2025-06-30
1969,9,39,Fried Chicken,93.83,0,2025-07-28
1970,9,39,Crunchy Chicken,94.35,0,2025-08-25
1971,9,39,Fried Chicken,95.6,0,2025-09-08
1972,9,39,Fried Chicken,96.97,0,2025-09-22
1973,9,39,Crispy Chicken,97.96,0,2025-10-06
1974,9,39,Fried Chicken,98.9,0,2025-10-20
1975,9,39,Crunchy Chicken,96.08,0,2025-11-03
1976,9,39,Crispy Chicken,96.95,0,2025-11-17
1977,9,39,Crunchy Chicken,97.92,0,2025-12-01
1978,9,39,Crispy Chicken,98.57,0,2025-12-15
1979,9,49,Chicken Shawarma Wrap,65.27,0,2024-01-01
1980,9,49,Chicken Shawarma Wrap,60.36,1,2024-01-15
1981,9,49,Shawarma Sandwich,59.35,0,2024-01-29
1982,9,49,Chicken Roll,56.94,1,2024-02-12
1983,9,49,Shawarma Sandwich,57.34,0,2024-03-11
1984,9,49,Chicken Roll,54.08,1,2024-03-25
1985,9,49,Chicken Roll,51.71,1,2024-04-08
1986,9,49,Chicken Shawarma Wrap,52.3,0,2024-04-22
1987,9,49,Chicken Shawarma Wrap,53.08,0,2024-05-06
1988,9,49,Shawarma Sandwich,53.67,0,2024-06-17
1989,9,49,Chicken Shawarma Wrap,54.14,0,2024-07-01
1990,9,49,Shawarma Sandwich,54.74,0,2024-07-29
1991,9,49,Chicken Roll,55.03,0,2024-08-26
1992,9,49,Chicken Shawarma Wrap,55.43,0,2024-09-23
1993,9,49,Shawarma Sandwich,55.8,0,2024-11-04
1994,9,49,Chicken Roll,56.47,0,2024-11-18
1995,9,49,Chicken Shawarma Wrap,55.63,0,2024-12-30
1996,9,49,Chicken Roll,56.21,0,2025-01-13
1997,9,49,Chicken Roll,56.69,0,2025-02-10
1998,9,49,Shawarma Sandwich,52.64,1,2025-03-10
1999,9,49,Chicken Shawarma Wrap,48.96,1,2025-03-24
2000,9,49,Shawarma Sandwich,49.59,0,2025-04-21
2001,9,49,Shawarma Sandwich,50.18,0,2025-05-19
2002,9,49,Shawarma Sandwich,50.64,0,2025-06-30
2003,9,49,Chicken Roll,51.2,0,2025-07-14
2004,9,49,Chicken Shawarma Wrap,51.5,0,2025-07-28
2005,9,49,Shawarma Sandwich,52.07,0,2025-09-08
2006,9,49,Chicken Roll,52.33,0,2025-09-22
2007,9,49,Shawarma Sandwich,52.66,0,2025-10-06
2008,9,49,Chicken Shawarma Wrap,52.95,0,2025-11-03
2009,9,49,Shawarma Sandwich,53.27,0,2025-11-17
2010,9,49,Chicken Roll,53.98,0,2025-12-01
2011,9,49,Chicken Shawarma Wrap,53.39,0,2025-12-15
2012,9,11,Egyptian Koshari,69.53,1,2024-01-15
2013,9,11,Egyptian Koshari,70.48,0,2024-01-29
2014,9,11,Classic Koshari,69.87,0,2024-02-12
2015,9,11,Koshari,69.38,0,2024-02-26
2016,9,11,Egyptian Koshari,63.93,1,2024-03-11
2017,9,11,Koshari,64.79,0,2024-04-08
2018,9,11,Egyptian Koshari,60.25,1,2024-04-22
2019,9,11,Egyptian Koshari,60.69,0,2024-05-06
2020,9,11,Classic Koshari,61.38,0,2024-05-20
2021,9,11,Classic Koshari,61.98,0,2024-06-03
2022,9,11,Classic Koshari,59.42,1,2024-06-17
2023,9,11,Koshari,59.75,0,2024-07-15
2024,9,11,Egyptian Koshari,60.52,0,2024-07-29
2025,9,11,Classic Koshari,61.4,0,2024-08-12
2026,9,11,Egyptian Koshari,62.25,0,2024-09-09
2027,9,11,Koshari,63.03,0,2024-09-23
2028,9,11,Koshari,63.58,0,2024-10-07
2029,9,11,Egyptian Koshari,64.36,0,2024-11-04
2030,9,11,Egyptian Koshari,65.27,0,2024-11-18
2031,9,11,Classic Koshari,65.68,0,2024-12-02
2032,9,11,Classic Koshari,66.63,0,2024-12-30
2033,9,11,Classic Koshari,67.53,0,2025-01-27
2034,9,11,Classic Koshari,68.39,0,2025-02-10
2035,9,11,Koshari,68.75,0,2025-02-24
2036,9,11,Classic Koshari,65.46,1,2025-03-10
2037,9,11,Egyptian Koshari,66.17,0,2025-04-07
2038,9,11,Koshari,66.77,0,2025-04-21
2039,9,11,Classic Koshari,67.34,0,2025-05-19
2040,9,11,Classic Koshari,67.85,0,2025-06-16
2041,9,11,Egyptian Koshari,68.67,0,2025-06-30
2042,9,11,Classic Koshari,69.47,0,2025-07-14
2043,9,11,Koshari,68.08,0,2025-07-28
2044,9,11,Classic Koshari,68.82,0,2025-08-11
2045,9,11,Koshari,69.56,0,2025-08-25
2046,9,11,Egyptian Koshari,70.43,0,2025-09-22
2047,9,11,Egyptian Koshari,71.27,0,2025-10-06
2048,9,11,Egyptian Koshari,69.32,0,2025-10-20
2049,9,11,Koshari,68.34,0,2025-12-15
2050,9,7,Shawarma Wrap,124.94,0,2024-01-01
2051,9,7,Shawarma Wrap,126.58,0,2024-01-15
2052,9,7,Shawarma Wrap,128.32,0,2024-01-29
2053,9,7,Chicken Shawarma,124.5,0,2024-02-12
2054,9,7,Chicken Shawarma,125.82,0,2024-02-26
2055,9,7,Chicken Shawarma,127.36,0,2024-03-11
2056,9,7,Shawarma Wrap,124.3,0,2024-04-22
2057,9,7,Shawarma Wrap,125.35,0,2024-05-20
2058,9,7,Shawarma Wrap,126.06,0,2024-06-03
2059,9,7,Crispy Shawarma,127.41,0,2024-07-01
2060,9,7,Chicken Shawarma,128.83,0,2024-07-29
2061,9,7,Chicken Shawarma,129.76,0,2024-08-12
2062,9,7,Chicken Shawarma,131.36,0,2024-09-09
2063,9,7,Crispy Shawarma,133.09,0,2024-09-23
2064,9,7,Crispy Shawarma,131.14,0,2024-10-07
2065,9,7,Chicken Shawarma,121.74,1,2024-11-04
2066,9,7,Chicken Shawarma,122.91,0,2024-12-16
2067,9,7,Shawarma Wrap,124.0,0,2024-12-30
2068,9,7,Crispy Shawarma,124.78,0,2025-01-27
2069,9,7,Crispy Shawarma,113.3,1,2025-02-10
2070,9,7,Shawarma Wrap,114.81,0,2025-02-24
2071,9,7,Crispy Shawarma,101.05,1,2025-03-24
2072,9,7,Crispy Shawarma,102.05,0,2025-05-05
2073,9,7,Shawarma Wrap,102.81,0,2025-06-16
2074,9,7,Crispy Shawarma,103.65,0,2025-06-30
2075,9,7,Shawarma Wrap,105.18,0,2025-07-14
2076,9,7,Chicken Shawarma,106.75,0,2025-08-11
2077,9,7,Shawarma Wrap,107.86,0,2025-09-08
2078,9,7,Chicken Shawarma,109.43,0,2025-09-22
2079,9,7,Shawarma Wrap,107.83,0,2025-12-15
2080,9,7,Shawarma Wrap,108.53,0,2025-12-29
2081,9,29,Sweet Kunafa,80.52,0,2024-01-01
2082,9,29,Kunafa,81.44,0,2024-01-15
2083,9,29,Sweet Kunafa,82.21,0,2024-02-12
2084,9,29,Konafa Plate,82.75,0,2024-03-11
2085,9,29,Kunafa,82.3,0,2024-03-25
2086,9,29,Kunafa,83.01,0,2024-04-08
2087,9,29,Sweet Kunafa,83.5,0,2024-04-22
2088,9,29,Kunafa,84.13,0,2024-05-06
2089,9,29,Kunafa,85.11,0,2024-05-20
2090,9,29,Kunafa,85.94,0,2024-07-01
2091,9,29,Kunafa,86.68,0,2024-07-29
2092,9,29,Sweet Kunafa,87.88,0,2024-10-07
2093,9,29,Sweet Kunafa,89.12,0,2024-10-21
2094,9,29,Kunafa,89.66,0,2024-11-04
2095,9,29,Sweet Kunafa,90.98,0,2024-11-18
2096,9,29,Konafa Plate,92.09,0,2024-12-02
2097,9,29,Kunafa,93.33,0,2024-12-16
2098,9,29,Sweet Kunafa,94.59,0,2024-12-30
2099,9,29,Sweet Kunafa,95.25,0,2025-01-27
2100,9,29,Kunafa,96.63,0,2025-02-10
2101,9,29,Kunafa,97.16,0,2025-02-24
2102,9,29,Konafa Plate,98.56,0,2025-04-21
2103,9,29,Kunafa,99.72,0,2025-05-19
2104,9,29,Kunafa,100.25,0,2025-06-02
2105,9,29,Kunafa,99.18,0,2025-07-14
2106,9,29,Konafa Plate,99.81,0,2025-07-28
2107,9,29,Konafa Plate,101.07,0,2025-08-11
2108,9,29,Konafa Plate,97.87,1,2025-09-22
2109,9,29,Sweet Kunafa,94.48,1,2025-10-06
2110,9,29,Sweet Kunafa,95.02,0,2025-10-20
2111,9,29,Konafa Plate,95.56,0,2025-11-03
2112,9,29,Kunafa,90.49,1,2025-11-17
2113,9,29,Kunafa,91.18,0,2025-12-01
2114,9,29,Kunafa,92.2,0,2025-12-29
2115,9,60,Lamb Feast,636.51,0,2024-02-12
2116,9,60,Family Lamb Platter,640.29,0,2024-03-11
2117,9,60,Lamb Feast,609.48,1,2024-04-08
2118,9,60,Lamb Feast,588.7,1,2024-05-06
2119,9,60,Lamb Family Meal,593.78,0,2024-05-20
2120,9,60,Lamb Feast,597.72,0,2024-06-03
2121,9,60,Family Lamb Platter,603.07,0,2024-06-17
2122,9,60,Lamb Family Meal,593.49,0,2024-07-01
2123,9,60,Lamb Feast,599.45,0,2024-07-29
2124,9,60,Lamb Family Meal,607.56,0,2024-08-12
2125,9,60,Lamb Feast,611.49,0,2024-09-09
2126,9,60,Family Lamb Platter,616.95,0,2024-10-07
2127,9,60,Family Lamb Platter,590.49,1,2024-11-18
2128,9,60,Family Lamb Platter,593.89,0,2024-12-02
2129,9,60,Lamb Family Meal,546.56,1,2024-12-16
2130,9,60,Lamb Feast,530.17,0,2024-12-30
2131,9,60,Lamb Feast,535.96,0,2025-01-27
2132,9,60,Lamb Family Meal,493.82,1,2025-02-10
2133,9,60,Lamb Family Meal,500.12,0,2025-03-10
2134,9,60,Lamb Feast,506.86,0,2025-03-24
2135,9,60,Lamb Family Meal,510.38,0,2025-04-07
2136,9,60,Family Lamb Platter,515.88,0,2025-04-21
2137,9,60,Lamb Family Meal,500.41,0,2025-05-05
2138,9,60,Lamb Feast,505.73,0,2025-05-19
2139,9,60,Family Lamb Platter,463.38,1,2025-06-16
2140,9,60,Lamb Family Meal,468.98,0,2025-07-28
2141,9,60,Family Lamb Platter,474.18,0,2025-08-11
2142,9,60,Family Lamb Platter,476.58,0,2025-08-25
2143,9,60,Family Lamb Platter,482.6,0,2025-09-08
2144,9,60,Lamb Feast,485.33,0,2025-09-22
2145,9,60,Lamb Family Meal,491.87,0,2025-10-06
2146,9,60,Family Lamb Platter,496.14,0,2025-10-20
2147,9,60,Family Lamb Platter,499.1,0,2025-11-03
2148,9,60,Lamb Feast,502.35,0,2025-11-17
2149,9,60,Family Lamb Platter,466.37,1,2025-12-01
2150,9,60,Lamb Feast,469.82,0,2025-12-15
2151,9,60,Family Lamb Platter,472.23,0,2025-12-29
2152,10,6,Meat Shawarma,153.69,0,2024-01-01
2153,10,6,Shawarma Lahem,155.48,0,2024-01-15
2154,10,6,Meat Shawarma,157.03,0,2024-01-29
2155,10,6,Meat Shawarma,158.92,0,2024-02-12
2156,10,6,Beef Shawarma Wrap,145.96,1,2024-03-11
2157,10,6,Meat Shawarma,140.86,1,2024-03-25
2158,10,6,Shawarma Lahem,125.86,1,2024-04-08
2159,10,6,Meat Shawarma,126.72,0,2024-04-22
2160,10,6,Meat Shawarma,127.44,0,2024-05-20
2161,10,6,Shawarma Lahem,128.5,0,2024-06-17
2162,10,6,Beef Shawarma Wrap,129.47,0,2024-07-01
2163,10,6,Meat Shawarma,130.94,0,2024-07-15
2164,10,6,Meat Shawarma,123.01,1,2024-07-29
2165,10,6,Beef Shawarma Wrap,124.62,0,2024-08-12
2166,10,6,Shawarma Lahem,125.89,0,2024-09-09
2167,10,6,Shawarma Lahem,127.12,0,2024-10-07
2168,10,6,Shawarma Lahem,128.04,0,2024-10-21
2169,10,6,Meat Shawarma,129.61,0,2024-11-04
2170,10,6,Beef Shawarma Wrap,131.46,0,2024-11-18
2171,10,6,Meat Shawarma,132.25,0,2024-12-02
2172,10,6,Meat Shawarma,128.87,0,2024-12-16
2173,10,6,Meat Shawarma,129.97,0,2024-12-30
2174,10,6,Meat Shawarma,131.32,0,2025-01-13
2175,10,6,Beef Shawarma Wrap,132.67,0,2025-01-27
2176,10,6,Beef Shawarma Wrap,133.64,0,2025-02-10
2177,10,6,Beef Shawarma Wrap,135.14,0,2025-02-24
2178,10,6,Shawarma Lahem,136.56,0,2025-03-10
2179,10,6,Beef Shawarma Wrap,138.5,0,2025-03-24
2180,10,6,Shawarma Lahem,137.4,0,2025-04-07
2181,10,6,Beef Shawarma Wrap,138.54,0,2025-04-21
2182,10,6,Beef Shawarma Wrap,140.35,0,2025-05-19
2183,10,6,Beef Shawarma Wrap,142.15,0,2025-06-02
2184,10,6,Beef Shawarma Wrap,129.36,1,2025-06-16
2185,10,6,Meat Shawarma,130.26,0,2025-06-30
2186,10,6,Meat Shawarma,130.99,0,2025-07-14
2187,10,6,Shawarma Lahem,125.12,1,2025-07-28
2188,10,6,Meat Shawarma,126.47,0,2025-08-11
2189,10,6,Beef Shawarma Wrap,119.06,1,2025-09-08
2190,10,6,Meat Shawarma,119.93,0,2025-10-06
2191,10,6,Beef Shawarma Wrap,120.98,0,2025-11-03
2192,10,6,Meat Shawarma,122.17,0,2025-12-01
2193,10,6,Meat Shawarma,123.22,0,2025-12-15
2194,10,2,Halal Kabab,169.37,0,2024-01-01
2195,10,2,Halal Kabab,170.88,0,2024-01-15
2196,10,2,Halal Kabab,173.04,0,2024-01-29
2197,10,2,Kabab Platter,175.63,0,2024-02-12
2198,10,2,Halal Kabab,177.38,0,2024-02-26
2199,10,2,Kabab Platter,160.34,1,2024-03-11
2200,10,2,Kabab Platter,161.33,0,2024-03-25
2201,10,2,Halal Kabab,149.5,1,2024-04-08
2202,10,2,Halal Kabab,151.04,0,2024-05-20
2203,10,2,Halal Kabab,148.23,0,2024-06-03
2204,10,2,Halal Kabab,150.44,0,2024-06-17
2205,10,2,Halal Kabab,147.9,0,2024-07-01
2206,10,2,Kabab Platter,149.35,0,2024-07-29
2207,10,2,Halal Kabab,146.79,0,2024-08-12
2208,10,2,Grilled Kabab,145.73,0,2024-08-26
2209,10,2,Halal Kabab,147.75,0,2024-10-07
2210,10,2,Grilled Kabab,148.98,0,2024-11-04
2211,10,2,Grilled Kabab,150.27,0,2024-11-18
2212,10,2,Kabab Platter,152.44,0,2024-12-02
2213,10,2,Grilled Kabab,153.63,0,2024-12-16
2214,10,2,Halal Kabab,155.14,0,2024-12-30
2215,10,2,Halal Kabab,155.97,0,2025-01-27
2216,10,2,Halal Kabab,158.1,0,2025-02-10
2217,10,2,Halal Kabab,156.27,0,2025-02-24
2218,10,2,Grilled Kabab,157.1,0,2025-03-10
2219,10,2,Grilled Kabab,149.66,1,2025-03-24
2220,10,2,Kabab Platter,147.2,0,2025-04-21
2221,10,2,Halal Kabab,133.03,1,2025-05-05
2222,10,2,Halal Kabab,134.21,0,2025-05-19
2223,10,2,Grilled Kabab,135.9,0,2025-06-02
2224,10,2,Grilled Kabab,128.09,1,2025-06-16
2225,10,2,Grilled Kabab,127.23,0,2025-07-14
2226,10,2,Kabab Platter,128.41,0,2025-08-25
2227,10,2,Halal Kabab,130.08,0,2025-09-08
2228,10,2,Grilled Kabab,130.95,0,2025-09-22
2229,10,2,Grilled Kabab,128.27,0,2025-10-06
2230,10,2,Kabab Platter,129.45,0,2025-10-20
2231,10,2,Halal Kabab,130.7,0,2025-11-17
2232,10,2,Grilled Kabab,131.86,0,2025-12-15
2233,10,50,Meat Shawarma Wrap,75.46,0,2024-01-01
2234,10,50,Meat Shawarma Wrap,71.3,1,2024-01-15
2235,10,50,Meat Shawarma Wrap,72.12,0,2024-01-29
2236,10,50,Beef Shawarma Sandwich,72.68,0,2024-02-12
2237,10,50,Meat Shawarma Wrap,73.58,0,2024-03-11
2238,10,50,Beef Shawarma Sandwich,71.42,0,2024-03-25
2239,10,50,Beef Shawarma Sandwich,67.15,1,2024-04-22
2240,10,50,Meat Roll,66.27,0,2024-05-06
2241,10,50,Meat Roll,66.87,0,2024-05-20
2242,10,50,Meat Shawarma Wrap,67.2,0,2024-06-03
2243,10,50,Meat Shawarma Wrap,67.7,0,2024-07-29
2244,10,50,Meat Roll,63.87,1,2024-08-26
2245,10,50,Meat Shawarma Wrap,64.77,0,2024-09-09
2246,10,50,Meat Roll,65.69,0,2024-09-23
2247,10,50,Meat Roll,66.09,0,2024-10-21
2248,10,50,Meat Roll,66.76,0,2024-11-18
2249,10,50,Meat Roll,67.65,0,2024-12-16
2250,10,50,Meat Roll,68.04,0,2024-12-30
2251,10,50,Meat Shawarma Wrap,68.85,0,2025-01-27
2252,10,50,Beef Shawarma Sandwich,66.86,0,2025-02-10
2253,10,50,Meat Roll,67.2,0,2025-02-24
2254,10,50,Meat Shawarma Wrap,67.74,0,2025-03-10
2255,10,50,Meat Roll,68.14,0,2025-04-07
2256,10,50,Meat Shawarma Wrap,69.11,0,2025-04-21
2257,10,50,Beef Shawarma Sandwich,69.82,0,2025-06-02
2258,10,50,Meat Roll,70.25,0,2025-06-30
2259,10,50,Meat Shawarma Wrap,71.07,0,2025-08-11
2260,10,50,Meat Roll,63.98,1,2025-08-25
2261,10,50,Beef Shawarma Sandwich,64.42,0,2025-10-06
2262,10,50,Meat Shawarma Wrap,65.34,0,2025-10-20
2263,10,50,Beef Shawarma Sandwich,66.22,0,2025-11-03
2264,10,50,Meat Roll,59.95,1,2025-11-17
2265,10,50,Meat Roll,54.48,1,2025-12-01
2266,10,50,Meat Shawarma Wrap,55.11,0,2025-12-15
2267,10,53,Taameya Sandwich,29.71,1,2024-01-01
2268,10,53,Falafel Sub,29.86,0,2024-01-29
2269,10,53,Falafel Sandwich,30.19,0,2024-02-12
2270,10,53,Falafel Sandwich,29.96,0,2024-02-26
2271,10,53,Falafel Sub,29.73,0,2024-03-11
2272,10,53,Falafel Sandwich,29.06,0,2024-04-22
2273,10,53,Falafel Sandwich,26.52,1,2024-05-06
2274,10,53,Falafel Sub,24.97,1,2024-05-20
2275,10,53,Falafel Sandwich,25.3,0,2024-06-03
2276,10,53,Falafel Sub,25.67,0,2024-07-01
2277,10,53,Falafel Sub,25.13,0,2024-07-15
2278,10,53,Falafel Sub,25.31,0,2024-07-29
2279,10,53,Taameya Sandwich,24.92,0,2024-08-26
2280,10,53,Falafel Sandwich,25.05,0,2024-09-09
2281,10,53,Falafel Sub,24.57,0,2024-09-23
2282,10,53,Falafel Sandwich,22.54,1,2024-10-07
2283,10,53,Taameya Sandwich,21.05,1,2024-10-21
2284,10,53,Taameya Sandwich,21.25,0,2024-11-04
2285,10,53,Falafel Sub,21.38,0,2024-12-16
2286,10,53,Falafel Sandwich,21.5,0,2024-12-30
2287,10,53,Falafel Sub,21.73,0,2025-01-13
2288,10,53,Taameya Sandwich,21.9,0,2025-01-27
2289,10,53,Falafel Sandwich,22.16,0,2025-02-10
2290,10,53,Taameya Sandwich,22.46,0,2025-02-24
2291,10,53,Taameya Sandwich,22.6,0,2025-03-10
2292,10,53,Falafel Sandwich,20.25,1,2025-03-24
2293,10,53,Falafel Sandwich,20.46,0,2025-05-05
2294,10,53,Taameya Sandwich,20.75,0,2025-06-02
2295,10,53,Falafel Sub,20.91,0,2025-07-28
2296,10,53,Falafel Sandwich,21.09,0,2025-08-25
2297,10,53,Taameya Sandwich,21.22,0,2025-09-08
2298,10,53,Taameya Sandwich,21.53,0,2025-10-06
2299,10,53,Falafel Sub,21.78,0,2025-10-20
2300,10,53,Taameya Sandwich,22.0,0,2025-11-03
2301,10,53,Falafel Sandwich,21.89,0,2025-12-01
2302,10,53,Falafel Sandwich,22.21,0,2025-12-15
2303,10,53,Falafel Sandwich,22.44,0,2025-12-29
2304,10,14,Pigeon Dish,186.44,0,2024-01-01
2305,10,14,Stuffed Pigeon,181.29,0,2024-01-29
2306,10,14,Stuffed Pigeon,182.23,0,2024-02-26
2307,10,14,Stuffed Pigeon,174.33,1,2024-03-25
2308,10,14,Pigeon Dish,176.51,0,2024-04-08
2309,10,14,Pigeon Dish,178.95,0,2024-05-20
2310,10,14,Pigeon Dish,174.52,0,2024-06-03
2311,10,14,Hamam Mahshi,165.03,1,2024-06-17
2312,10,14,Pigeon Dish,166.03,0,2024-07-29
2313,10,14,Hamam Mahshi,168.02,0,2024-08-12
2314,10,14,Hamam Mahshi,168.95,0,2024-08-26
2315,10,14,Pigeon Dish,159.17,1,2024-09-09
2316,10,14,Pigeon Dish,149.9,1,2024-09-23
2317,10,14,Stuffed Pigeon,151.82,0,2024-10-07
2318,10,14,Pigeon Dish,140.84,1,2024-10-21
2319,10,14,Hamam Mahshi,138.8,0,2024-11-04
2320,10,14,Stuffed Pigeon,140.19,0,2024-11-18
2321,10,14,Stuffed Pigeon,141.21,0,2024-12-02
2322,10,14,Pigeon Dish,142.62,0,2024-12-16
2323,10,14,Pigeon Dish,143.79,0,2025-01-27
2324,10,14,Hamam Mahshi,145.66,0,2025-02-10
2325,10,14,Stuffed Pigeon,146.55,0,2025-02-24
2326,10,14,Stuffed Pigeon,140.95,1,2025-03-10
2327,10,14,Pigeon Dish,142.02,0,2025-03-24
2328,10,14,Pigeon Dish,143.99,0,2025-04-07
2329,10,14,Stuffed Pigeon,145.99,0,2025-04-21
2330,10,14,Pigeon Dish,148.08,0,2025-06-02
2331,10,14,Stuffed Pigeon,149.14,0,2025-07-14
2332,10,14,Stuffed Pigeon,147.41,0,2025-07-28
2333,10,14,Pigeon Dish,148.22,0,2025-08-11
2334,10,14,Stuffed Pigeon,150.32,0,2025-09-08
2335,10,14,Stuffed Pigeon,151.43,0,2025-09-22
2336,10,14,Stuffed Pigeon,153.45,0,2025-10-20
2337,10,14,Hamam Mahshi,155.41,0,2025-11-03
2338,10,14,Stuffed Pigeon,156.75,0,2025-12-01
2339,10,14,Stuffed Pigeon,158.39,0,2025-12-15
2340,10,14,Pigeon Dish,159.73,0,2025-12-29
2341,10,52,Kofta Sandwich,68.32,0,2024-01-01
2342,10,52,Kofta Roll,68.82,0,2024-01-15
2343,10,52,Kofta Sandwich,69.74,0,2024-01-29
2344,10,52,Grilled Kofta Sub,70.17,0,2024-02-12
2345,10,52,Kofta Sandwich,69.13,0,2024-03-11
2346,10,52,Kofta Roll,69.56,0,2024-03-25
2347,10,52,Grilled Kofta Sub,69.16,0,2024-04-08
2348,10,52,Grilled Kofta Sub,69.71,0,2024-04-22
2349,10,52,Grilled Kofta Sub,70.61,0,2024-05-06
2350,10,52,Kofta Sandwich,66.32,1,2024-06-03
2351,10,52,Grilled Kofta Sub,64.86,0,2024-06-17
2352,10,52,Grilled Kofta Sub,65.64,0,2024-07-01
2353,10,52,Kofta Sandwich,66.45,0,2024-07-29
2354,10,52,Kofta Sandwich,67.03,0,2024-08-12
2355,10,52,Kofta Roll,68.0,0,2024-08-26
2356,10,52,Kofta Roll,68.53,0,2024-09-23
2357,10,52,Kofta Sandwich,69.24,0,2024-10-07
2358,10,52,Kofta Roll,66.81,1,2024-11-04
2359,10,52,Grilled Kofta Sub,67.38,0,2024-11-18
2360,10,52,Grilled Kofta Sub,67.77,0,2024-12-02
2361,10,52,Grilled Kofta Sub,68.65,0,2025-01-13
2362,10,52,Kofta Roll,69.56,0,2025-01-27
2363,10,52,Kofta Sandwich,65.2,1,2025-02-24
2364,10,52,Kofta Roll,65.91,0,2025-03-10
2365,10,52,Kofta Sandwich,66.85,0,2025-05-05
2366,10,52,Kofta Sandwich,67.76,0,2025-05-19
2367,10,52,Kofta Roll,68.23,0,2025-06-02
2368,10,52,Grilled Kofta Sub,62.06,1,2025-06-16
2369,10,52,Kofta Sandwich,62.66,0,2025-06-30
2370,10,52,Grilled Kofta Sub,63.24,0,2025-07-14
2371,10,52,Kofta Sandwich,63.84,0,2025-07-28
2372,10,52,Grilled Kofta Sub,64.58,0,2025-08-11
2373,10,52,Kofta Roll,63.23,0,2025-08-25
2374,10,52,Kofta Roll,63.97,0,2025-09-08
2375,10,52,Kofta Sandwich,64.85,0,2025-10-06
2376,10,52,Kofta Sandwich,65.54,0,2025-10-20
2377,10,52,Grilled Kofta Sub,60.14,1,2025-11-03
2378,10,52,Kofta Sandwich,60.61,0,2025-11-17
2379,10,52,Kofta Sandwich,60.97,0,2025-12-29
2380,11,53,Taameya Sandwich,42.02,0,2024-01-01
2381,11,53,Falafel Sub,39.61,1,2024-02-12
2382,11,53,Falafel Sandwich,40.11,0,2024-02-26
2383,11,53,Falafel Sandwich,40.62,0,2024-03-11
2384,11,53,Taameya Sandwich,35.98,1,2024-03-25
2385,11,53,Taameya Sandwich,36.45,0,2024-04-22
2386,11,53,Taameya Sandwich,33.27,1,2024-05-06
2387,11,53,Taameya Sandwich,33.63,0,2024-06-03
2388,11,53,Taameya Sandwich,33.81,0,2024-06-17
2389,11,53,Falafel Sub,34.3,0,2024-07-01
2390,11,53,Falafel Sandwich,34.74,0,2024-07-15
2391,11,53,Falafel Sandwich,35.04,0,2024-08-12
2392,11,53,Falafel Sub,33.87,1,2024-09-23
2393,11,53,Falafel Sub,34.07,0,2024-10-21
2394,11,53,Falafel Sub,32.97,1,2024-11-04
2395,11,53,Falafel Sub,33.21,0,2024-11-18
2396,11,53,Taameya Sandwich,33.59,0,2024-12-02
2397,11,53,Falafel Sandwich,34.0,0,2024-12-16
2398,11,53,Taameya Sandwich,34.21,0,2024-12-30
2399,11,53,Taameya Sandwich,34.7,0,2025-01-13
2400,11,53,Falafel Sub,34.89,0,2025-01-27
2401,11,53,Falafel Sandwich,34.1,0,2025-02-10
2402,11,53,Falafel Sandwich,34.52,0,2025-03-10
2403,11,53,Taameya Sandwich,31.72,1,2025-04-07
2404,11,53,Taameya Sandwich,31.89,0,2025-05-05
2405,11,53,Falafel Sandwich,32.32,0,2025-06-16
2406,11,53,Falafel Sub,32.55,0,2025-06-30
2407,11,53,Falafel Sandwich,33.0,0,2025-08-11
2408,11,53,Falafel Sub,33.25,0,2025-08-25
2409,11,53,Falafel Sandwich,33.48,0,2025-09-08
2410,11,53,Falafel Sandwich,33.68,0,2025-10-20
2411,11,53,Falafel Sandwich,34.03,0,2025-11-03
2412,11,53,Taameya Sandwich,34.47,0,2025-11-17
2413,11,53,Falafel Sub,34.83,0,2025-12-01
2414,11,3,Grilled Chicken,123.78,0,2024-01-15
2415,11,3,Half Chicken,124.5,0,2024-02-26
2416,11,3,Roasted Chicken,113.74,1,2024-03-25
2417,11,3,Grilled Chicken,115.42,0,2024-04-08
2418,11,3,Grilled Chicken,116.46,0,2024-04-22
2419,11,3,Roasted Chicken,117.43,0,2024-05-20
2420,11,3,Roasted Chicken,118.02,0,2024-06-03
2421,11,3,Grilled Chicken,108.46,1,2024-06-17
2422,11,3,Roasted Chicken,109.08,0,2024-07-01
2423,11,3,Roasted Chicken,110.07,0,2024-07-15
2424,11,3,Grilled Chicken,111.53,0,2024-07-29
2425,11,3,Half Chicken,112.75,0,2024-08-12
2426,11,3,Grilled Chicken,110.73,0,2024-08-26
2427,11,3,Roasted Chicken,111.77,0,2024-09-23
2428,11,3,Roasted Chicken,113.03,0,2024-10-07
2429,11,3,Half Chicken,108.04,1,2024-10-21
2430,11,3,Roasted Chicken,109.01,0,2024-11-04
2431,11,3,Half Chicken,110.11,0,2024-11-18
2432,11,3,Roasted Chicken,101.85,1,2024-12-02
2433,11,3,Half Chicken,98.05,1,2024-12-30
2434,11,3,Grilled Chicken,98.85,0,2025-01-13
2435,11,3,Grilled Chicken,99.83,0,2025-01-27
2436,11,3,Grilled Chicken,100.58,0,2025-02-10
2437,11,3,Half Chicken,98.63,0,2025-02-24
2438,11,3,Half Chicken,94.94,1,2025-03-24
2439,11,3,Roasted Chicken,95.55,0,2025-04-07
2440,11,3,Half Chicken,96.53,0,2025-04-21
2441,11,3,Grilled Chicken,97.54,0,2025-05-05
2442,11,3,Grilled Chicken,98.94,0,2025-05-19
2443,11,3,Roasted Chicken,99.53,0,2025-06-02
2444,11,3,Half Chicken,96.77,0,2025-06-16
2445,11,3,Grilled Chicken,97.45,0,2025-06-30
2446,11,3,Grilled Chicken,88.94,1,2025-07-28
2447,11,3,Roasted Chicken,82.89,1,2025-08-25
2448,11,3,Roasted Chicken,83.71,0,2025-09-08
2449,11,3,Grilled Chicken,84.53,0,2025-10-06
2450,11,3,Roasted Chicken,85.12,0,2025-11-03
2451,11,3,Roasted Chicken,86.13,0,2025-11-17
2452,11,3,Grilled Chicken,87.25,0,2025-12-01
2453,11,3,Roasted Chicken,88.14,0,2025-12-15
2454,11,3,Roasted Chicken,88.7,0,2025-12-29
2455,11,40,Classic Pizza,120.92,0,2024-01-01
2456,11,40,Margherita,122.08,0,2024-01-15
2457,11,40,Margherita,123.08,0,2024-01-29
2458,11,40,Cheese Pizza,114.08,1,2024-02-12
2459,11,40,Cheese Pizza,115.49,0,2024-03-11
2460,11,40,Classic Pizza,116.5,0,2024-03-25
2461,11,40,Margherita,117.32,0,2024-04-22
2462,11,40,Cheese Pizza,115.54,0,2024-05-06
2463,11,40,Margherita,116.78,0,2024-05-20
2464,11,40,Classic Pizza,106.95,1,2024-06-03
2465,11,40,Margherita,107.88,0,2024-06-17
2466,11,40,Margherita,109.04,0,2024-07-01
2467,11,40,Classic Pizza,109.79,0,2024-07-15
2468,11,40,Cheese Pizza,110.55,0,2024-07-29
2469,11,40,Margherita,111.22,0,2024-08-26
2470,11,40,Margherita,112.59,0,2024-09-09
2471,11,40,Cheese Pizza,113.18,0,2024-10-21
2472,11,40,Cheese Pizza,109.45,1,2024-11-04
2473,11,40,Cheese Pizza,111.03,0,2024-12-16
2474,11,40,Classic Pizza,111.99,0,2024-12-30
2475,11,40,Margherita,110.0,0,2025-01-13
2476,11,40,Margherita,111.38,0,2025-02-10
2477,11,40,Classic Pizza,113.02,0,2025-02-24
2478,11,40,Cheese Pizza,100.72,1,2025-03-24
2479,11,40,Margherita,101.64,0,2025-04-07
2480,11,40,Classic Pizza,103.14,0,2025-04-21
2481,11,40,Margherita,104.0,0,2025-05-05
2482,11,40,Cheese Pizza,104.86,0,2025-05-19
2483,11,40,Classic Pizza,101.78,0,2025-06-16
2484,11,40,Margherita,102.71,0,2025-07-28
2485,11,40,Classic Pizza,92.78,1,2025-08-11
2486,11,40,Cheese Pizza,93.73,0,2025-10-06
2487,11,40,Cheese Pizza,94.76,0,2025-10-20
2488,11,40,Margherita,94.23,0,2025-11-17
2489,11,40,Cheese Pizza,95.01,0,2025-12-01
2490,11,40,Classic Pizza,96.06,0,2025-12-15
2491,11,40,Margherita,97.23,0,2025-12-29
2492,11,13,Baked Pasta,111.51,0,2024-01-15
2493,11,13,Baked Pasta,112.08,0,2024-02-12
2494,11,13,Baked Pasta,101.39,1,2024-02-26
2495,11,13,Macarona Bechamel,101.94,0,2024-03-11
2496,11,13,Baked Pasta,102.73,0,2024-03-25
2497,11,13,Macarona Bechamel,103.44,0,2024-05-20
2498,11,13,Baked Pasta,104.56,0,2024-07-15
2499,11,13,Macarona Bechamel,102.26,0,2024-07-29
2500,11,13,Macarona Bechamel,103.63,0,2024-08-12
2501,11,13,Bechamel Pasta,105.05,0,2024-09-23
2502,11,13,Baked Pasta,105.65,0,2024-10-21
2503,11,13,Macarona Bechamel,106.57,0,2024-11-04
2504,11,13,Bechamel Pasta,107.71,0,2024-11-18
2505,11,13,Macarona Bechamel,109.1,0,2024-12-16
2506,11,13,Bechamel Pasta,100.79,1,2024-12-30
2507,11,13,Macarona Bechamel,101.56,0,2025-01-13
2508,11,13,Baked Pasta,103.03,0,2025-02-10
2509,11,13,Bechamel Pasta,93.89,1,2025-02-24
2510,11,13,Baked Pasta,95.04,0,2025-03-10
2511,11,13,Bechamel Pasta,88.82,1,2025-03-24
2512,11,13,Bechamel Pasta,89.79,0,2025-04-07
2513,11,13,Baked Pasta,90.88,0,2025-04-21
2514,11,13,Bechamel Pasta,91.47,0,2025-05-19
2515,11,13,Bechamel Pasta,92.52,0,2025-06-02
2516,11,13,Bechamel Pasta,93.87,0,2025-06-30
2517,11,13,Bechamel Pasta,93.29,0,2025-07-14
2518,11,13,Macarona Bechamel,88.98,1,2025-07-28
2519,11,13,Bechamel Pasta,90.05,0,2025-08-25
2520,11,13,Bechamel Pasta,90.77,0,2025-09-08
2521,11,13,Macarona Bechamel,89.66,0,2025-09-22
2522,11,13,Baked Pasta,90.56,0,2025-10-06
2523,11,13,Bechamel Pasta,91.24,0,2025-11-03
2524,11,13,Baked Pasta,89.94,0,2025-11-17
2525,11,13,Macarona Bechamel,91.02,0,2025-12-15
2526,11,13,Bechamel Pasta,92.26,0,2025-12-29
2527,11,1,Mixed Kofta,111.58,0,2024-01-01
2528,11,1,Grilled Kofta Plate,112.61,0,2024-01-15
2529,11,1,Grilled Kofta Plate,107.92,1,2024-02-12
2530,11,1,Grilled Kofta Plate,109.35,0,2024-02-26
2531,11,1,Classic Kofta,101.99,1,2024-03-11
2532,11,1,Classic Kofta,102.69,0,2024-03-25
2533,11,1,Grilled Kofta Plate,99.85,0,2024-04-22
2534,11,1,Classic Kofta,97.61,0,2024-05-06
2535,11,1,Classic Kofta,98.71,0,2024-06-03
2536,11,1,Grilled Kofta Plate,100.03,0,2024-06-17
2537,11,1,Grilled Kofta Plate,97.62,0,2024-07-01
2538,11,1,Mixed Kofta,90.6,1,2024-07-29
2539,11,1,Grilled Kofta Plate,86.31,1,2024-08-12
2540,11,1,Classic Kofta,87.06,0,2024-08-26
2541,11,1,Grilled Kofta Plate,88.01,0,2024-09-23
2542,11,1,Grilled Kofta Plate,89.02,0,2024-10-07
2543,11,1,Classic Kofta,90.02,0,2024-10-21
2544,11,1,Classic Kofta,90.71,0,2024-12-16
2545,11,1,Mixed Kofta,91.18,0,2024-12-30
2546,11,1,Grilled Kofta Plate,92.19,0,2025-01-13
2547,11,1,Classic Kofta,93.4,0,2025-02-10
2548,11,1,Mixed Kofta,94.32,0,2025-02-24
2549,11,1,Grilled Kofta Plate,95.15,0,2025-03-24
2550,11,1,Grilled Kofta Plate,96.03,0,2025-04-07
2551,11,1,Classic Kofta,87.6,1,2025-05-05
2552,11,1,Classic Kofta,88.25,0,2025-05-19
2553,11,1,Classic Kofta,88.87,0,2025-06-02
2554,11,1,Grilled Kofta Plate,89.41,0,2025-06-16
2555,11,1,Mixed Kofta,83.71,1,2025-06-30
2556,11,1,Grilled Kofta Plate,75.76,1,2025-07-14
2557,11,1,Classic Kofta,76.5,0,2025-08-25
2558,11,1,Mixed Kofta,77.27,0,2025-09-22
2559,11,1,Classic Kofta,77.77,0,2025-10-06
2560,11,1,Grilled Kofta Plate,77.17,0,2025-10-20
2561,11,1,Grilled Kofta Plate,77.73,0,2025-11-03
2562,11,1,Grilled Kofta Plate,78.59,0,2025-12-01
2563,11,1,Mixed Kofta,73.52,1,2025-12-15
2564,11,34,Chicken Family Meal,507.42,0,2024-01-15
2565,11,34,Chicken Family Meal,511.75,0,2024-02-26
2566,11,34,Chicken Family Meal,517.09,0,2024-03-11
2567,11,34,Chicken Family Meal,522.45,0,2024-03-25
2568,11,34,Chicken Family Meal,495.38,1,2024-04-08
2569,11,34,Chicken Family Meal,499.99,0,2024-05-06
2570,11,34,Roasted Family Pack,505.37,0,2024-05-20
2571,11,34,Family Chicken,511.74,0,2024-06-03
2572,11,34,Family Chicken,517.44,0,2024-06-17
2573,11,34,Chicken Family Meal,524.16,0,2024-07-01
2574,11,34,Roasted Family Pack,528.83,0,2024-07-15
2575,11,34,Family Chicken,534.32,0,2024-08-12
2576,11,34,Roasted Family Pack,502.66,1,2024-09-09
2577,11,34,Chicken Family Meal,507.46,0,2024-09-23
2578,11,34,Roasted Family Pack,513.46,0,2024-10-21
2579,11,34,Roasted Family Pack,518.3,0,2024-11-18
2580,11,34,Roasted Family Pack,521.6,0,2024-12-02
2581,11,34,Roasted Family Pack,527.62,0,2024-12-16
2582,11,34,Roasted Family Pack,531.73,0,2024-12-30
2583,11,34,Family Chicken,535.6,0,2025-01-13
2584,11,34,Family Chicken,506.85,1,2025-01-27
2585,11,34,Chicken Family Meal,511.92,0,2025-02-10
2586,11,34,Family Chicken,515.93,0,2025-02-24
2587,11,34,Chicken Family Meal,456.95,1,2025-03-24
2588,11,34,Chicken Family Meal,463.14,0,2025-04-07
2589,11,34,Roasted Family Pack,466.12,0,2025-04-21
2590,11,34,Roasted Family Pack,432.6,1,2025-05-05
2591,11,34,Chicken Family Meal,438.23,0,2025-05-19
2592,11,34,Family Chicken,444.53,0,2025-06-16
2593,11,34,Family Chicken,448.83,0,2025-06-30
2594,11,34,Family Chicken,452.21,0,2025-07-14
2595,11,34,Roasted Family Pack,436.58,1,2025-07-28
2596,11,34,Chicken Family Meal,426.05,0,2025-08-11
2597,11,34,Chicken Family Meal,431.77,0,2025-09-08
2598,11,34,Chicken Family Meal,437.58,0,2025-10-06
2599,11,34,Chicken Family Meal,442.05,0,2025-10-20
2600,11,34,Roasted Family Pack,448.41,0,2025-11-03
2601,11,34,Roasted Family Pack,440.83,0,2025-11-17
2602,11,34,Chicken Family Meal,443.49,0,2025-12-15
2603,11,33,BBQ Family Pack,664.12,0,2024-01-01
2604,11,33,Mixed Grill Family,670.28,0,2024-01-15
2605,11,33,Family Grill Box,677.58,0,2024-01-29
2606,11,33,BBQ Family Pack,684.43,0,2024-02-26
2607,11,33,Family Grill Box,605.43,1,2024-03-11
2608,11,33,Mixed Grill Family,575.21,1,2024-03-25
2609,11,33,Mixed Grill Family,578.87,0,2024-04-08
2610,11,33,Mixed Grill Family,582.57,0,2024-04-22
2611,11,33,Family Grill Box,589.25,0,2024-05-06
2612,11,33,BBQ Family Pack,596.28,0,2024-05-20
2613,11,33,Mixed Grill Family,603.28,0,2024-06-03
2614,11,33,BBQ Family Pack,608.09,0,2024-06-17
2615,11,33,BBQ Family Pack,613.97,0,2024-07-01
2616,11,33,Family Grill Box,620.78,0,2024-08-12
2617,11,33,Mixed Grill Family,629.02,0,2024-08-26
2618,11,33,Mixed Grill Family,637.37,0,2024-09-09
2619,11,33,Family Grill Box,642.31,0,2024-09-23
2620,11,33,BBQ Family Pack,633.5,0,2024-10-07
2621,11,33,BBQ Family Pack,594.45,1,2024-10-21
2622,11,33,Family Grill Box,573.42,1,2024-11-04
2623,11,33,Family Grill Box,543.9,1,2024-11-18
2624,11,33,Family Grill Box,550.63,0,2024-12-02
2625,11,33,BBQ Family Pack,556.36,0,2024-12-30
2626,11,33,Family Grill Box,553.05,0,2025-01-13
2627,11,33,BBQ Family Pack,557.98,0,2025-01-27
2628,11,33,Mixed Grill Family,563.25,0,2025-02-10
2629,11,33,Mixed Grill Family,508.02,1,2025-02-24
2630,11,33,Family Grill Box,485.97,1,2025-03-10
2631,11,33,Family Grill Box,467.86,1,2025-03-24
2632,11,33,BBQ Family Pack,474.48,0,2025-04-07
2633,11,33,Mixed Grill Family,478.52,0,2025-04-21
2634,11,33,Mixed Grill Family,482.02,0,2025-05-19
2635,11,33,Family Grill Box,486.45,0,2025-06-02
2636,11,33,Family Grill Box,492.37,0,2025-06-16
2637,11,33,Mixed Grill Family,461.03,1,2025-07-14
2638,11,33,Mixed Grill Family,463.88,0,2025-07-28
2639,11,33,Mixed Grill Family,451.3,0,2025-08-25
2640,11,33,Family Grill Box,457.96,0,2025-10-06
2641,11,33,BBQ Family Pack,440.64,1,2025-10-20
2642,11,33,BBQ Family Pack,411.11,1,2025-11-03
2643,11,33,BBQ Family Pack,415.72,0,2025-11-17
2644,11,33,Mixed Grill Family,420.0,0,2025-12-01
2645,11,33,Family Grill Box,425.6,0,2025-12-15
2646,11,33,BBQ Family Pack,430.92,0,2025-12-29
2647,11,2,Grilled Kabab,157.7,1,2024-01-01
2648,11,2,Grilled Kabab,159.99,0,2024-01-15
2649,11,2,Halal Kabab,162.36,0,2024-02-12
2650,11,2,Kabab Platter,160.53,0,2024-02-26
2651,11,2,Grilled Kabab,162.36,0,2024-03-11
2652,11,2,Grilled Kabab,164.08,0,2024-03-25
2653,11,2,Halal Kabab,165.03,0,2024-04-22
2654,11,2,Halal Kabab,157.06,1,2024-05-20
2655,11,2,Kabab Platter,158.99,0,2024-06-03
2656,11,2,Kabab Platter,160.18,0,2024-06-17
2657,11,2,Kabab Platter,162.13,0,2024-07-01
2658,11,2,Kabab Platter,147.3,1,2024-07-15
2659,11,2,Kabab Platter,149.15,0,2024-08-12
2660,11,2,Kabab Platter,150.55,0,2024-08-26
2661,11,2,Grilled Kabab,151.33,0,2024-09-09
2662,11,2,Kabab Platter,153.12,0,2024-10-07
2663,11,2,Halal Kabab,154.23,0,2024-10-21
2664,11,2,Kabab Platter,155.8,0,2024-12-02
2665,11,2,Halal Kabab,153.2,0,2024-12-16
2666,11,2,Grilled Kabab,138.25,1,2024-12-30
2667,11,2,Grilled Kabab,139.15,0,2025-01-13
2668,11,2,Halal Kabab,140.26,0,2025-02-10
2669,11,2,Halal Kabab,132.92,1,2025-03-10
2670,11,2,Kabab Platter,133.74,0,2025-03-24
2671,11,2,Grilled Kabab,135.26,0,2025-04-07
2672,11,2,Halal Kabab,136.51,0,2025-05-05
2673,11,2,Kabab Platter,138.12,0,2025-06-02
2674,11,2,Grilled Kabab,139.6,0,2025-06-16
2675,11,2,Grilled Kabab,140.42,0,2025-06-30
2676,11,2,Kabab Platter,141.31,0,2025-07-14
2677,11,2,Grilled Kabab,143.35,0,2025-08-11
2678,11,2,Halal Kabab,145.21,0,2025-08-25
2679,11,2,Grilled Kabab,146.17,0,2025-09-08
2680,11,2,Kabab Platter,147.11,0,2025-09-22
2681,11,2,Halal Kabab,149.09,0,2025-10-20
2682,11,2,Grilled Kabab,140.51,1,2025-11-03
2683,11,2,Halal Kabab,142.28,0,2025-12-01
2684,11,36,Classic Burger,128.82,0,2024-01-01
2685,11,36,Classic Burger,130.67,0,2024-01-15
2686,11,36,Smash Burger,131.42,0,2024-01-29
2687,11,36,Classic Burger,132.82,0,2024-02-12
2688,11,36,Smash Burger,127.9,1,2024-02-26
2689,11,36,Classic Burger,129.27,0,2024-03-11
2690,11,36,Beef Burger,114.37,1,2024-03-25
2691,11,36,Smash Burger,115.21,0,2024-04-08
2692,11,36,Smash Burger,109.7,1,2024-04-22
2693,11,36,Classic Burger,110.38,0,2024-05-20
2694,11,36,Classic Burger,111.82,0,2024-06-03
2695,11,36,Smash Burger,113.21,0,2024-06-17
2696,11,36,Smash Burger,114.5,0,2024-07-01
2697,11,36,Beef Burger,116.15,0,2024-07-29
2698,11,36,Classic Burger,113.32,0,2024-08-26
2699,11,36,Classic Burger,114.42,0,2024-09-09
2700,11,36,Classic Burger,115.96,0,2024-09-23
2701,11,36,Smash Burger,116.71,0,2024-10-07
2702,11,36,Classic Burger,117.6,0,2024-10-21
2703,11,36,Classic Burger,118.6,0,2024-12-16
2704,11,36,Classic Burger,120.19,0,2024-12-30
2705,11,36,Smash Burger,121.62,0,2025-01-13
2706,11,36,Beef Burger,122.38,0,2025-01-27
2707,11,36,Smash Burger,124.2,0,2025-02-10
2708,11,36,Classic Burger,124.84,0,2025-02-24
2709,11,36,Smash Burger,118.14,1,2025-03-10
2710,11,36,Classic Burger,107.04,1,2025-03-24
2711,11,36,Smash Burger,108.39,0,2025-04-07
2712,11,36,Classic Burger,109.99,0,2025-04-21
2713,11,36,Beef Burger,110.72,0,2025-05-05
2714,11,36,Smash Burger,111.34,0,2025-05-19
2715,11,36,Classic Burger,112.2,0,2025-06-16
2716,11,36,Classic Burger,113.3,0,2025-06-30
2717,11,36,Smash Burger,105.67,1,2025-07-28
2718,11,36,Smash Burger,106.34,0,2025-08-11
2719,11,36,Classic Burger,107.02,0,2025-08-25
2720,11,36,Classic Burger,108.09,0,2025-09-08
2721,11,36,Smash Burger,109.44,0,2025-09-22
2722,11,36,Smash Burger,110.09,0,2025-10-06
2723,11,36,Classic Burger,111.24,0,2025-10-20
2724,11,36,Classic Burger,108.67,0,2025-11-03
2725,11,36,Classic Burger,110.17,0,2025-12-15
2726,11,36,Beef Burger,111.18,0,2025-12-29
2727,11,60,Family Lamb Platter,621.43,0,2024-01-01
2728,11,60,Family Lamb Platter,626.1,0,2024-02-12
2729,11,60,Lamb Feast,632.34,0,2024-02-26
2730,11,60,Lamb Feast,641.13,0,2024-03-11
2731,11,60,Lamb Family Meal,607.58,1,2024-03-25
2732,11,60,Lamb Family Meal,551.43,1,2024-04-08
2733,11,60,Family Lamb Platter,556.51,0,2024-05-20
2734,11,60,Lamb Family Meal,561.73,0,2024-06-17
2735,11,60,Lamb Family Meal,549.21,0,2024-07-01
2736,11,60,Lamb Feast,533.43,0,2024-08-12
2737,11,60,Lamb Family Meal,539.76,0,2024-09-09
2738,11,60,Lamb Family Meal,542.69,0,2024-10-07
2739,11,60,Lamb Feast,530.12,0,2024-11-04
2740,11,60,Family Lamb Platter,517.59,0,2024-11-18
2741,11,60,Lamb Family Meal,468.46,1,2024-12-02
2742,11,60,Family Lamb Platter,471.37,0,2024-12-30
2743,11,60,Lamb Feast,457.04,1,2025-01-13
2744,11,60,Lamb Feast,462.17,0,2025-01-27
2745,11,60,Lamb Feast,468.18,0,2025-02-10
2746,11,60,Lamb Feast,474.16,0,2025-03-10
2747,11,60,Family Lamb Platter,454.46,1,2025-04-21
2748,11,60,Family Lamb Platter,459.51,0,2025-05-05
2749,11,60,Family Lamb Platter,446.24,0,2025-06-02
2750,11,60,Lamb Family Meal,450.63,0,2025-06-16
2751,11,60,Lamb Family Meal,415.49,1,2025-06-30
2752,11,60,Lamb Feast,381.98,1,2025-07-14
2753,11,60,Family Lamb Platter,346.02,1,2025-08-11
2754,11,60,Lamb Family Meal,326.41,1,2025-09-08
2755,11,60,Lamb Feast,328.56,0,2025-10-06
2756,11,60,Lamb Family Meal,330.56,0,2025-10-20
2757,11,60,Family Lamb Platter,332.88,0,2025-11-03
2758,11,60,Lamb Feast,337.28,0,2025-11-17
2759,11,60,Lamb Feast,341.82,0,2025-12-01
2760,11,60,Family Lamb Platter,344.21,0,2025-12-15
2761,12,8,Molokhia & Rice,127.73,0,2024-01-01
2762,12,8,Molokhia Dish,129.21,0,2024-01-15
2763,12,8,Molokhia Dish,130.04,0,2024-01-29
2764,12,8,Molokhia Dish,129.17,0,2024-02-12
2765,12,8,Molokhia Dish,118.97,1,2024-02-26
2766,12,8,Molokhia Dish,119.63,0,2024-03-25
2767,12,8,Molokhia & Rice,112.09,1,2024-05-06
2768,12,8,Green Soup,113.03,0,2024-05-20
2769,12,8,Molokhia & Rice,114.09,0,2024-06-03
2770,12,8,Molokhia Dish,114.78,0,2024-06-17
2771,12,8,Green Soup,115.61,0,2024-08-26
2772,12,8,Green Soup,117.17,0,2024-09-09
2773,12,8,Molokhia & Rice,118.34,0,2024-10-21
2774,12,8,Molokhia & Rice,119.92,0,2024-11-04
2775,12,8,Molokhia Dish,118.98,0,2024-11-18
2776,12,8,Green Soup,119.77,0,2024-12-02
2777,12,8,Molokhia Dish,120.43,0,2025-01-13
2778,12,8,Molokhia Dish,121.12,0,2025-01-27
2779,12,8,Green Soup,121.92,0,2025-02-24
2780,12,8,Molokhia & Rice,118.19,1,2025-03-24
2781,12,8,Green Soup,118.88,0,2025-04-07
2782,12,8,Molokhia Dish,120.22,0,2025-04-21
2783,12,8,Green Soup,114.65,1,2025-05-05
2784,12,8,Green Soup,116.26,0,2025-05-19
2785,12,8,Molokhia Dish,117.63,0,2025-06-02
2786,12,8,Green Soup,118.74,0,2025-06-16
2787,12,8,Green Soup,119.52,0,2025-06-30
2788,12,8,Molokhia & Rice,120.96,0,2025-07-14
2789,12,8,Green Soup,122.27,0,2025-07-28
2790,12,8,Molokhia Dish,123.3,0,2025-08-11
2791,12,8,Molokhia & Rice,124.52,0,2025-08-25
2792,12,8,Molokhia Dish,115.06,1,2025-09-22
2793,12,8,Green Soup,115.88,0,2025-10-20
2794,12,8,Molokhia Dish,111.66,1,2025-11-17
2795,12,8,Molokhia Dish,112.9,0,2025-12-01
2796,12,8,Molokhia & Rice,114.16,0,2025-12-15
2797,12,8,Molokhia Dish,109.27,1,2025-12-29
2798,12,14,Stuffed Pigeon,133.83,1,2024-01-01
2799,12,14,Pigeon Dish,135.82,0,2024-01-15
2800,12,14,Hamam Mahshi,137.67,0,2024-02-12
2801,12,14,Pigeon Dish,138.74,0,2024-04-08
2802,12,14,Pigeon Dish,140.69,0,2024-04-22
2803,12,14,Pigeon Dish,141.71,0,2024-05-06
2804,12,14,Stuffed Pigeon,143.76,0,2024-07-01
2805,12,14,Stuffed Pigeon,144.9,0,2024-07-29
2806,12,14,Stuffed Pigeon,146.68,0,2024-08-12
2807,12,14,Hamam Mahshi,147.58,0,2024-08-26
2808,12,14,Hamam Mahshi,148.86,0,2024-09-09
2809,12,14,Hamam Mahshi,150.2,0,2024-09-23
2810,12,14,Stuffed Pigeon,152.29,0,2024-11-04
2811,12,14,Hamam Mahshi,145.25,1,2024-11-18
2812,12,14,Stuffed Pigeon,146.95,0,2024-12-16
2813,12,14,Pigeon Dish,149.05,0,2024-12-30
2814,12,14,Stuffed Pigeon,151.16,0,2025-01-13
2815,12,14,Pigeon Dish,152.65,0,2025-01-27
2816,12,14,Stuffed Pigeon,141.19,1,2025-02-10
2817,12,14,Hamam Mahshi,141.92,0,2025-03-10
2818,12,14,Pigeon Dish,136.78,1,2025-03-24
2819,12,14,Pigeon Dish,137.9,0,2025-04-07
2820,12,14,Stuffed Pigeon,139.39,0,2025-04-21
2821,12,14,Stuffed Pigeon,134.86,1,2025-05-05
2822,12,14,Pigeon Dish,127.01,1,2025-06-02
2823,12,14,Stuffed Pigeon,127.77,0,2025-06-16
2824,12,14,Hamam Mahshi,129.42,0,2025-06-30
2825,12,14,Hamam Mahshi,130.13,0,2025-07-14
2826,12,14,Stuffed Pigeon,131.23,0,2025-07-28
2827,12,14,Pigeon Dish,131.98,0,2025-08-11
2828,12,14,Pigeon Dish,133.06,0,2025-09-08
2829,12,14,Stuffed Pigeon,134.11,0,2025-09-22
2830,12,14,Hamam Mahshi,134.98,0,2025-10-20
2831,12,14,Pigeon Dish,136.91,0,2025-11-17
2832,12,14,Hamam Mahshi,133.16,0,2025-12-15
2833,12,14,Pigeon Dish,130.61,0,2025-12-29
2834,12,3,Half Chicken,129.31,1,2024-01-15
2835,12,3,Half Chicken,131.06,0,2024-01-29
2836,12,3,Roasted Chicken,118.84,1,2024-02-12
2837,12,3,Half Chicken,120.18,0,2024-03-11
2838,12,3,Grilled Chicken,111.44,1,2024-04-08
2839,12,3,Half Chicken,112.2,0,2024-04-22
2840,12,3,Grilled Chicken,113.25,0,2024-05-06
2841,12,3,Grilled Chicken,104.3,1,2024-05-20
2842,12,3,Half Chicken,96.02,1,2024-06-17
2843,12,3,Grilled Chicken,94.89,0,2024-07-15
2844,12,3,Roasted Chicken,96.04,0,2024-07-29
2845,12,3,Roasted Chicken,97.05,0,2024-08-12
2846,12,3,Grilled Chicken,97.56,0,2024-08-26
2847,12,3,Grilled Chicken,98.09,0,2024-10-07
2848,12,3,Roasted Chicken,99.31,0,2024-10-21
2849,12,3,Half Chicken,100.39,0,2024-11-04
2850,12,3,Half Chicken,101.8,0,2024-11-18
2851,12,3,Roasted Chicken,102.51,0,2024-12-02
2852,12,3,Half Chicken,104.04,0,2024-12-16
2853,12,3,Roasted Chicken,105.03,0,2024-12-30
2854,12,3,Roasted Chicken,106.47,0,2025-01-13
2855,12,3,Grilled Chicken,104.23,0,2025-01-27
2856,12,3,Grilled Chicken,105.34,0,2025-02-24
2857,12,3,Roasted Chicken,105.9,0,2025-03-24
2858,12,3,Roasted Chicken,102.84,0,2025-04-07
2859,12,3,Half Chicken,104.15,0,2025-04-21
2860,12,3,Half Chicken,105.34,0,2025-05-05
2861,12,3,Grilled Chicken,106.71,0,2025-05-19
2862,12,3,Grilled Chicken,107.57,0,2025-06-02
2863,12,3,Roasted Chicken,108.46,0,2025-06-16
2864,12,3,Half Chicken,109.04,0,2025-07-14
2865,12,3,Half Chicken,106.42,0,2025-07-28
2866,12,3,Roasted Chicken,106.97,0,2025-08-11
2867,12,3,Roasted Chicken,107.84,0,2025-09-08
2868,12,3,Grilled Chicken,109.22,0,2025-09-22
2869,12,3,Grilled Chicken,110.03,0,2025-10-06
2870,12,3,Half Chicken,111.35,0,2025-11-03
2871,12,3,Roasted Chicken,103.9,1,2025-11-17
2872,12,13,Baked Pasta,86.91,0,2024-01-15
2873,12,13,Bechamel Pasta,87.91,0,2024-01-29
2874,12,13,Baked Pasta,79.18,1,2024-02-12
2875,12,13,Macarona Bechamel,80.02,0,2024-03-11
2876,12,13,Macarona Bechamel,79.4,0,2024-03-25
2877,12,13,Baked Pasta,72.57,1,2024-04-08
2878,12,13,Bechamel Pasta,68.02,1,2024-05-06
2879,12,13,Macarona Bechamel,68.79,0,2024-05-20
2880,12,13,Baked Pasta,69.2,0,2024-06-17
2881,12,13,Baked Pasta,68.03,0,2024-07-15
2882,12,13,Bechamel Pasta,68.97,0,2024-07-29
2883,12,13,Baked Pasta,69.73,0,2024-08-12
2884,12,13,Bechamel Pasta,70.26,0,2024-08-26
2885,12,13,Bechamel Pasta,71.07,0,2024-09-09
2886,12,13,Bechamel Pasta,71.81,0,2024-11-18
2887,12,13,Macarona Bechamel,72.56,0,2024-12-02
2888,12,13,Baked Pasta,73.0,0,2024-12-16
2889,12,13,Baked Pasta,72.2,0,2025-01-13
2890,12,13,Baked Pasta,73.12,0,2025-01-27
2891,12,13,Baked Pasta,73.85,0,2025-02-24
2892,12,13,Macarona Bechamel,72.49,0,2025-03-10
2893,12,13,Macarona Bechamel,68.79,1,2025-03-24
2894,12,13,Baked Pasta,69.28,0,2025-04-07
2895,12,13,Bechamel Pasta,69.93,0,2025-06-02
2896,12,13,Bechamel Pasta,70.94,0,2025-07-14
2897,12,13,Macarona Bechamel,71.36,0,2025-08-25
2898,12,13,Bechamel Pasta,71.81,0,2025-09-08
2899,12,13,Macarona Bechamel,65.72,1,2025-11-17
2900,12,13,Baked Pasta,66.68,0,2025-12-15
2901,12,13,Baked Pasta,61.94,1,2025-12-29
2902,12,1,Grilled Kofta Plate,137.9,0,2024-01-01
2903,12,1,Grilled Kofta Plate,136.34,0,2024-01-15
2904,12,1,Mixed Kofta,137.64,0,2024-01-29
2905,12,1,Mixed Kofta,127.79,1,2024-02-12
2906,12,1,Classic Kofta,129.55,0,2024-02-26
2907,12,1,Mixed Kofta,117.05,1,2024-04-08
2908,12,1,Grilled Kofta Plate,117.74,0,2024-05-06
2909,12,1,Grilled Kofta Plate,118.66,0,2024-05-20
2910,12,1,Mixed Kofta,116.1,0,2024-07-01
2911,12,1,Grilled Kofta Plate,104.85,1,2024-07-15
2912,12,1,Classic Kofta,105.5,0,2024-07-29
2913,12,1,Grilled Kofta Plate,106.8,0,2024-08-12
2914,12,1,Mixed Kofta,108.23,0,2024-08-26
2915,12,1,Mixed Kofta,109.44,0,2024-09-09
2916,12,1,Classic Kofta,110.29,0,2024-10-07
2917,12,1,Classic Kofta,111.2,0,2024-10-21
2918,12,1,Classic Kofta,112.15,0,2024-11-04
2919,12,1,Mixed Kofta,113.33,0,2024-12-16
2920,12,1,Mixed Kofta,110.09,0,2024-12-30
2921,12,1,Mixed Kofta,111.04,0,2025-01-27
2922,12,1,Classic Kofta,105.87,1,2025-02-10
2923,12,1,Mixed Kofta,106.84,0,2025-04-07
2924,12,1,Grilled Kofta Plate,104.73,0,2025-04-21
2925,12,1,Classic Kofta,105.37,0,2025-05-05
2926,12,1,Mixed Kofta,106.15,0,2025-06-02
2927,12,1,Mixed Kofta,106.84,0,2025-06-16
2928,12,1,Grilled Kofta Plate,107.86,0,2025-06-30
2929,12,1,Mixed Kofta,108.81,0,2025-08-11
2930,12,1,Mixed Kofta,109.65,0,2025-08-25
2931,12,1,Classic Kofta,110.58,0,2025-09-08
2932,12,1,Mixed Kofta,111.8,0,2025-09-22
2933,12,1,Mixed Kofta,113.13,0,2025-10-06
2934,12,1,Mixed Kofta,113.75,0,2025-10-20
2935,12,1,Grilled Kofta Plate,115.42,0,2025-11-03
2936,12,1,Grilled Kofta Plate,116.51,0,2025-11-17
2937,12,1,Grilled Kofta Plate,109.28,1,2025-12-01
2938,12,1,Classic Kofta,110.71,0,2025-12-29
2939,13,9,Foul Medames,38.96,0,2024-01-01
2940,13,9,Ful Plate,39.29,0,2024-01-29
2941,13,9,Ful Plate,35.74,1,2024-02-12
2942,13,9,Foul Medames,34.05,1,2024-03-11
2943,13,9,Egyptian Ful,34.55,0,2024-03-25
2944,13,9,Ful Plate,34.81,0,2024-05-06
2945,13,9,Foul Medames,35.07,0,2024-06-03
2946,13,9,Egyptian Ful,35.4,0,2024-07-01
2947,13,9,Egyptian Ful,35.22,0,2024-07-15
2948,13,9,Foul Medames,35.58,0,2024-07-29
2949,13,9,Foul Medames,36.01,0,2024-08-12
2950,13,9,Foul Medames,36.39,0,2024-08-26
2951,13,9,Foul Medames,35.58,0,2024-09-09
2952,13,9,Ful Plate,35.98,0,2024-09-23
2953,13,9,Ful Plate,33.49,1,2024-10-07
2954,13,9,Egyptian Ful,33.69,0,2024-11-04
2955,13,9,Egyptian Ful,34.16,0,2024-12-02
2956,13,9,Foul Medames,32.4,1,2024-12-16
2957,13,9,Foul Medames,32.72,0,2025-01-13
2958,13,9,Foul Medames,32.9,0,2025-01-27
2959,13,9,Egyptian Ful,31.33,1,2025-02-10
2960,13,9,Ful Plate,31.54,0,2025-02-24
2961,13,9,Egyptian Ful,31.98,0,2025-03-10
2962,13,9,Ful Plate,32.24,0,2025-03-24
2963,13,9,Ful Plate,32.56,0,2025-04-07
2964,13,9,Egyptian Ful,32.83,0,2025-04-21
2965,13,9,Foul Medames,33.11,0,2025-05-05
2966,13,9,Egyptian Ful,32.81,0,2025-05-19
2967,13,9,Foul Medames,32.51,0,2025-06-02
2968,13,9,Egyptian Ful,32.95,0,2025-06-16
2969,13,9,Ful Plate,30.61,1,2025-06-30
2970,13,9,Ful Plate,30.81,0,2025-07-14
2971,13,9,Foul Medames,28.87,1,2025-08-25
2972,13,9,Foul Medames,29.18,0,2025-09-22
2973,13,9,Foul Medames,29.45,0,2025-10-06
2974,13,9,Foul Medames,27.27,1,2025-10-20
2975,13,9,Ful Plate,27.5,0,2025-11-17
2976,13,9,Egyptian Ful,27.86,0,2025-12-01
2977,13,9,Ful Plate,26.87,1,2025-12-15
2978,13,9,Egyptian Ful,27.07,0,2025-12-29
2979,13,34,Family Chicken,420.65,0,2024-01-01
2980,13,34,Roasted Family Pack,423.82,0,2024-01-15
2981,13,34,Roasted Family Pack,426.37,0,2024-02-12
2982,13,34,Family Chicken,429.21,0,2024-02-26
2983,13,34,Family Chicken,435.01,0,2024-03-25
2984,13,34,Roasted Family Pack,441.36,0,2024-04-08
2985,13,34,Roasted Family Pack,447.22,0,2024-06-03
2986,13,34,Chicken Family Meal,419.55,1,2024-06-17
2987,13,34,Chicken Family Meal,380.78,1,2024-07-15
2988,13,34,Roasted Family Pack,376.09,0,2024-07-29
2989,13,34,Chicken Family Meal,379.67,0,2024-09-09
2990,13,34,Family Chicken,368.42,0,2024-09-23
2991,13,34,Chicken Family Meal,372.63,0,2024-10-07
2992,13,34,Roasted Family Pack,344.74,1,2024-11-04
2993,13,34,Family Chicken,348.05,0,2024-12-02
2994,13,34,Roasted Family Pack,350.51,0,2024-12-16
2995,13,34,Roasted Family Pack,353.91,0,2024-12-30
2996,13,34,Family Chicken,320.04,1,2025-01-13
2997,13,34,Chicken Family Meal,324.66,0,2025-01-27
2998,13,34,Chicken Family Meal,328.82,0,2025-02-10
2999,13,34,Chicken Family Meal,331.58,0,2025-02-24
3000,13,34,Roasted Family Pack,335.03,0,2025-04-07
3001,13,34,Roasted Family Pack,338.92,0,2025-04-21
3002,13,34,Roasted Family Pack,326.32,1,2025-05-05
3003,13,34,Chicken Family Meal,329.31,0,2025-05-19
3004,13,34,Chicken Family Meal,323.05,0,2025-06-30
3005,13,34,Chicken Family Meal,309.43,1,2025-07-14
3006,13,34,Family Chicken,313.66,0,2025-07-28
3007,13,34,Roasted Family Pack,289.62,1,2025-08-11
3008,13,34,Chicken Family Meal,291.55,0,2025-08-25
3009,13,34,Chicken Family Meal,295.08,0,2025-09-08
3010,13,34,Roasted Family Pack,297.12,0,2025-09-22
3011,13,34,Roasted Family Pack,301.31,0,2025-10-06
3012,13,34,Roasted Family Pack,303.13,0,2025-11-03
3013,13,34,Family Chicken,306.71,0,2025-11-17
3014,13,34,Chicken Family Meal,302.91,0,2025-12-01
3015,13,39,Crispy Chicken,90.0,1,2024-01-01
3016,13,39,Crispy Chicken,90.48,0,2024-01-29
3017,13,39,Fried Chicken,91.57,0,2024-02-12
3018,13,39,Crunchy Chicken,82.73,1,2024-02-26
3019,13,39,Crispy Chicken,83.3,0,2024-03-11
3020,13,39,Crispy Chicken,84.25,0,2024-03-25
3021,13,39,Crispy Chicken,84.76,0,2024-04-22
3022,13,39,Crispy Chicken,85.45,0,2024-06-17
3023,13,39,Fried Chicken,86.59,0,2024-07-01
3024,13,39,Fried Chicken,87.54,0,2024-07-15
3025,13,39,Crispy Chicken,88.75,0,2024-07-29
3026,13,39,Crunchy Chicken,89.27,0,2024-08-12
3027,13,39,Crunchy Chicken,85.34,1,2024-09-09
3028,13,39,Crispy Chicken,86.23,0,2024-10-07
3029,13,39,Crispy Chicken,87.12,0,2024-10-21
3030,13,39,Crunchy Chicken,87.85,0,2024-11-18
3031,13,39,Crispy Chicken,79.76,1,2024-12-02
3032,13,39,Crispy Chicken,80.92,0,2024-12-16
3033,13,39,Fried Chicken,81.82,0,2024-12-30
3034,13,39,Crispy Chicken,82.25,0,2025-01-13
3035,13,39,Fried Chicken,82.78,0,2025-02-24
3036,13,39,Crunchy Chicken,75.87,1,2025-03-10
3037,13,39,Crispy Chicken,71.13,1,2025-03-24
3038,13,39,Crispy Chicken,64.14,1,2025-04-07
3039,13,39,Crispy Chicken,64.54,0,2025-04-21
3040,13,39,Fried Chicken,59.06,1,2025-05-05
3041,13,39,Crispy Chicken,59.47,0,2025-05-19
3042,13,39,Crispy Chicken,60.01,0,2025-06-02
3043,13,39,Fried Chicken,60.47,0,2025-06-16
3044,13,39,Crispy Chicken,61.09,0,2025-06-30
3045,13,39,Crispy Chicken,61.42,0,2025-07-28
3046,13,39,Crispy Chicken,62.0,0,2025-08-11
3047,13,39,Fried Chicken,61.06,0,2025-10-06
3048,13,39,Crunchy Chicken,61.86,0,2025-11-03
3049,13,39,Fried Chicken,62.73,0,2025-12-01
3050,13,39,Crunchy Chicken,57.61,1,2025-12-15
3051,13,14,Hamam Mahshi,157.35,0,2024-01-01
3052,13,14,Hamam Mahshi,159.4,0,2024-01-15
3053,13,14,Stuffed Pigeon,160.43,0,2024-02-26
3054,13,14,Stuffed Pigeon,162.8,0,2024-03-11
3055,13,14,Pigeon Dish,163.62,0,2024-03-25
3056,13,14,Hamam Mahshi,158.71,1,2024-04-08
3057,13,14,Hamam Mahshi,159.55,0,2024-04-22
3058,13,14,Stuffed Pigeon,153.95,1,2024-05-20
3059,13,14,Pigeon Dish,155.91,0,2024-06-17
3060,13,14,Stuffed Pigeon,158.11,0,2024-07-01
3061,13,14,Stuffed Pigeon,159.66,0,2024-07-29
3062,13,14,Pigeon Dish,161.78,0,2024-08-26
3063,13,14,Hamam Mahshi,158.52,0,2024-09-09
3064,13,14,Stuffed Pigeon,159.72,0,2024-09-23
3065,13,14,Stuffed Pigeon,148.85,1,2024-10-07
3066,13,14,Hamam Mahshi,150.74,0,2024-10-21
3067,13,14,Pigeon Dish,151.65,0,2024-11-04
3068,13,14,Hamam Mahshi,153.59,0,2024-12-02
3069,13,14,Hamam Mahshi,154.62,0,2024-12-30
3070,13,14,Stuffed Pigeon,156.62,0,2025-01-13
3071,13,14,Pigeon Dish,158.88,0,2025-01-27
3072,13,14,Stuffed Pigeon,160.9,0,2025-02-10
3073,13,14,Hamam Mahshi,154.36,1,2025-02-24
3074,13,14,Hamam Mahshi,145.63,1,2025-04-07
3075,13,14,Pigeon Dish,147.58,0,2025-05-05
3076,13,14,Hamam Mahshi,148.44,0,2025-06-16
3077,13,14,Hamam Mahshi,149.51,0,2025-06-30
3078,13,14,Pigeon Dish,151.5,0,2025-07-14
3079,13,14,Hamam Mahshi,139.4,1,2025-07-28
3080,13,14,Pigeon Dish,140.54,0,2025-09-08
3081,13,14,Stuffed Pigeon,133.73,1,2025-09-22
3082,13,14,Hamam Mahshi,135.42,0,2025-10-06
3083,13,14,Stuffed Pigeon,137.03,0,2025-11-03
3084,13,14,Hamam Mahshi,138.58,0,2025-11-17
3085,13,14,Hamam Mahshi,140.65,0,2025-12-01
3086,13,14,Pigeon Dish,137.76,0,2025-12-15
3087,13,14,Pigeon Dish,139.82,0,2025-12-29
3088,13,7,Chicken Shawarma,110.47,0,2024-01-01
3089,13,7,Crispy Shawarma,111.23,0,2024-01-15
3090,13,7,Crispy Shawarma,112.87,0,2024-01-29
3091,13,7,Crispy Shawarma,101.64,1,2024-02-12
3092,13,7,Crispy Shawarma,98.28,1,2024-03-25
3093,13,7,Crispy Shawarma,99.31,0,2024-04-08
3094,13,7,Shawarma Wrap,92.97,1,2024-04-22
3095,13,7,Shawarma Wrap,92.31,0,2024-05-06
3096,13,7,Crispy Shawarma,93.24,0,2024-05-20
3097,13,7,Chicken Shawarma,87.91,1,2024-06-03
3098,13,7,Crispy Shawarma,88.71,0,2024-06-17
3099,13,7,Shawarma Wrap,89.38,0,2024-07-01
3100,13,7,Shawarma Wrap,90.42,0,2024-07-29
3101,13,7,Chicken Shawarma,90.93,0,2024-08-12
3102,13,7,Crispy Shawarma,91.54,0,2024-08-26
3103,13,7,Shawarma Wrap,92.85,0,2024-09-09
3104,13,7,Shawarma Wrap,93.64,0,2024-09-23
3105,13,7,Shawarma Wrap,94.45,0,2024-10-07
3106,13,7,Crispy Shawarma,95.11,0,2024-10-21
3107,13,7,Shawarma Wrap,95.72,0,2024-11-04
3108,13,7,Crispy Shawarma,94.19,0,2024-11-18
3109,13,7,Chicken Shawarma,95.52,0,2024-12-02
3110,13,7,Chicken Shawarma,96.05,0,2025-01-13
3111,13,7,Crispy Shawarma,97.2,0,2025-01-27
3112,13,7,Crispy Shawarma,97.82,0,2025-05-05
3113,13,7,Shawarma Wrap,98.65,0,2025-07-14
3114,13,7,Chicken Shawarma,99.2,0,2025-07-28
3115,13,7,Shawarma Wrap,100.03,0,2025-08-25
3116,13,7,Crispy Shawarma,101.26,0,2025-09-08
3117,13,7,Shawarma Wrap,102.36,0,2025-09-22
3118,13,7,Chicken Shawarma,94.65,1,2025-10-20
3119,13,7,Chicken Shawarma,95.15,0,2025-11-03
3120,13,7,Shawarma Wrap,86.26,1,2025-12-29
3121,13,11,Classic Koshari,72.16,0,2024-01-01
3122,13,11,Koshari,73.03,0,2024-01-15
3123,13,11,Egyptian Koshari,73.86,0,2024-02-12
3124,13,11,Egyptian Koshari,74.94,0,2024-02-26
3125,13,11,Egyptian Koshari,75.45,0,2024-03-11
3126,13,11,Koshari,70.17,1,2024-03-25
3127,13,11,Classic Koshari,70.89,0,2024-04-08
3128,13,11,Koshari,71.56,0,2024-04-22
3129,13,11,Egyptian Koshari,70.69,0,2024-05-06
3130,13,11,Koshari,71.33,0,2024-05-20
3131,13,11,Koshari,67.84,1,2024-06-03
3132,13,11,Classic Koshari,68.73,0,2024-06-17
3133,13,11,Egyptian Koshari,69.24,0,2024-07-01
3134,13,11,Koshari,69.85,0,2024-07-15
3135,13,11,Koshari,70.8,0,2024-07-29
3136,13,11,Koshari,71.49,0,2024-08-12
3137,13,11,Koshari,72.3,0,2024-08-26
3138,13,11,Koshari,69.95,1,2024-09-09
3139,13,11,Classic Koshari,65.82,1,2024-09-23
3140,13,11,Koshari,66.76,0,2024-10-21
3141,13,11,Egyptian Koshari,67.29,0,2024-11-04
3142,13,11,Classic Koshari,67.72,0,2024-12-02
3143,13,11,Classic Koshari,68.36,0,2024-12-30
3144,13,11,Classic Koshari,69.05,0,2025-01-13
3145,13,11,Egyptian Koshari,69.77,0,2025-01-27
3146,13,11,Egyptian Koshari,70.67,0,2025-02-10
3147,13,11,Koshari,71.49,0,2025-03-10
3148,13,11,Egyptian Koshari,72.4,0,2025-04-21
3149,13,11,Classic Koshari,73.35,0,2025-05-19
3150,13,11,Classic Koshari,74.23,0,2025-06-02
3151,13,11,Koshari,69.34,1,2025-06-16
3152,13,11,Egyptian Koshari,69.81,0,2025-07-14
3153,13,11,Koshari,65.77,1,2025-07-28
3154,13,11,Koshari,64.53,0,2025-08-25
3155,13,11,Classic Koshari,64.97,0,2025-09-08
3156,13,11,Koshari,65.62,0,2025-09-22
3157,13,11,Egyptian Koshari,63.65,1,2025-10-20
3158,13,11,Classic Koshari,62.16,0,2025-12-15
3159,13,41,Pepperoni Pizza,176.11,0,2024-01-01
3160,13,41,Pepperoni Pizza,178.66,0,2024-01-15
3161,13,41,Special Pizza,180.17,0,2024-01-29
3162,13,41,Meat Pizza,175.97,0,2024-02-26
3163,13,41,Special Pizza,177.27,0,2024-03-11
3164,13,41,Meat Pizza,179.55,0,2024-03-25
3165,13,41,Meat Pizza,169.17,1,2024-04-08
3166,13,41,Pepperoni Pizza,171.09,0,2024-05-06
3167,13,41,Meat Pizza,165.53,1,2024-05-20
3168,13,41,Special Pizza,152.09,1,2024-06-03
3169,13,41,Special Pizza,149.71,0,2024-06-17
3170,13,41,Special Pizza,143.87,1,2024-07-01
3171,13,41,Special Pizza,145.98,0,2024-07-15
3172,13,41,Special Pizza,147.13,0,2024-07-29
3173,13,41,Pepperoni Pizza,148.37,0,2024-08-12
3174,13,41,Meat Pizza,150.57,0,2024-09-09
3175,13,41,Special Pizza,152.41,0,2024-09-23
3176,13,41,Special Pizza,154.33,0,2024-10-07
3177,13,41,Special Pizza,156.27,0,2024-10-21
3178,13,41,Special Pizza,158.12,0,2024-11-18
3179,13,41,Meat Pizza,159.91,0,2024-12-16
3180,13,41,Meat Pizza,157.09,0,2024-12-30
3181,13,41,Pepperoni Pizza,159.2,0,2025-01-13
3182,13,41,Pepperoni Pizza,160.34,0,2025-02-10
3183,13,41,Pepperoni Pizza,162.09,0,2025-02-24
3184,13,41,Pepperoni Pizza,144.35,1,2025-03-10
3185,13,41,Special Pizza,146.4,0,2025-03-24
3186,13,41,Pepperoni Pizza,148.58,0,2025-04-07
3187,13,41,Meat Pizza,149.9,0,2025-04-21
3188,13,41,Special Pizza,148.35,0,2025-05-05
3189,13,41,Meat Pizza,150.52,0,2025-05-19
3190,13,41,Meat Pizza,142.13,1,2025-06-16
3191,13,41,Special Pizza,143.11,0,2025-07-14
3192,13,41,Pepperoni Pizza,132.13,1,2025-08-11
3193,13,41,Pepperoni Pizza,132.87,0,2025-08-25
3194,13,41,Pepperoni Pizza,134.73,0,2025-09-08
3195,13,41,Pepperoni Pizza,129.17,1,2025-09-22
3196,13,41,Meat Pizza,130.75,0,2025-10-06
3197,13,41,Meat Pizza,131.55,0,2025-10-20
3198,13,41,Special Pizza,132.34,0,2025-11-17
3199,13,41,Pepperoni Pizza,133.09,0,2025-12-15
3200,13,51,Spicy Liver Sub,69.89,0,2024-01-01
3201,13,51,Giblets Sandwich,70.38,0,2024-01-15
3202,13,51,Spicy Liver Sub,71.01,0,2024-01-29
3203,13,51,Giblets Sandwich,71.63,0,2024-02-12
3204,13,51,Spicy Liver Sub,72.1,0,2024-02-26
3205,13,51,Spicy Liver Sub,72.91,0,2024-03-25
3206,13,51,Spicy Liver Sub,73.79,0,2024-04-22
3207,13,51,Giblets Sandwich,69.78,1,2024-05-06
3208,13,51,Giblets Sandwich,70.32,0,2024-05-20
3209,13,51,Giblets Sandwich,71.07,0,2024-06-03
3210,13,51,Giblets Sandwich,71.85,0,2024-06-17
3211,13,51,Spicy Liver Sub,72.34,0,2024-07-01
3212,13,51,Giblets Sandwich,72.84,0,2024-07-15
3213,13,51,Liver Sandwich,73.36,0,2024-08-26
3214,13,51,Spicy Liver Sub,74.05,0,2024-09-09
3215,13,51,Spicy Liver Sub,75.08,0,2024-09-23
3216,13,51,Liver Sandwich,76.16,0,2024-11-04
3217,13,51,Giblets Sandwich,76.66,0,2024-11-18
3218,13,51,Liver Sandwich,77.48,0,2024-12-02
3219,13,51,Giblets Sandwich,78.52,0,2024-12-16
3220,13,51,Liver Sandwich,78.95,0,2024-12-30
3221,13,51,Giblets Sandwich,79.82,0,2025-01-13
3222,13,51,Liver Sandwich,79.24,0,2025-01-27
3223,13,51,Giblets Sandwich,80.18,0,2025-02-10
3224,13,51,Liver Sandwich,80.8,0,2025-04-07
3225,13,51,Liver Sandwich,82.0,0,2025-04-21
3226,13,51,Spicy Liver Sub,79.22,1,2025-05-05
3227,13,51,Giblets Sandwich,79.67,0,2025-05-19
3228,13,51,Giblets Sandwich,80.09,0,2025-06-02
3229,13,51,Liver Sandwich,81.24,0,2025-07-28
3230,13,51,Liver Sandwich,76.53,1,2025-08-11
3231,13,51,Liver Sandwich,77.2,0,2025-08-25
3232,13,51,Giblets Sandwich,78.15,0,2025-09-08
3233,13,51,Giblets Sandwich,78.55,0,2025-10-06
3234,13,51,Liver Sandwich,78.97,0,2025-10-20
3235,13,51,Spicy Liver Sub,76.37,1,2025-11-03
3236,13,51,Liver Sandwich,77.39,0,2025-11-17
3237,13,51,Spicy Liver Sub,77.86,0,2025-12-01
3238,13,51,Giblets Sandwich,78.39,0,2025-12-29
3239,13,8,Molokhia Dish,121.93,0,2024-01-29
3240,13,8,Molokhia Dish,123.1,0,2024-02-12
3241,13,8,Molokhia Dish,124.06,0,2024-02-26
3242,13,8,Green Soup,125.15,0,2024-03-11
3243,13,8,Molokhia Dish,113.07,1,2024-03-25
3244,13,8,Molokhia Dish,112.45,0,2024-04-08
3245,13,8,Green Soup,113.86,0,2024-04-22
3246,13,8,Molokhia & Rice,115.4,0,2024-05-06
3247,13,8,Molokhia Dish,117.0,0,2024-05-20
3248,13,8,Molokhia & Rice,117.66,0,2024-06-17
3249,13,8,Molokhia Dish,113.54,1,2024-07-29
3250,13,8,Molokhia Dish,115.11,0,2024-08-12
3251,13,8,Green Soup,115.75,0,2024-08-26
3252,13,8,Molokhia Dish,117.19,0,2024-10-07
3253,13,8,Green Soup,115.08,0,2024-10-21
3254,13,8,Green Soup,115.76,0,2024-11-04
3255,13,8,Molokhia Dish,113.11,0,2024-11-18
3256,13,8,Green Soup,114.56,0,2024-12-16
3257,13,8,Green Soup,111.61,0,2024-12-30
3258,13,8,Molokhia Dish,112.64,0,2025-01-13
3259,13,8,Green Soup,99.97,1,2025-03-24
3260,13,8,Molokhia & Rice,100.64,0,2025-05-05
3261,13,8,Molokhia Dish,102.15,0,2025-05-19
3262,13,8,Green Soup,103.02,0,2025-06-02
3263,13,8,Green Soup,104.27,0,2025-06-16
3264,13,8,Green Soup,105.02,0,2025-06-30
3265,13,8,Molokhia & Rice,105.77,0,2025-08-25
3266,13,8,Molokhia & Rice,100.56,1,2025-09-22
3267,13,8,Green Soup,101.27,0,2025-10-06
3268,13,8,Molokhia Dish,102.01,0,2025-10-20
3269,13,8,Molokhia & Rice,103.22,0,2025-11-17
3270,13,8,Molokhia & Rice,94.24,1,2025-12-01
3271,13,8,Molokhia Dish,87.18,1,2025-12-15
3272,13,8,Green Soup,88.0,0,2025-12-29
3273,13,5,BBQ Mix,230.91,0,2024-01-29
3274,13,5,Grill Combo,234.28,0,2024-02-12
3275,13,5,Grill Combo,230.68,0,2024-02-26
3276,13,5,Grill Combo,232.65,0,2024-03-11
3277,13,5,Grill Combo,210.79,1,2024-04-22
3278,13,5,Mixed Grill Platter,211.98,0,2024-05-06
3279,13,5,Mixed Grill Platter,203.1,1,2024-05-20
3280,13,5,BBQ Mix,197.36,0,2024-06-03
3281,13,5,BBQ Mix,184.42,1,2024-06-17
3282,13,5,Grill Combo,181.48,0,2024-07-01
3283,13,5,Mixed Grill Platter,183.14,0,2024-07-29
3284,13,5,BBQ Mix,184.19,0,2024-08-12
3285,13,5,Mixed Grill Platter,181.77,0,2024-09-09
3286,13,5,BBQ Mix,184.18,0,2024-09-23
3287,13,5,Mixed Grill Platter,185.41,0,2024-10-21
3288,13,5,BBQ Mix,187.45,0,2024-11-04
3289,13,5,BBQ Mix,189.77,0,2024-12-02
3290,13,5,Grill Combo,190.94,0,2024-12-16
3291,13,5,Mixed Grill Platter,192.07,0,2024-12-30
3292,13,5,BBQ Mix,194.92,0,2025-01-13
3293,13,5,Grill Combo,182.62,1,2025-01-27
3294,13,5,Grill Combo,185.18,0,2025-02-10
3295,13,5,Grill Combo,186.2,0,2025-02-24
3296,13,5,Mixed Grill Platter,187.82,0,2025-03-10
3297,13,5,Grill Combo,189.06,0,2025-04-07
3298,13,5,Mixed Grill Platter,190.85,0,2025-04-21
3299,13,5,Grill Combo,191.91,0,2025-05-05
3300,13,5,Mixed Grill Platter,187.92,0,2025-05-19
3301,13,5,BBQ Mix,189.88,0,2025-06-02
3302,13,5,BBQ Mix,192.62,0,2025-09-08
3303,13,5,BBQ Mix,194.63,0,2025-09-22
3304,13,5,Mixed Grill Platter,196.77,0,2025-10-06
3305,13,5,BBQ Mix,195.08,0,2025-10-20
3306,13,5,Mixed Grill Platter,197.11,0,2025-11-03
3307,13,5,Grill Combo,198.28,0,2025-11-17
3308,13,5,Grill Combo,195.73,0,2025-12-29
3309,15,51,Spicy Liver Sub,72.51,0,2024-01-29
3310,15,51,Spicy Liver Sub,73.44,0,2024-02-12
3311,15,51,Liver Sandwich,74.24,0,2024-02-26
3312,15,51,Giblets Sandwich,74.89,0,2024-03-11
3313,15,51,Spicy Liver Sub,69.94,1,2024-03-25
3314,15,51,Liver Sandwich,70.9,0,2024-04-22
3315,15,51,Giblets Sandwich,71.34,0,2024-05-06
3316,15,51,Liver Sandwich,72.31,0,2024-05-20
3317,15,51,Spicy Liver Sub,66.57,1,2024-06-03
3318,15,51,Giblets Sandwich,67.22,0,2024-07-01
3319,15,51,Spicy Liver Sub,67.72,0,2024-07-15
3320,15,51,Spicy Liver Sub,68.25,0,2024-07-29
3321,15,51,Giblets Sandwich,69.13,0,2024-08-12
3322,15,51,Spicy Liver Sub,69.58,0,2024-08-26
3323,15,51,Giblets Sandwich,63.73,1,2024-09-09
3324,15,51,Liver Sandwich,59.66,1,2024-09-23
3325,15,51,Liver Sandwich,60.32,0,2024-10-07
3326,15,51,Giblets Sandwich,56.68,1,2024-10-21
3327,15,51,Liver Sandwich,57.27,0,2024-12-02
3328,15,51,Spicy Liver Sub,58.02,0,2024-12-16
3329,15,51,Giblets Sandwich,58.39,0,2024-12-30
3330,15,51,Giblets Sandwich,58.74,0,2025-01-13
3331,15,51,Spicy Liver Sub,59.12,0,2025-01-27
3332,15,51,Liver Sandwich,59.94,0,2025-02-10
3333,15,51,Spicy Liver Sub,60.64,0,2025-02-24
3334,15,51,Spicy Liver Sub,61.18,0,2025-03-24
3335,15,51,Liver Sandwich,62.0,0,2025-04-07
3336,15,51,Giblets Sandwich,62.61,0,2025-04-21
3337,15,51,Liver Sandwich,63.49,0,2025-05-05
3338,15,51,Spicy Liver Sub,63.91,0,2025-06-30
3339,15,51,Liver Sandwich,64.42,0,2025-07-14
3340,15,51,Liver Sandwich,65.1,0,2025-07-28
3341,15,51,Spicy Liver Sub,61.25,1,2025-08-11
3342,15,51,Liver Sandwich,61.89,0,2025-09-08
3343,15,51,Liver Sandwich,56.35,1,2025-09-22
3344,15,51,Spicy Liver Sub,57.07,0,2025-10-06
3345,15,51,Spicy Liver Sub,57.43,0,2025-10-20
3346,15,51,Giblets Sandwich,58.25,0,2025-11-03
3347,15,51,Spicy Liver Sub,58.94,0,2025-11-17
3348,15,51,Spicy Liver Sub,59.78,0,2025-12-15
3349,15,51,Spicy Liver Sub,60.34,0,2025-12-29
3350,15,39,Crunchy Chicken,103.97,0,2024-01-01
3351,15,39,Crunchy Chicken,105.42,0,2024-01-29
3352,15,39,Fried Chicken,106.04,0,2024-02-12
3353,15,39,Crispy Chicken,103.64,0,2024-02-26
3354,15,39,Crispy Chicken,103.09,0,2024-03-11
3355,15,39,Crunchy Chicken,104.14,0,2024-03-25
3356,15,39,Crunchy Chicken,104.95,0,2024-04-22
3357,15,39,Crunchy Chicken,106.27,0,2024-05-06
3358,15,39,Fried Chicken,107.62,0,2024-05-20
3359,15,39,Crunchy Chicken,109.22,0,2024-06-03
3360,15,39,Crispy Chicken,110.79,0,2024-06-17
3361,15,39,Fried Chicken,109.24,0,2024-07-01
3362,15,39,Fried Chicken,110.16,0,2024-07-15
3363,15,39,Crispy Chicken,110.84,0,2024-08-12
3364,15,39,Crunchy Chicken,112.12,0,2024-08-26
3365,15,39,Crunchy Chicken,112.98,0,2024-09-23
3366,15,39,Fried Chicken,113.6,0,2024-10-07
3367,15,39,Fried Chicken,115.04,0,2024-12-02
3368,15,39,Crunchy Chicken,103.75,1,2024-12-30
3369,15,39,Crunchy Chicken,104.63,0,2025-01-27
3370,15,39,Fried Chicken,105.17,0,2025-02-10
3371,15,39,Crunchy Chicken,106.22,0,2025-02-24
3372,15,39,Fried Chicken,106.76,0,2025-03-10
3373,15,39,Crispy Chicken,108.35,0,2025-05-05
3374,15,39,Fried Chicken,109.83,0,2025-05-19
3375,15,39,Crunchy Chicken,111.05,0,2025-07-14
3376,15,39,Crispy Chicken,112.0,0,2025-07-28
3377,15,39,Crispy Chicken,113.23,0,2025-08-11
3378,15,39,Crispy Chicken,111.65,0,2025-09-08
3379,15,39,Crunchy Chicken,113.25,0,2025-09-22
3380,15,39,Crispy Chicken,114.35,0,2025-10-20
3381,15,39,Fried Chicken,115.69,0,2025-11-03
3382,15,39,Crunchy Chicken,105.25,1,2025-12-01
3383,15,30,Ramadan Pancake,54.45,1,2024-01-01
3384,15,30,Sweet Qatayef,54.75,0,2024-01-15
3385,15,30,Qatayef,55.28,0,2024-02-12
3386,15,30,Ramadan Pancake,55.93,0,2024-03-11
3387,15,30,Sweet Qatayef,56.75,0,2024-03-25
3388,15,30,Qatayef,55.43,0,2024-05-20
3389,15,30,Sweet Qatayef,55.74,0,2024-06-03
3390,15,30,Qatayef,54.27,0,2024-06-17
3391,15,30,Sweet Qatayef,54.62,0,2024-07-29
3392,15,30,Sweet Qatayef,55.02,0,2024-08-12
3393,15,30,Sweet Qatayef,55.47,0,2024-09-23
3394,15,30,Sweet Qatayef,56.02,0,2024-11-18
3395,15,30,Ramadan Pancake,56.85,0,2024-12-02
3396,15,30,Qatayef,57.32,0,2024-12-30
3397,15,30,Ramadan Pancake,58.14,0,2025-01-13
3398,15,30,Qatayef,58.97,0,2025-02-10
3399,15,30,Qatayef,59.29,0,2025-03-10
3400,15,30,Qatayef,58.52,0,2025-03-24
3401,15,30,Qatayef,58.92,0,2025-04-07
3402,15,30,Ramadan Pancake,59.68,0,2025-05-05
3403,15,30,Ramadan Pancake,60.54,0,2025-05-19
3404,15,30,Sweet Qatayef,60.88,0,2025-06-16
3405,15,30,Qatayef,61.37,0,2025-06-30
3406,15,30,Qatayef,61.76,0,2025-07-14
3407,15,30,Sweet Qatayef,62.17,0,2025-07-28
3408,15,30,Qatayef,63.04,0,2025-09-08
3409,15,30,Sweet Qatayef,63.67,0,2025-09-22
3410,15,30,Qatayef,64.35,0,2025-10-06
3411,15,30,Ramadan Pancake,64.89,0,2025-11-03
3412,15,30,Sweet Qatayef,65.77,0,2025-12-15
3413,15,30,Qatayef,66.19,0,2025-12-29
3414,15,14,Stuffed Pigeon,147.37,0,2024-01-15
3415,15,14,Hamam Mahshi,141.78,1,2024-02-26
3416,15,14,Pigeon Dish,143.33,0,2024-03-11
3417,15,14,Pigeon Dish,138.69,1,2024-03-25
3418,15,14,Pigeon Dish,129.22,1,2024-04-08
3419,15,14,Pigeon Dish,127.67,0,2024-05-06
3420,15,14,Hamam Mahshi,122.84,1,2024-05-20
3421,15,14,Hamam Mahshi,123.85,0,2024-06-03
3422,15,14,Pigeon Dish,125.66,0,2024-06-17
3423,15,14,Hamam Mahshi,126.69,0,2024-07-01
3424,15,14,Hamam Mahshi,124.82,0,2024-07-15
3425,15,14,Stuffed Pigeon,113.52,1,2024-07-29
3426,15,14,Stuffed Pigeon,112.61,0,2024-08-12
3427,15,14,Hamam Mahshi,113.88,0,2024-09-09
3428,15,14,Stuffed Pigeon,115.11,0,2024-09-23
3429,15,14,Hamam Mahshi,115.99,0,2024-10-07
3430,15,14,Pigeon Dish,117.44,0,2024-10-21
3431,15,14,Stuffed Pigeon,118.06,0,2024-11-04
3432,15,14,Pigeon Dish,118.96,0,2024-11-18
3433,15,14,Stuffed Pigeon,120.07,0,2024-12-02
3434,15,14,Stuffed Pigeon,117.9,0,2024-12-16
3435,15,14,Pigeon Dish,118.69,0,2025-01-27
3436,15,14,Stuffed Pigeon,120.41,0,2025-02-10
3437,15,14,Stuffed Pigeon,110.68,1,2025-02-24
3438,15,14,Hamam Mahshi,112.01,0,2025-03-10
3439,15,14,Hamam Mahshi,112.96,0,2025-05-05
3440,15,14,Hamam Mahshi,108.52,1,2025-05-19
3441,15,14,Stuffed Pigeon,109.82,0,2025-06-16
3442,15,14,Stuffed Pigeon,110.55,0,2025-06-30
3443,15,14,Stuffed Pigeon,111.19,0,2025-07-28
3444,15,14,Hamam Mahshi,112.71,0,2025-08-25
3445,15,14,Stuffed Pigeon,113.37,0,2025-09-08
3446,15,14,Pigeon Dish,114.8,0,2025-10-06
3447,15,14,Hamam Mahshi,106.91,1,2025-11-03
3448,15,14,Hamam Mahshi,99.29,1,2025-12-29
3449,15,3,Roasted Chicken,150.94,0,2024-01-01
3450,15,3,Grilled Chicken,151.7,0,2024-01-15
3451,15,3,Roasted Chicken,152.89,0,2024-01-29
3452,15,3,Roasted Chicken,154.22,0,2024-02-12
3453,15,3,Grilled Chicken,155.74,0,2024-02-26
3454,15,3,Grilled Chicken,157.11,0,2024-03-11
3455,15,3,Grilled Chicken,159.08,0,2024-03-25
3456,15,3,Grilled Chicken,151.78,1,2024-04-08
3457,15,3,Half Chicken,152.7,0,2024-04-22
3458,15,3,Roasted Chicken,148.05,1,2024-05-06
3459,15,3,Grilled Chicken,149.9,0,2024-05-20
3460,15,3,Grilled Chicken,152.03,0,2024-06-03
3461,15,3,Half Chicken,154.01,0,2024-06-17
3462,15,3,Half Chicken,156.05,0,2024-07-15
3463,15,3,Grilled Chicken,142.89,1,2024-08-26
3464,15,3,Grilled Chicken,144.16,0,2024-09-09
3465,15,3,Half Chicken,136.9,1,2024-09-23
3466,15,3,Grilled Chicken,137.7,0,2024-10-07
3467,15,3,Roasted Chicken,138.95,0,2024-11-04
3468,15,3,Grilled Chicken,139.8,0,2024-12-02
3469,15,3,Half Chicken,140.57,0,2025-01-27
3470,15,3,Half Chicken,141.95,0,2025-02-10
3471,15,3,Roasted Chicken,143.47,0,2025-02-24
3472,15,3,Grilled Chicken,144.37,0,2025-03-10
3473,15,3,Roasted Chicken,140.64,0,2025-04-07
3474,15,3,Roasted Chicken,142.71,0,2025-04-21
3475,15,3,Grilled Chicken,143.6,0,2025-05-19
3476,15,3,Grilled Chicken,144.39,0,2025-06-16
3477,15,3,Roasted Chicken,146.1,0,2025-07-14
3478,15,3,Roasted Chicken,147.13,0,2025-09-08
3479,15,3,Grilled Chicken,148.81,0,2025-09-22
3480,15,3,Grilled Chicken,149.85,0,2025-10-06
3481,15,3,Grilled Chicken,151.44,0,2025-10-20
3482,15,3,Half Chicken,153.46,0,2025-12-01
3483,15,3,Grilled Chicken,151.96,0,2025-12-29
3484,15,6,Beef Shawarma Wrap,123.23,0,2024-01-01
3485,15,6,Beef Shawarma Wrap,124.93,0,2024-01-15
3486,15,6,Shawarma Lahem,126.35,0,2024-01-29
3487,15,6,Meat Shawarma,127.8,0,2024-02-12
3488,15,6,Meat Shawarma,129.17,0,2024-02-26
3489,15,6,Beef Shawarma Wrap,121.0,1,2024-03-11
3490,15,6,Shawarma Lahem,109.88,1,2024-03-25
3491,15,6,Shawarma Lahem,104.1,1,2024-04-22
3492,15,6,Shawarma Lahem,105.35,0,2024-05-06
3493,15,6,Shawarma Lahem,104.51,0,2024-06-03
3494,15,6,Beef Shawarma Wrap,105.83,0,2024-06-17
3495,15,6,Beef Shawarma Wrap,106.68,0,2024-07-15
3496,15,6,Meat Shawarma,107.4,0,2024-08-26
3497,15,6,Beef Shawarma Wrap,99.81,1,2024-09-09
3498,15,6,Beef Shawarma Wrap,100.34,0,2024-09-23
3499,15,6,Meat Shawarma,100.98,0,2024-10-21
3500,15,6,Shawarma Lahem,102.32,0,2024-11-04
3501,15,6,Beef Shawarma Wrap,103.22,0,2024-11-18
3502,15,6,Meat Shawarma,103.76,0,2024-12-02
3503,15,6,Beef Shawarma Wrap,105.29,0,2024-12-16
3504,15,6,Beef Shawarma Wrap,106.25,0,2024-12-30
3505,15,6,Shawarma Lahem,96.59,1,2025-01-13
3506,15,6,Shawarma Lahem,97.14,0,2025-01-27
3507,15,6,Shawarma Lahem,97.68,0,2025-02-24
3508,15,6,Shawarma Lahem,98.85,0,2025-03-10
3509,15,6,Beef Shawarma Wrap,97.15,0,2025-03-24
3510,15,6,Beef Shawarma Wrap,97.81,0,2025-04-21
3511,15,6,Meat Shawarma,99.01,0,2025-05-05
3512,15,6,Shawarma Lahem,99.93,0,2025-05-19
3513,15,6,Shawarma Lahem,100.99,0,2025-06-02
3514,15,6,Beef Shawarma Wrap,96.67,1,2025-06-16
3515,15,6,Beef Shawarma Wrap,97.98,0,2025-06-30
3516,15,6,Shawarma Lahem,98.65,0,2025-07-14
3517,15,6,Meat Shawarma,100.03,0,2025-08-11
3518,15,6,Meat Shawarma,94.3,1,2025-08-25
3519,15,6,Shawarma Lahem,94.83,0,2025-09-08
3520,15,6,Shawarma Lahem,95.94,0,2025-10-06
3521,15,6,Meat Shawarma,97.07,0,2025-11-03
3522,15,6,Shawarma Lahem,97.91,0,2025-12-01
3523,15,6,Beef Shawarma Wrap,98.59,0,2025-12-29
3524,15,7,Shawarma Wrap,136.48,0,2024-01-01
3525,15,7,Chicken Shawarma,133.23,0,2024-01-15
3526,15,7,Crispy Shawarma,134.21,0,2024-01-29
3527,15,7,Chicken Shawarma,130.98,0,2024-02-12
3528,15,7,Chicken Shawarma,131.95,0,2024-02-26
3529,15,7,Shawarma Wrap,133.25,0,2024-03-11
3530,15,7,Crispy Shawarma,134.21,0,2024-03-25
3531,15,7,Shawarma Wrap,118.83,1,2024-04-08
3532,15,7,Crispy Shawarma,119.93,0,2024-04-22
3533,15,7,Crispy Shawarma,121.3,0,2024-05-20
3534,15,7,Crispy Shawarma,122.33,0,2024-06-03
3535,15,7,Crispy Shawarma,123.86,0,2024-07-01
3536,15,7,Shawarma Wrap,125.52,0,2024-07-15
3537,15,7,Crispy Shawarma,126.81,0,2024-07-29
3538,15,7,Shawarma Wrap,127.93,0,2024-08-26
3539,15,7,Shawarma Wrap,122.06,1,2024-09-09
3540,15,7,Crispy Shawarma,123.43,0,2024-09-23
3541,15,7,Crispy Shawarma,124.16,0,2024-10-07
3542,15,7,Chicken Shawarma,125.34,0,2024-11-18
3543,15,7,Chicken Shawarma,126.61,0,2024-12-02
3544,15,7,Crispy Shawarma,127.34,0,2024-12-16
3545,15,7,Chicken Shawarma,128.2,0,2025-01-13
3546,15,7,Shawarma Wrap,129.01,0,2025-01-27
3547,15,7,Shawarma Wrap,117.78,1,2025-02-10
3548,15,7,Shawarma Wrap,118.69,0,2025-02-24
3549,15,7,Crispy Shawarma,119.64,0,2025-03-10
3550,15,7,Crispy Shawarma,120.78,0,2025-03-24
3551,15,7,Crispy Shawarma,121.59,0,2025-04-07
3552,15,7,Crispy Shawarma,122.99,0,2025-04-21
3553,15,7,Crispy Shawarma,118.89,1,2025-05-05
3554,15,7,Shawarma Wrap,120.31,0,2025-05-19
3555,15,7,Crispy Shawarma,121.71,0,2025-06-02
3556,15,7,Shawarma Wrap,118.06,0,2025-06-16
3557,15,7,Chicken Shawarma,119.21,0,2025-06-30
3558,15,7,Crispy Shawarma,120.58,0,2025-07-14
3559,15,7,Crispy Shawarma,121.51,0,2025-07-28
3560,15,7,Crispy Shawarma,119.87,0,2025-08-25
3561,15,7,Crispy Shawarma,121.52,0,2025-09-08
3562,15,7,Chicken Shawarma,123.21,0,2025-09-22
3563,15,7,Shawarma Wrap,122.35,0,2025-10-06
3564,15,7,Chicken Shawarma,124.11,0,2025-10-20
3565,15,7,Crispy Shawarma,125.74,0,2025-11-03
3566,15,7,Crispy Shawarma,126.66,0,2025-11-17
3567,15,7,Chicken Shawarma,128.27,0,2025-12-01
3568,15,7,Shawarma Wrap,130.14,0,2025-12-15
3569,15,7,Crispy Shawarma,131.09,0,2025-12-29
3570,15,50,Beef Shawarma Sandwich,97.08,0,2024-01-01
3571,15,50,Meat Roll,97.64,0,2024-01-15
3572,15,50,Meat Roll,98.84,0,2024-02-12
3573,15,50,Meat Roll,93.29,1,2024-03-11
3574,15,50,Beef Shawarma Sandwich,94.64,0,2024-03-25
3575,15,50,Beef Shawarma Sandwich,90.76,1,2024-06-03
3576,15,50,Meat Shawarma Wrap,91.87,0,2024-06-17
3577,15,50,Meat Roll,93.23,0,2024-07-01
3578,15,50,Meat Shawarma Wrap,93.94,0,2024-07-29
3579,15,50,Meat Shawarma Wrap,94.63,0,2024-08-12
3580,15,50,Meat Shawarma Wrap,95.53,0,2024-09-23
3581,15,50,Meat Shawarma Wrap,96.01,0,2024-10-07
3582,15,50,Meat Shawarma Wrap,96.67,0,2024-10-21
3583,15,50,Meat Shawarma Wrap,97.47,0,2024-11-18
3584,15,50,Meat Roll,89.84,1,2024-12-02
3585,15,50,Meat Shawarma Wrap,90.94,0,2024-12-30
3586,15,50,Beef Shawarma Sandwich,92.19,0,2025-01-13
3587,15,50,Meat Roll,92.84,0,2025-03-24
3588,15,50,Meat Shawarma Wrap,93.69,0,2025-04-21
3589,15,50,Meat Shawarma Wrap,94.48,0,2025-05-05
3590,15,50,Meat Shawarma Wrap,95.18,0,2025-06-02
3591,15,50,Beef Shawarma Sandwich,94.21,0,2025-06-16
3592,15,50,Meat Shawarma Wrap,95.47,0,2025-06-30
3593,15,50,Meat Roll,94.06,0,2025-07-28
3594,15,50,Meat Roll,92.26,0,2025-08-11
3595,15,50,Beef Shawarma Sandwich,93.36,0,2025-09-08
3596,15,50,Beef Shawarma Sandwich,93.9,0,2025-09-22
3597,15,50,Meat Shawarma Wrap,95.26,0,2025-10-06
3598,15,50,Meat Shawarma Wrap,96.03,0,2025-10-20
3599,15,50,Meat Roll,97.44,0,2025-11-03
3600,15,50,Beef Shawarma Sandwich,98.76,0,2025-11-17
3601,15,50,Beef Shawarma Sandwich,99.41,0,2025-12-01
3602,15,50,Meat Shawarma Wrap,98.56,0,2025-12-15
3603,15,50,Meat Roll,99.16,0,2025-12-29
3604,16,37,Spicy Chicken Burger,110.48,0,2024-01-15
3605,16,37,Crispy Chicken Burger,112.01,0,2024-01-29
3606,16,37,Spicy Chicken Burger,113.54,0,2024-02-12
3607,16,37,Crispy Chicken Burger,114.39,0,2024-03-11
3608,16,37,Chicken Burger,115.67,0,2024-03-25
3609,16,37,Crispy Chicken Burger,116.69,0,2024-04-08
3610,16,37,Chicken Burger,117.37,0,2024-04-22
3611,16,37,Chicken Burger,118.68,0,2024-05-06
3612,16,37,Chicken Burger,117.6,0,2024-05-20
3613,16,37,Spicy Chicken Burger,118.55,0,2024-06-03
3614,16,37,Chicken Burger,115.68,0,2024-07-01
3615,16,37,Crispy Chicken Burger,117.04,0,2024-07-15
3616,16,37,Spicy Chicken Burger,117.8,0,2024-07-29
3617,16,37,Chicken Burger,119.38,0,2024-08-12
3618,16,37,Chicken Burger,120.3,0,2024-08-26
3619,16,37,Spicy Chicken Burger,121.76,0,2024-09-09
3620,16,37,Spicy Chicken Burger,122.43,0,2024-10-07
3621,16,37,Chicken Burger,113.84,1,2024-10-21
3622,16,37,Chicken Burger,105.02,1,2024-11-04
3623,16,37,Crispy Chicken Burger,105.8,0,2024-11-18
3624,16,37,Chicken Burger,107.06,0,2024-12-16
3625,16,37,Crispy Chicken Burger,107.77,0,2025-01-13
3626,16,37,Chicken Burger,104.98,0,2025-02-10
3627,16,37,Chicken Burger,106.17,0,2025-02-24
3628,16,37,Chicken Burger,100.98,1,2025-03-24
3629,16,37,Spicy Chicken Burger,96.16,1,2025-05-19
3630,16,37,Chicken Burger,95.54,0,2025-06-02
3631,16,37,Spicy Chicken Burger,96.86,0,2025-06-30
3632,16,37,Spicy Chicken Burger,97.56,0,2025-07-14
3633,16,37,Crispy Chicken Burger,90.29,1,2025-08-11
3634,16,37,Spicy Chicken Burger,91.38,0,2025-08-25
3635,16,37,Crispy Chicken Burger,91.89,0,2025-10-20
3636,16,37,Spicy Chicken Burger,92.53,0,2025-11-03
3637,16,37,Crispy Chicken Burger,93.25,0,2025-11-17
3638,16,37,Chicken Burger,93.76,0,2025-12-01
3639,16,37,Crispy Chicken Burger,91.99,0,2025-12-15
3640,16,37,Chicken Burger,92.84,0,2025-12-29
3641,16,4,Spicy Liver,132.2,0,2024-01-01
3642,16,4,Grilled Liver,133.91,0,2024-01-15
3643,16,4,Liver Sandwich Platter,126.06,1,2024-01-29
3644,16,4,Liver Sandwich Platter,124.65,0,2024-02-12
3645,16,4,Grilled Liver,126.37,0,2024-02-26
3646,16,4,Spicy Liver,127.72,0,2024-03-11
3647,16,4,Grilled Liver,128.99,0,2024-04-08
3648,16,4,Grilled Liver,124.27,1,2024-05-06
3649,16,4,Liver Sandwich Platter,125.88,0,2024-06-03
3650,16,4,Liver Sandwich Platter,126.61,0,2024-06-17
3651,16,4,Liver Sandwich Platter,127.74,0,2024-07-01
3652,16,4,Spicy Liver,129.3,0,2024-07-15
3653,16,4,Grilled Liver,130.27,0,2024-07-29
3654,16,4,Spicy Liver,131.29,0,2024-08-12
3655,16,4,Liver Sandwich Platter,129.2,0,2024-08-26
3656,16,4,Spicy Liver,130.06,0,2024-09-23
3657,16,4,Liver Sandwich Platter,126.83,0,2024-10-07
3658,16,4,Spicy Liver,127.49,0,2024-11-04
3659,16,4,Grilled Liver,128.76,0,2024-12-02
3660,16,4,Grilled Liver,129.96,0,2024-12-16
3661,16,4,Liver Sandwich Platter,130.87,0,2024-12-30
3662,16,4,Spicy Liver,132.56,0,2025-01-13
3663,16,4,Liver Sandwich Platter,122.26,1,2025-02-10
3664,16,4,Spicy Liver,123.06,0,2025-02-24
3665,16,4,Spicy Liver,124.85,0,2025-03-10
3666,16,4,Spicy Liver,126.49,0,2025-03-24
3667,16,4,Grilled Liver,128.23,0,2025-04-21
3668,16,4,Grilled Liver,129.86,0,2025-05-05
3669,16,4,Liver Sandwich Platter,130.64,0,2025-05-19
3670,16,4,Spicy Liver,131.81,0,2025-06-02
3671,16,4,Spicy Liver,132.48,0,2025-06-30
3672,16,4,Spicy Liver,134.21,0,2025-07-14
3673,16,4,Spicy Liver,134.96,0,2025-07-28
3674,16,4,Grilled Liver,122.57,1,2025-08-11
3675,16,4,Liver Sandwich Platter,124.4,0,2025-08-25
3676,16,4,Liver Sandwich Platter,125.5,0,2025-09-08
3677,16,4,Liver Sandwich Platter,126.85,0,2025-09-22
3678,16,4,Liver Sandwich Platter,128.09,0,2025-10-06
3679,16,4,Grilled Liver,122.29,1,2025-10-20
3680,16,4,Spicy Liver,123.64,0,2025-11-03
3681,16,4,Liver Sandwich Platter,125.47,0,2025-12-01
3682,16,4,Grilled Liver,127.22,0,2025-12-15
3683,16,30,Sweet Qatayef,74.72,0,2024-01-01
3684,16,30,Qatayef,75.31,0,2024-02-26
3685,16,30,Ramadan Pancake,73.09,0,2024-03-25
3686,16,30,Ramadan Pancake,73.68,0,2024-04-08
3687,16,30,Sweet Qatayef,68.26,1,2024-05-06
3688,16,30,Qatayef,68.64,0,2024-06-03
3689,16,30,Sweet Qatayef,69.63,0,2024-06-17
3690,16,30,Ramadan Pancake,70.09,0,2024-07-01
3691,16,30,Sweet Qatayef,68.91,0,2024-07-15
3692,16,30,Ramadan Pancake,69.89,0,2024-08-12
3693,16,30,Sweet Qatayef,67.76,1,2024-08-26
3694,16,30,Sweet Qatayef,68.7,0,2024-09-09
3695,16,30,Ramadan Pancake,69.73,0,2024-09-23
3696,16,30,Qatayef,70.76,0,2024-10-07
3697,16,30,Qatayef,71.33,0,2024-12-02
3698,16,30,Sweet Qatayef,72.11,0,2024-12-16
3699,16,30,Qatayef,73.04,0,2024-12-30
3700,16,30,Ramadan Pancake,73.52,0,2025-01-13
3701,16,30,Sweet Qatayef,72.73,0,2025-01-27
3702,16,30,Qatayef,73.61,0,2025-02-24
3703,16,30,Sweet Qatayef,65.6,1,2025-03-10
3704,16,30,Sweet Qatayef,66.5,0,2025-03-24
3705,16,30,Sweet Qatayef,66.86,0,2025-04-21
3706,16,30,Qatayef,67.66,0,2025-05-05
3707,16,30,Ramadan Pancake,68.23,0,2025-05-19
3708,16,30,Sweet Qatayef,69.18,0,2025-07-14
3709,16,30,Sweet Qatayef,70.19,0,2025-07-28
3710,16,30,Sweet Qatayef,70.92,0,2025-08-11
3711,16,30,Ramadan Pancake,71.74,0,2025-08-25
3712,16,30,Qatayef,72.74,0,2025-09-08
3713,16,30,Qatayef,73.32,0,2025-09-22
3714,16,30,Ramadan Pancake,74.35,0,2025-10-06
3715,16,30,Qatayef,74.87,0,2025-10-20
3716,16,30,Qatayef,75.63,0,2025-11-03
3717,16,30,Qatayef,76.02,0,2025-11-17
3718,16,30,Sweet Qatayef,76.49,0,2025-12-01
3719,16,30,Ramadan Pancake,77.24,0,2025-12-29
3720,16,11,Classic Koshari,72.07,0,2024-01-01
3721,16,11,Egyptian Koshari,73.03,0,2024-01-15
3722,16,11,Classic Koshari,73.82,0,2024-02-12
3723,16,11,Koshari,74.23,0,2024-02-26
3724,16,11,Egyptian Koshari,75.21,0,2024-03-25
3725,16,11,Classic Koshari,75.74,0,2024-04-08
3726,16,11,Egyptian Koshari,76.31,0,2024-04-22
3727,16,11,Classic Koshari,73.02,1,2024-05-20
3728,16,11,Classic Koshari,73.87,0,2024-06-03
3729,16,11,Classic Koshari,74.39,0,2024-06-17
3730,16,11,Koshari,73.26,0,2024-07-01
3731,16,11,Koshari,73.88,0,2024-07-15
3732,16,11,Egyptian Koshari,74.66,0,2024-08-12
3733,16,11,Koshari,75.16,0,2024-08-26
3734,16,11,Classic Koshari,75.65,0,2024-09-23
3735,16,11,Egyptian Koshari,76.32,0,2024-10-07
3736,16,11,Classic Koshari,76.95,0,2024-10-21
3737,16,11,Koshari,77.89,0,2024-11-18
3738,16,11,Egyptian Koshari,78.46,0,2024-12-02
3739,16,11,Koshari,79.31,0,2024-12-30
3740,16,11,Koshari,80.21,0,2025-01-13
3741,16,11,Koshari,80.74,0,2025-01-27
3742,16,11,Classic Koshari,76.99,1,2025-02-24
3743,16,11,Classic Koshari,77.94,0,2025-03-10
3744,16,11,Classic Koshari,78.65,0,2025-04-21
3745,16,11,Classic Koshari,79.78,0,2025-05-19
3746,16,11,Classic Koshari,80.74,0,2025-06-02
3747,16,11,Classic Koshari,81.52,0,2025-08-11
3748,16,11,Koshari,81.94,0,2025-09-22
3749,16,11,Classic Koshari,82.65,0,2025-10-06
3750,16,11,Egyptian Koshari,83.33,0,2025-10-20
3751,16,11,Classic Koshari,76.56,1,2025-11-03
3752,16,11,Classic Koshari,76.09,0,2025-11-17
3753,16,11,Koshari,77.04,0,2025-12-01
3754,16,11,Classic Koshari,77.48,0,2025-12-15
3755,16,11,Classic Koshari,77.93,0,2025-12-29
3756,16,41,Meat Pizza,173.88,0,2024-02-26
3757,16,41,Meat Pizza,175.74,0,2024-03-25
3758,16,41,Special Pizza,169.27,1,2024-04-08
3759,16,41,Special Pizza,170.58,0,2024-04-22
3760,16,41,Meat Pizza,172.89,0,2024-05-06
3761,16,41,Special Pizza,156.65,1,2024-06-17
3762,16,41,Meat Pizza,158.4,0,2024-07-29
3763,16,41,Special Pizza,160.02,0,2024-08-12
3764,16,41,Pepperoni Pizza,157.21,0,2024-09-09
3765,16,41,Pepperoni Pizza,158.92,0,2024-09-23
3766,16,41,Special Pizza,159.77,0,2024-10-21
3767,16,41,Special Pizza,148.03,1,2024-11-18
3768,16,41,Meat Pizza,150.03,0,2024-12-16
3769,16,41,Special Pizza,151.19,0,2024-12-30
3770,16,41,Meat Pizza,152.9,0,2025-01-13
3771,16,41,Pepperoni Pizza,153.79,0,2025-02-10
3772,16,41,Special Pizza,147.58,1,2025-03-10
3773,16,41,Pepperoni Pizza,139.89,1,2025-03-24
3774,16,41,Pepperoni Pizza,141.95,0,2025-04-07
3775,16,41,Special Pizza,143.97,0,2025-04-21
3776,16,41,Meat Pizza,145.99,0,2025-05-05
3777,16,41,Pepperoni Pizza,146.97,0,2025-05-19
3778,16,41,Special Pizza,148.36,0,2025-06-30
3779,16,41,Pepperoni Pizza,149.58,0,2025-07-14
3780,16,41,Pepperoni Pizza,151.68,0,2025-08-11
3781,16,41,Special Pizza,153.02,0,2025-08-25
3782,16,41,Pepperoni Pizza,153.97,0,2025-09-08
3783,16,41,Special Pizza,152.96,0,2025-09-22
3784,16,41,Special Pizza,154.51,0,2025-10-06
3785,16,41,Pepperoni Pizza,156.77,0,2025-10-20
3786,16,41,Meat Pizza,158.39,0,2025-12-01
3787,16,41,Meat Pizza,159.91,0,2025-12-15
3788,16,41,Pepperoni Pizza,161.73,0,2025-12-29
3789,16,29,Kunafa,86.68,0,2024-01-01
3790,16,29,Konafa Plate,80.57,1,2024-01-15
3791,16,29,Kunafa,81.4,0,2024-01-29
3792,16,29,Sweet Kunafa,82.14,0,2024-02-12
3793,16,29,Sweet Kunafa,77.35,1,2024-02-26
3794,16,29,Sweet Kunafa,69.57,1,2024-03-25
3795,16,29,Sweet Kunafa,62.28,1,2024-04-08
3796,16,29,Kunafa,63.04,0,2024-04-22
3797,16,29,Konafa Plate,63.75,0,2024-06-17
3798,16,29,Konafa Plate,64.25,0,2024-07-01
3799,16,29,Sweet Kunafa,59.6,1,2024-08-12
3800,16,29,Kunafa,59.29,0,2024-08-26
3801,16,29,Konafa Plate,59.67,0,2024-09-09
3802,16,29,Kunafa,60.3,0,2024-09-23
3803,16,29,Konafa Plate,61.08,0,2024-10-07
3804,16,29,Sweet Kunafa,61.48,0,2024-11-18
3805,16,29,Sweet Kunafa,62.4,0,2024-12-02
3806,16,29,Konafa Plate,63.25,0,2024-12-16
3807,16,29,Kunafa,64.01,0,2024-12-30
3808,16,29,Konafa Plate,64.68,0,2025-01-27
3809,16,29,Kunafa,65.06,0,2025-03-10
3810,16,29,Konafa Plate,66.0,0,2025-03-24
3811,16,29,Kunafa,66.41,0,2025-04-07
3812,16,29,Sweet Kunafa,65.06,0,2025-04-21
3813,16,29,Sweet Kunafa,59.68,1,2025-05-19
3814,16,29,Sweet Kunafa,57.85,1,2025-06-02
3815,16,29,Kunafa,57.17,0,2025-06-16
3816,16,29,Sweet Kunafa,57.71,0,2025-06-30
3817,16,29,Sweet Kunafa,58.3,0,2025-07-14
3818,16,29,Sweet Kunafa,58.77,0,2025-07-28
3819,16,29,Konafa Plate,59.62,0,2025-08-11
3820,16,29,Konafa Plate,59.99,0,2025-09-08
3821,16,29,Sweet Kunafa,60.67,0,2025-09-22
3822,16,29,Kunafa,61.19,0,2025-10-06
3823,16,29,Konafa Plate,61.93,0,2025-10-20
3824,16,29,Sweet Kunafa,62.73,0,2025-11-03
3825,16,29,Konafa Plate,63.41,0,2025-11-17
3826,16,29,Kunafa,64.26,0,2025-12-15
3827,16,1,Grilled Kofta Plate,147.27,0,2024-01-01
3828,16,1,Mixed Kofta,148.68,0,2024-02-12
3829,16,1,Classic Kofta,144.38,0,2024-02-26
3830,16,1,Classic Kofta,133.98,1,2024-03-11
3831,16,1,Classic Kofta,129.87,1,2024-03-25
3832,16,1,Mixed Kofta,131.06,0,2024-04-08
3833,16,1,Classic Kofta,132.46,0,2024-04-22
3834,16,1,Grilled Kofta Plate,133.84,0,2024-06-17
3835,16,1,Classic Kofta,134.95,0,2024-07-01
3836,16,1,Mixed Kofta,136.57,0,2024-07-29
3837,16,1,Mixed Kofta,138.33,0,2024-08-12
3838,16,1,Classic Kofta,139.09,0,2024-10-07
3839,16,1,Grilled Kofta Plate,140.92,0,2024-10-21
3840,16,1,Mixed Kofta,142.65,0,2024-11-04
3841,16,1,Grilled Kofta Plate,144.71,0,2024-12-02
3842,16,1,Mixed Kofta,146.78,0,2024-12-30
3843,16,1,Mixed Kofta,143.45,0,2025-01-13
3844,16,1,Mixed Kofta,145.07,0,2025-02-10
3845,16,1,Mixed Kofta,145.93,0,2025-03-10
3846,16,1,Grilled Kofta Plate,147.28,0,2025-03-24
3847,16,1,Classic Kofta,148.55,0,2025-05-05
3848,16,1,Classic Kofta,135.05,1,2025-05-19
3849,16,1,Mixed Kofta,136.77,0,2025-06-02
3850,16,1,Classic Kofta,137.49,0,2025-06-16
3851,16,1,Mixed Kofta,139.44,0,2025-06-30
3852,16,1,Grilled Kofta Plate,141.04,0,2025-07-14
3853,16,1,Classic Kofta,143.08,0,2025-07-28
3854,16,1,Classic Kofta,144.09,0,2025-08-11
3855,16,1,Grilled Kofta Plate,145.67,0,2025-09-22
3856,16,1,Classic Kofta,147.15,0,2025-10-06
3857,16,1,Classic Kofta,149.07,0,2025-12-01
3858,16,1,Classic Kofta,150.88,0,2025-12-15
3859,16,10,Taameya,46.37,0,2024-01-29
3860,16,10,Taameya,46.74,0,2024-02-12
3861,16,10,Taameya,47.08,0,2024-02-26
3862,16,10,Falafel,42.62,1,2024-03-11
3863,16,10,Falafel Plate,43.02,0,2024-03-25
3864,16,10,Taameya,42.78,0,2024-04-08
3865,16,10,Taameya,42.09,0,2024-05-06
3866,16,10,Falafel Plate,42.48,0,2024-05-20
3867,16,10,Taameya,42.96,0,2024-06-03
3868,16,10,Falafel Plate,43.59,0,2024-07-01
3869,16,10,Falafel Plate,43.11,0,2024-07-15
3870,16,10,Falafel Plate,41.01,1,2024-07-29
3871,16,10,Taameya,39.65,1,2024-08-26
3872,16,10,Falafel,38.79,0,2024-09-23
3873,16,10,Taameya,39.2,0,2024-10-07
3874,16,10,Taameya,39.51,0,2024-10-21
3875,16,10,Falafel,40.04,0,2024-11-04
3876,16,10,Falafel Plate,39.24,0,2024-11-18
3877,16,10,Falafel,39.61,0,2024-12-02
3878,16,10,Taameya,36.61,1,2024-12-16
3879,16,10,Falafel,37.06,0,2025-01-13
3880,16,10,Falafel,37.36,0,2025-02-10
3881,16,10,Taameya,37.88,0,2025-03-10
3882,16,10,Falafel,38.4,0,2025-04-21
3883,16,10,Taameya,36.23,1,2025-05-05
3884,16,10,Falafel,36.6,0,2025-06-02
3885,16,10,Falafel,34.66,1,2025-06-16
3886,16,10,Falafel,34.88,0,2025-07-14
3887,16,10,Falafel Plate,35.34,0,2025-07-28
3888,16,10,Taameya,35.78,0,2025-08-11
3889,16,10,Falafel Plate,35.13,0,2025-09-22
3890,16,10,Falafel Plate,34.29,0,2025-10-06
3891,16,10,Falafel,34.78,0,2025-12-01
3892,16,10,Falafel,35.13,0,2025-12-15
3893,16,10,Taameya,35.32,0,2025-12-29
3894,16,60,Family Lamb Platter,781.57,1,2024-01-01
3895,16,60,Lamb Family Meal,775.19,0,2024-01-15
3896,16,60,Lamb Family Meal,785.23,0,2024-01-29
3897,16,60,Lamb Feast,710.68,1,2024-02-12
3898,16,60,Lamb Feast,701.39,0,2024-02-26
3899,16,60,Lamb Feast,706.71,0,2024-03-11
3900,16,60,Lamb Family Meal,679.63,1,2024-03-25
3901,16,60,Lamb Family Meal,676.06,0,2024-04-22
3902,16,60,Family Lamb Platter,683.44,0,2024-05-06
3903,16,60,Lamb Family Meal,624.2,1,2024-05-20
3904,16,60,Lamb Family Meal,584.39,1,2024-06-03
3905,16,60,Lamb Feast,589.46,0,2024-06-17
3906,16,60,Lamb Feast,556.62,1,2024-07-01
3907,16,60,Family Lamb Platter,561.05,0,2024-07-15
3908,16,60,Family Lamb Platter,568.63,0,2024-08-12
3909,16,60,Lamb Family Meal,519.44,1,2024-08-26
3910,16,60,Family Lamb Platter,526.44,0,2024-09-23
3911,16,60,Family Lamb Platter,532.53,0,2024-10-07
3912,16,60,Lamb Feast,536.88,0,2024-10-21
3913,16,60,Lamb Family Meal,543.9,0,2024-11-04
3914,16,60,Lamb Family Meal,510.69,1,2024-12-02
3915,16,60,Family Lamb Platter,472.21,1,2024-12-30
3916,16,60,Family Lamb Platter,477.64,0,2025-01-13
3917,16,60,Family Lamb Platter,463.37,0,2025-01-27
3918,16,60,Lamb Family Meal,468.38,0,2025-02-10
3919,16,60,Family Lamb Platter,474.49,0,2025-02-24
3920,16,60,Family Lamb Platter,479.38,0,2025-03-10
3921,16,60,Family Lamb Platter,482.32,0,2025-03-24
3922,16,60,Family Lamb Platter,486.81,0,2025-05-05
3923,16,60,Lamb Family Meal,492.96,0,2025-06-02
3924,16,60,Lamb Family Meal,499.64,0,2025-07-14
3925,16,60,Lamb Family Meal,503.22,0,2025-07-28
3926,16,60,Lamb Family Meal,509.75,0,2025-08-25
3927,16,60,Family Lamb Platter,515.77,0,2025-09-22
3928,16,60,Lamb Feast,486.34,1,2025-10-06
3929,16,60,Lamb Family Meal,489.61,0,2025-11-03
3930,16,60,Family Lamb Platter,496.04,0,2025-11-17
3931,16,60,Family Lamb Platter,462.72,1,2025-12-01
3932,16,60,Lamb Feast,436.23,1,2025-12-15
3933,16,3,Grilled Chicken,150.56,0,2024-01-01
3934,16,3,Roasted Chicken,152.07,0,2024-01-29
3935,16,3,Grilled Chicken,154.07,0,2024-02-12
3936,16,3,Half Chicken,140.25,1,2024-03-11
3937,16,3,Half Chicken,128.41,1,2024-03-25
3938,16,3,Grilled Chicken,116.15,1,2024-04-08
3939,16,3,Roasted Chicken,117.66,0,2024-04-22
3940,16,3,Grilled Chicken,119.1,0,2024-05-06
3941,16,3,Half Chicken,119.94,0,2024-05-20
3942,16,3,Roasted Chicken,121.52,0,2024-06-03
3943,16,3,Grilled Chicken,123.02,0,2024-07-01
3944,16,3,Half Chicken,123.94,0,2024-07-15
3945,16,3,Roasted Chicken,125.18,0,2024-07-29
3946,16,3,Half Chicken,126.41,0,2024-08-12
3947,16,3,Grilled Chicken,128.22,0,2024-08-26
3948,16,3,Roasted Chicken,119.57,1,2024-09-09
3949,16,3,Roasted Chicken,120.68,0,2024-09-23
3950,16,3,Grilled Chicken,121.4,0,2024-10-07
3951,16,3,Half Chicken,122.33,0,2024-10-21
3952,16,3,Grilled Chicken,124.15,0,2024-11-04
3953,16,3,Grilled Chicken,125.48,0,2024-12-02
3954,16,3,Roasted Chicken,126.4,0,2024-12-30
3955,16,3,Roasted Chicken,127.46,0,2025-01-13
3956,16,3,Roasted Chicken,128.76,0,2025-01-27
3957,16,3,Roasted Chicken,129.84,0,2025-02-24
3958,16,3,Grilled Chicken,130.8,0,2025-03-10
3959,16,3,Grilled Chicken,131.71,0,2025-03-24
3960,16,3,Roasted Chicken,132.4,0,2025-04-07
3961,16,3,Roasted Chicken,134.37,0,2025-04-21
3962,16,3,Grilled Chicken,133.17,0,2025-05-19
3963,16,3,Grilled Chicken,130.01,0,2025-06-02
3964,16,3,Half Chicken,128.37,0,2025-06-16
3965,16,3,Grilled Chicken,129.23,0,2025-06-30
3966,16,3,Half Chicken,130.73,0,2025-07-14
3967,16,3,Half Chicken,132.42,0,2025-08-11
3968,16,3,Roasted Chicken,133.4,0,2025-09-08
3969,16,3,Grilled Chicken,122.49,1,2025-09-22
3970,16,3,Half Chicken,115.93,1,2025-10-06
3971,16,3,Roasted Chicken,116.74,0,2025-10-20
3972,16,3,Roasted Chicken,117.33,0,2025-11-03
3973,16,3,Grilled Chicken,109.44,1,2025-11-17
3974,16,3,Grilled Chicken,110.61,0,2025-12-01
3975,16,3,Grilled Chicken,105.37,1,2025-12-15
3976,16,3,Roasted Chicken,106.1,0,2025-12-29
3977,17,2,Grilled Kabab,140.11,0,2024-01-01
3978,17,2,Kabab Platter,140.83,0,2024-01-15
3979,17,2,Grilled Kabab,141.87,0,2024-02-12
3980,17,2,Kabab Platter,142.93,0,2024-03-25
3981,17,2,Halal Kabab,130.41,1,2024-04-08
3982,17,2,Kabab Platter,131.32,0,2024-04-22
3983,17,2,Grilled Kabab,132.32,0,2024-05-06
3984,17,2,Grilled Kabab,133.89,0,2024-06-17
3985,17,2,Halal Kabab,135.71,0,2024-07-15
3986,17,2,Halal Kabab,136.92,0,2024-11-04
3987,17,2,Grilled Kabab,137.98,0,2024-11-18
3988,17,2,Grilled Kabab,127.37,1,2024-12-16
3989,17,2,Kabab Platter,128.61,0,2024-12-30
3990,17,2,Halal Kabab,129.5,0,2025-01-13
3991,17,2,Halal Kabab,120.76,1,2025-01-27
3992,17,2,Kabab Platter,119.04,0,2025-02-10
3993,17,2,Grilled Kabab,120.1,0,2025-03-24
3994,17,2,Halal Kabab,121.86,0,2025-04-21
3995,17,2,Grilled Kabab,123.41,0,2025-05-05
3996,17,2,Grilled Kabab,124.71,0,2025-05-19
3997,17,2,Kabab Platter,120.14,1,2025-06-16
3998,17,2,Halal Kabab,108.74,1,2025-06-30
3999,17,2,Kabab Platter,109.57,0,2025-07-14
4000,17,2,Grilled Kabab,110.55,0,2025-07-28
4001,17,2,Grilled Kabab,111.88,0,2025-08-11
4002,17,2,Kabab Platter,113.09,0,2025-09-08
4003,17,2,Kabab Platter,113.96,0,2025-09-22
4004,17,2,Kabab Platter,115.22,0,2025-10-06
4005,17,2,Kabab Platter,116.6,0,2025-11-17
4006,17,2,Halal Kabab,117.87,0,2025-12-15
4007,17,2,Kabab Platter,119.05,0,2025-12-29
4008,17,34,Family Chicken,512.3,0,2024-01-15
4009,17,34,Chicken Family Meal,518.1,0,2024-01-29
4010,17,34,Roasted Family Pack,525.17,0,2024-02-12
4011,17,34,Family Chicken,531.74,0,2024-02-26
4012,17,34,Family Chicken,491.84,1,2024-03-11
4013,17,34,Chicken Family Meal,498.18,0,2024-03-25
4014,17,34,Chicken Family Meal,480.9,1,2024-04-08
4015,17,34,Chicken Family Meal,485.9,0,2024-04-22
4016,17,34,Roasted Family Pack,478.23,0,2024-05-20
4017,17,34,Chicken Family Meal,480.86,0,2024-06-03
4018,17,34,Roasted Family Pack,486.65,0,2024-06-17
4019,17,34,Family Chicken,491.43,0,2024-07-01
4020,17,34,Family Chicken,498.8,0,2024-07-29
4021,17,34,Chicken Family Meal,502.67,0,2024-08-12
4022,17,34,Family Chicken,476.08,1,2024-08-26
4023,17,34,Chicken Family Meal,480.83,0,2024-09-09
4024,17,34,Chicken Family Meal,487.71,0,2024-09-23
4025,17,34,Chicken Family Meal,494.07,0,2024-11-04
4026,17,34,Roasted Family Pack,498.9,0,2024-11-18
4027,17,34,Family Chicken,504.47,0,2024-12-16
4028,17,34,Roasted Family Pack,510.45,0,2024-12-30
4029,17,34,Chicken Family Meal,516.08,0,2025-02-10
4030,17,34,Chicken Family Meal,522.24,0,2025-02-24
4031,17,34,Roasted Family Pack,527.86,0,2025-03-10
4032,17,34,Roasted Family Pack,518.37,0,2025-03-24
4033,17,34,Roasted Family Pack,520.99,0,2025-04-07
4034,17,34,Roasted Family Pack,524.73,0,2025-04-21
4035,17,34,Family Chicken,509.71,0,2025-05-05
4036,17,34,Chicken Family Meal,480.56,1,2025-05-19
4037,17,34,Family Chicken,483.25,0,2025-06-02
4038,17,34,Family Chicken,448.25,1,2025-06-16
4039,17,34,Chicken Family Meal,453.01,0,2025-06-30
4040,17,34,Chicken Family Meal,459.51,0,2025-07-14
4041,17,34,Chicken Family Meal,465.01,0,2025-07-28
4042,17,34,Family Chicken,470.76,0,2025-08-11
4043,17,34,Family Chicken,473.9,0,2025-08-25
4044,17,34,Family Chicken,478.2,0,2025-10-06
4045,17,34,Chicken Family Meal,482.48,0,2025-10-20
4046,17,34,Roasted Family Pack,489.44,0,2025-11-03
4047,17,34,Family Chicken,477.01,0,2025-12-29
4048,17,41,Special Pizza,164.03,0,2024-01-01
4049,17,41,Meat Pizza,153.73,1,2024-01-15
4050,17,41,Meat Pizza,155.86,0,2024-01-29
4051,17,41,Pepperoni Pizza,157.08,0,2024-02-12
4052,17,41,Pepperoni Pizza,158.14,0,2024-02-26
4053,17,41,Meat Pizza,160.13,0,2024-03-25
4054,17,41,Meat Pizza,155.14,1,2024-04-22
4055,17,41,Pepperoni Pizza,157.46,0,2024-05-06
4056,17,41,Meat Pizza,148.08,1,2024-05-20
4057,17,41,Special Pizza,150.29,0,2024-07-01
4058,17,41,Pepperoni Pizza,152.03,0,2024-07-15
4059,17,41,Meat Pizza,153.23,0,2024-07-29
4060,17,41,Special Pizza,155.06,0,2024-08-12
4061,17,41,Pepperoni Pizza,146.53,1,2024-09-09
4062,17,41,Meat Pizza,148.31,0,2024-10-21
4063,17,41,Meat Pizza,149.42,0,2024-11-18
4064,17,41,Special Pizza,151.09,0,2024-12-02
4065,17,41,Meat Pizza,141.61,1,2024-12-16
4066,17,41,Pepperoni Pizza,142.64,0,2024-12-30
4067,17,41,Meat Pizza,144.1,0,2025-01-13
4068,17,41,Special Pizza,141.97,0,2025-02-24
4069,17,41,Meat Pizza,140.56,0,2025-03-10
4070,17,41,Pepperoni Pizza,142.4,0,2025-03-24
4071,17,41,Pepperoni Pizza,137.29,1,2025-04-21
4072,17,41,Meat Pizza,138.35,0,2025-06-02
4073,17,41,Pepperoni Pizza,126.55,1,2025-06-16
4074,17,41,Pepperoni Pizza,127.56,0,2025-07-28
4075,17,41,Pepperoni Pizza,128.34,0,2025-08-11
4076,17,41,Pepperoni Pizza,130.25,0,2025-09-08
4077,17,41,Special Pizza,130.92,0,2025-10-06
4078,17,41,Pepperoni Pizza,132.65,0,2025-10-20
4079,17,41,Meat Pizza,134.03,0,2025-11-17
4080,17,41,Pepperoni Pizza,129.27,1,2025-12-01
4081,17,41,Meat Pizza,131.08,0,2025-12-29
4082,17,33,Family Grill Box,499.19,0,2024-01-01
4083,17,33,Mixed Grill Family,503.29,0,2024-01-15
4084,17,33,BBQ Family Pack,474.59,1,2024-01-29
4085,17,33,BBQ Family Pack,481.4,0,2024-02-12
4086,17,33,Mixed Grill Family,467.48,0,2024-02-26
4087,17,33,BBQ Family Pack,447.1,1,2024-03-25
4088,17,33,Mixed Grill Family,449.82,0,2024-04-22
4089,17,33,BBQ Family Pack,456.31,0,2024-05-20
4090,17,33,Mixed Grill Family,460.4,0,2024-06-03
4091,17,33,BBQ Family Pack,466.06,0,2024-07-15
4092,17,33,Mixed Grill Family,468.58,0,2024-07-29
4093,17,33,Family Grill Box,475.3,0,2024-08-12
4094,17,33,Mixed Grill Family,478.5,0,2024-08-26
4095,17,33,Family Grill Box,481.7,0,2024-09-09
4096,17,33,Family Grill Box,487.71,0,2024-09-23
4097,17,33,Family Grill Box,495.01,0,2024-12-02
4098,17,33,BBQ Family Pack,499.59,0,2024-12-16
4099,17,33,Family Grill Box,506.61,0,2025-01-13
4100,17,33,Mixed Grill Family,510.7,0,2025-01-27
4101,17,33,Family Grill Box,515.98,0,2025-02-10
4102,17,33,Mixed Grill Family,523.16,0,2025-03-24
4103,17,33,BBQ Family Pack,528.92,0,2025-05-05
4104,17,33,BBQ Family Pack,477.65,1,2025-06-30
4105,17,33,Mixed Grill Family,482.95,0,2025-07-14
4106,17,33,BBQ Family Pack,454.53,1,2025-08-25
4107,17,33,Mixed Grill Family,459.79,0,2025-09-08
4108,17,33,BBQ Family Pack,431.02,1,2025-09-22
4109,17,33,Mixed Grill Family,415.1,1,2025-10-06
4110,17,33,Family Grill Box,419.94,0,2025-11-17
4111,17,33,BBQ Family Pack,424.77,0,2025-12-01
4112,17,33,Mixed Grill Family,429.61,0,2025-12-15
4113,17,33,Mixed Grill Family,435.36,0,2025-12-29
4114,17,11,Egyptian Koshari,71.53,0,2024-01-15
4115,17,11,Koshari,71.97,0,2024-02-12
4116,17,11,Classic Koshari,72.8,0,2024-02-26
4117,17,11,Egyptian Koshari,67.2,1,2024-03-25
4118,17,11,Egyptian Koshari,68.03,0,2024-04-08
4119,17,11,Koshari,68.83,0,2024-04-22
4120,17,11,Koshari,69.69,0,2024-05-06
4121,17,11,Classic Koshari,70.17,0,2024-05-20
4122,17,11,Classic Koshari,68.51,0,2024-07-01
4123,17,11,Egyptian Koshari,69.42,0,2024-08-26
4124,17,11,Egyptian Koshari,63.87,1,2024-09-09
4125,17,11,Classic Koshari,64.53,0,2024-09-23
4126,17,11,Koshari,65.13,0,2024-10-07
4127,17,11,Egyptian Koshari,65.68,0,2024-11-04
4128,17,11,Koshari,64.82,0,2024-12-02
4129,17,11,Koshari,65.66,0,2024-12-30
4130,17,11,Koshari,66.54,0,2025-01-13
4131,17,11,Koshari,67.35,0,2025-02-24
4132,17,11,Egyptian Koshari,68.19,0,2025-04-07
4133,17,11,Koshari,68.63,0,2025-04-21
4134,17,11,Koshari,69.56,0,2025-06-02
4135,17,11,Classic Koshari,69.94,0,2025-06-16
4136,17,11,Egyptian Koshari,70.88,0,2025-06-30
4137,17,11,Koshari,71.69,0,2025-07-14
4138,17,11,Classic Koshari,72.74,0,2025-09-08
4139,17,11,Egyptian Koshari,73.32,0,2025-09-22
4140,17,11,Egyptian Koshari,74.38,0,2025-10-06
4141,17,11,Classic Koshari,69.24,1,2025-10-20
4142,17,11,Egyptian Koshari,69.97,0,2025-12-29
4143,17,36,Classic Burger,129.73,0,2024-01-01
4144,17,36,Smash Burger,130.78,0,2024-01-29
4145,17,36,Classic Burger,132.18,0,2024-03-11
4146,17,36,Smash Burger,133.11,0,2024-03-25
4147,17,36,Smash Burger,134.34,0,2024-05-06
4148,17,36,Classic Burger,135.17,0,2024-06-03
4149,17,36,Beef Burger,130.32,1,2024-06-17
4150,17,36,Classic Burger,131.1,0,2024-07-15
4151,17,36,Beef Burger,132.93,0,2024-07-29
4152,17,36,Smash Burger,134.86,0,2024-08-26
4153,17,36,Smash Burger,136.03,0,2024-09-09
4154,17,36,Classic Burger,136.72,0,2024-11-18
4155,17,36,Classic Burger,138.67,0,2024-12-16
4156,17,36,Beef Burger,139.76,0,2025-01-13
4157,17,36,Beef Burger,141.57,0,2025-02-10
4158,17,36,Beef Burger,127.85,1,2025-03-10
4159,17,36,Classic Burger,121.42,1,2025-03-24
4160,17,36,Beef Burger,123.21,0,2025-04-21
4161,17,36,Beef Burger,124.23,0,2025-05-05
4162,17,36,Beef Burger,125.44,0,2025-05-19
4163,17,36,Classic Burger,126.77,0,2025-06-02
4164,17,36,Smash Burger,128.55,0,2025-06-16
4165,17,36,Smash Burger,129.51,0,2025-07-14
4166,17,36,Classic Burger,126.79,0,2025-08-25
4167,17,36,Smash Burger,123.71,0,2025-09-08
4168,17,36,Smash Burger,124.95,0,2025-09-22
4169,17,36,Smash Burger,126.12,0,2025-10-06
4170,17,55,Lamb Chops,192.83,0,2024-01-01
4171,17,55,Grilled Lamb,174.52,1,2024-01-15
4172,17,55,Grilled Lamb,176.0,0,2024-02-12
4173,17,55,Grilled Lamb,177.81,0,2024-02-26
4174,17,55,Lamb Ribs,180.32,0,2024-03-25
4175,17,55,Lamb Ribs,182.68,0,2024-04-08
4176,17,55,Lamb Ribs,173.19,1,2024-04-22
4177,17,55,Lamb Chops,175.32,0,2024-05-06
4178,17,55,Lamb Chops,177.23,0,2024-05-20
4179,17,55,Grilled Lamb,179.59,0,2024-06-03
4180,17,55,Lamb Ribs,169.15,1,2024-06-17
4181,17,55,Grilled Lamb,170.82,0,2024-07-29
4182,17,55,Grilled Lamb,172.44,0,2024-08-12
4183,17,55,Lamb Ribs,173.4,0,2024-08-26
4184,17,55,Lamb Chops,175.39,0,2024-10-07
4185,17,55,Grilled Lamb,176.64,0,2024-10-21
4186,17,55,Lamb Chops,178.19,0,2024-11-04
4187,17,55,Grilled Lamb,173.87,0,2024-11-18
4188,17,55,Lamb Ribs,174.81,0,2024-12-02
4189,17,55,Lamb Ribs,176.27,0,2024-12-16
4190,17,55,Lamb Chops,177.45,0,2024-12-30
4191,17,55,Grilled Lamb,169.68,1,2025-01-13
4192,17,55,Lamb Ribs,171.81,0,2025-01-27
4193,17,55,Lamb Chops,174.12,0,2025-03-10
4194,17,55,Lamb Chops,175.68,0,2025-03-24
4195,17,55,Lamb Chops,177.3,0,2025-04-07
4196,17,55,Lamb Chops,179.59,0,2025-04-21
4197,17,55,Lamb Ribs,177.65,0,2025-06-02
4198,17,55,Grilled Lamb,167.32,1,2025-06-30
4199,17,55,Lamb Chops,168.93,0,2025-07-14
4200,17,55,Lamb Chops,170.6,0,2025-07-28
4201,17,55,Grilled Lamb,172.28,0,2025-08-11
4202,17,55,Grilled Lamb,173.75,0,2025-08-25
4203,17,55,Lamb Ribs,175.98,0,2025-09-08
4204,17,55,Lamb Ribs,177.68,0,2025-09-22
4205,17,55,Lamb Ribs,179.65,0,2025-10-20
4206,17,55,Lamb Ribs,181.38,0,2025-11-03
4207,17,55,Lamb Ribs,183.74,0,2025-12-15
4208,17,55,Grilled Lamb,186.14,0,2025-12-29
4209,17,40,Margherita,121.52,0,2024-01-01
4210,17,40,Cheese Pizza,123.22,0,2024-01-15
4211,17,40,Classic Pizza,123.89,0,2024-01-29
4212,17,40,Cheese Pizza,125.11,0,2024-02-12
4213,17,40,Cheese Pizza,126.57,0,2024-05-06
4214,17,40,Cheese Pizza,128.35,0,2024-06-03
4215,17,40,Classic Pizza,130.09,0,2024-06-17
4216,17,40,Margherita,130.91,0,2024-07-01
4217,17,40,Margherita,129.29,0,2024-07-15
4218,17,40,Classic Pizza,127.95,0,2024-07-29
4219,17,40,Margherita,129.83,0,2024-08-12
4220,17,40,Classic Pizza,130.79,0,2024-09-09
4221,17,40,Classic Pizza,120.15,1,2024-10-07
4222,17,40,Margherita,120.96,0,2024-10-21
4223,17,40,Cheese Pizza,117.55,0,2024-11-04
4224,17,40,Classic Pizza,119.03,0,2024-12-02
4225,17,40,Cheese Pizza,120.66,0,2024-12-30
4226,17,40,Classic Pizza,121.63,0,2025-01-13
4227,17,40,Margherita,122.39,0,2025-01-27
4228,17,40,Classic Pizza,123.8,0,2025-02-10
4229,17,40,Margherita,121.76,0,2025-02-24
4230,17,40,Cheese Pizza,112.38,1,2025-03-10
4231,17,40,Classic Pizza,113.22,0,2025-03-24
4232,17,40,Cheese Pizza,102.64,1,2025-04-07
4233,17,40,Classic Pizza,100.72,0,2025-04-21
4234,17,40,Margherita,101.53,0,2025-05-05
4235,17,40,Cheese Pizza,102.42,0,2025-05-19
4236,17,40,Classic Pizza,103.54,0,2025-06-02
4237,17,40,Margherita,104.81,0,2025-06-30
4238,17,40,Margherita,105.97,0,2025-08-11
4239,17,40,Classic Pizza,107.38,0,2025-08-25
4240,17,40,Margherita,108.17,0,2025-09-08
4241,17,40,Cheese Pizza,109.72,0,2025-09-22
4242,17,40,Cheese Pizza,110.84,0,2025-10-20
4243,17,40,Cheese Pizza,111.45,0,2025-11-03
4244,17,40,Margherita,112.01,0,2025-11-17
4245,17,40,Margherita,113.06,0,2025-12-15
4246,17,40,Cheese Pizza,114.23,0,2025-12-29
4247,17,51,Giblets Sandwich,78.26,0,2024-01-15
4248,17,51,Liver Sandwich,78.95,0,2024-02-12
4249,17,51,Liver Sandwich,79.58,0,2024-02-26
4250,17,51,Giblets Sandwich,80.75,0,2024-03-11
4251,17,51,Spicy Liver Sub,81.52,0,2024-04-08
4252,17,51,Spicy Liver Sub,82.01,0,2024-04-22
4253,17,51,Giblets Sandwich,82.95,0,2024-05-06
4254,17,51,Liver Sandwich,83.65,0,2024-05-20
4255,17,51,Liver Sandwich,84.76,0,2024-06-03
4256,17,51,Spicy Liver Sub,85.28,0,2024-06-17
4257,17,51,Giblets Sandwich,78.05,1,2024-07-01
4258,17,51,Giblets Sandwich,78.68,0,2024-07-15
4259,17,51,Spicy Liver Sub,79.35,0,2024-07-29
4260,17,51,Giblets Sandwich,80.28,0,2024-08-12
4261,17,51,Giblets Sandwich,81.21,0,2024-08-26
4262,17,51,Giblets Sandwich,81.97,0,2024-09-09
4263,17,51,Liver Sandwich,83.01,0,2024-10-21
4264,17,51,Giblets Sandwich,83.94,0,2024-11-04
4265,17,51,Spicy Liver Sub,85.01,0,2024-11-18
4266,17,51,Liver Sandwich,85.83,0,2024-12-16
4267,17,51,Spicy Liver Sub,86.52,0,2025-01-13
4268,17,51,Giblets Sandwich,87.15,0,2025-01-27
4269,17,51,Liver Sandwich,85.53,0,2025-02-10
4270,17,51,Giblets Sandwich,86.68,0,2025-02-24
4271,17,51,Liver Sandwich,84.13,0,2025-03-10
4272,17,51,Spicy Liver Sub,78.77,1,2025-03-24
4273,17,51,Giblets Sandwich,73.95,1,2025-04-21
4274,17,51,Spicy Liver Sub,74.82,0,2025-05-05
4275,17,51,Spicy Liver Sub,73.07,0,2025-06-02
4276,17,51,Giblets Sandwich,73.72,0,2025-06-16
4277,17,51,Liver Sandwich,74.77,0,2025-07-28
4278,17,51,Spicy Liver Sub,75.47,0,2025-08-11
4279,17,51,Liver Sandwich,76.54,0,2025-08-25
4280,17,51,Liver Sandwich,69.06,1,2025-09-08
4281,17,51,Giblets Sandwich,69.59,0,2025-11-17
4282,17,51,Giblets Sandwich,70.06,0,2025-12-01
4283,17,51,Liver Sandwich,70.63,0,2025-12-15
4284,17,14,Pigeon Dish,163.3,0,2024-01-29
4285,17,14,Pigeon Dish,165.48,0,2024-02-26
4286,17,14,Stuffed Pigeon,166.34,0,2024-03-11
4287,17,14,Stuffed Pigeon,167.51,0,2024-03-25
4288,17,14,Stuffed Pigeon,151.48,1,2024-04-08
4289,17,14,Stuffed Pigeon,152.4,0,2024-04-22
4290,17,14,Stuffed Pigeon,154.23,0,2024-05-06
4291,17,14,Stuffed Pigeon,156.27,0,2024-05-20
4292,17,14,Stuffed Pigeon,154.27,0,2024-06-03
4293,17,14,Stuffed Pigeon,140.85,1,2024-06-17
4294,17,14,Stuffed Pigeon,139.51,0,2024-07-01
4295,17,14,Hamam Mahshi,140.73,0,2024-07-15
4296,17,14,Pigeon Dish,142.6,0,2024-08-12
4297,17,14,Pigeon Dish,137.94,1,2024-10-07
4298,17,14,Pigeon Dish,139.24,0,2024-10-21
4299,17,14,Pigeon Dish,141.23,0,2024-12-02
4300,17,14,Hamam Mahshi,130.21,1,2024-12-16
4301,17,14,Pigeon Dish,131.14,0,2024-12-30
4302,17,14,Pigeon Dish,132.89,0,2025-01-13
4303,17,14,Hamam Mahshi,133.92,0,2025-01-27
4304,17,14,Hamam Mahshi,134.74,0,2025-02-10
4305,17,14,Stuffed Pigeon,136.16,0,2025-02-24
4306,17,14,Pigeon Dish,137.8,0,2025-03-24
4307,17,14,Pigeon Dish,138.8,0,2025-04-07
4308,17,14,Hamam Mahshi,139.58,0,2025-05-05
4309,17,14,Hamam Mahshi,138.04,0,2025-05-19
4310,17,14,Pigeon Dish,139.55,0,2025-06-16
4311,17,14,Pigeon Dish,141.14,0,2025-06-30
4312,17,14,Stuffed Pigeon,142.48,0,2025-09-08
4313,17,14,Stuffed Pigeon,131.0,1,2025-10-06
4314,17,14,Hamam Mahshi,132.47,0,2025-11-03
4315,17,14,Stuffed Pigeon,134.05,0,2025-11-17
4316,17,14,Hamam Mahshi,135.57,0,2025-12-15
4317,17,14,Pigeon Dish,136.64,0,2025-12-29
4318,18,51,Spicy Liver Sub,66.67,0,2024-01-15
4319,18,51,Liver Sandwich,67.55,0,2024-02-12
4320,18,51,Giblets Sandwich,68.19,0,2024-02-26
4321,18,51,Giblets Sandwich,62.49,1,2024-03-25
4322,18,51,Giblets Sandwich,63.11,0,2024-04-08
4323,18,51,Spicy Liver Sub,64.04,0,2024-04-22
4324,18,51,Spicy Liver Sub,64.84,0,2024-05-20
4325,18,51,Liver Sandwich,65.75,0,2024-06-03
4326,18,51,Spicy Liver Sub,66.24,0,2024-07-01
4327,18,51,Giblets Sandwich,66.93,0,2024-07-29
4328,18,51,Spicy Liver Sub,61.46,1,2024-08-26
4329,18,51,Giblets Sandwich,60.88,0,2024-09-09
4330,18,51,Spicy Liver Sub,61.31,0,2024-09-23
4331,18,51,Giblets Sandwich,61.69,0,2024-10-21
4332,18,51,Spicy Liver Sub,62.12,0,2024-11-04
4333,18,51,Giblets Sandwich,62.89,0,2024-11-18
4334,18,51,Liver Sandwich,63.63,0,2024-12-02
4335,18,51,Giblets Sandwich,64.24,0,2024-12-16
4336,18,51,Liver Sandwich,65.1,0,2024-12-30
4337,18,51,Spicy Liver Sub,65.95,0,2025-01-13
4338,18,51,Liver Sandwich,66.31,0,2025-02-10
4339,18,51,Giblets Sandwich,67.06,0,2025-02-24
4340,18,51,Giblets Sandwich,67.41,0,2025-03-10
4341,18,51,Spicy Liver Sub,68.09,0,2025-03-24
4342,18,51,Liver Sandwich,68.95,0,2025-06-02
4343,18,51,Liver Sandwich,69.67,0,2025-06-16
4344,18,51,Spicy Liver Sub,70.27,0,2025-06-30
4345,18,51,Giblets Sandwich,70.89,0,2025-07-14
4346,18,51,Giblets Sandwich,71.76,0,2025-08-11
4347,18,51,Spicy Liver Sub,72.65,0,2025-08-25
4348,18,51,Giblets Sandwich,73.69,0,2025-09-22
4349,18,51,Liver Sandwich,74.3,0,2025-10-06
4350,18,51,Spicy Liver Sub,75.06,0,2025-10-20
4351,18,51,Giblets Sandwich,73.97,0,2025-11-03
4352,18,51,Giblets Sandwich,74.44,0,2025-11-17
4353,18,51,Giblets Sandwich,75.5,0,2025-12-15
4354,18,51,Spicy Liver Sub,75.9,0,2025-12-29
4355,18,53,Taameya Sandwich,30.67,0,2024-01-01
4356,18,53,Falafel Sub,29.39,1,2024-03-11
4357,18,53,Taameya Sandwich,28.7,0,2024-03-25
4358,18,53,Falafel Sandwich,27.87,0,2024-04-08
4359,18,53,Falafel Sub,26.29,1,2024-05-06
4360,18,53,Falafel Sandwich,26.48,0,2024-05-20
4361,18,53,Falafel Sub,26.7,0,2024-07-15
4362,18,53,Falafel Sub,24.45,1,2024-07-29
4363,18,53,Falafel Sandwich,23.56,1,2024-08-12
4364,18,53,Taameya Sandwich,23.78,0,2024-08-26
4365,18,53,Falafel Sandwich,24.09,0,2024-09-09
4366,18,53,Falafel Sandwich,24.35,0,2024-10-07
4367,18,53,Falafel Sub,24.49,0,2024-10-21
4368,18,53,Taameya Sandwich,24.8,0,2024-11-04
4369,18,53,Taameya Sandwich,24.92,0,2024-11-18
4370,18,53,Falafel Sub,25.09,0,2024-12-02
4371,18,53,Taameya Sandwich,25.41,0,2024-12-16
4372,18,53,Falafel Sub,25.67,0,2024-12-30
4373,18,53,Falafel Sub,25.93,0,2025-01-27
4374,18,53,Falafel Sub,26.26,0,2025-02-10
4375,18,53,Taameya Sandwich,26.09,0,2025-02-24
4376,18,53,Falafel Sandwich,23.15,1,2025-03-10
4377,18,53,Taameya Sandwich,23.39,0,2025-03-24
4378,18,53,Taameya Sandwich,23.73,0,2025-04-21
4379,18,53,Falafel Sandwich,24.0,0,2025-05-05
4380,18,53,Falafel Sub,24.21,0,2025-05-19
4381,18,53,Falafel Sandwich,24.48,0,2025-06-16
4382,18,53,Taameya Sandwich,24.7,0,2025-07-14
4383,18,53,Taameya Sandwich,24.19,0,2025-07-28
4384,18,53,Falafel Sub,23.19,1,2025-08-11
4385,18,53,Falafel Sandwich,23.49,0,2025-08-25
4386,18,53,Taameya Sandwich,23.74,0,2025-09-08
4387,18,53,Falafel Sandwich,23.94,0,2025-10-06
4388,18,53,Taameya Sandwich,24.19,0,2025-11-03
4389,18,53,Falafel Sub,24.47,0,2025-11-17
4390,18,53,Falafel Sandwich,24.6,0,2025-12-01
4391,18,53,Taameya Sandwich,24.91,0,2025-12-15
4392,18,53,Falafel Sub,25.19,0,2025-12-29
4393,18,2,Halal Kabab,149.67,1,2024-01-01
4394,18,2,Grilled Kabab,151.42,0,2024-02-12
4395,18,2,Kabab Platter,152.8,0,2024-03-25
4396,18,2,Grilled Kabab,153.63,0,2024-05-06
4397,18,2,Halal Kabab,154.93,0,2024-05-20
4398,18,2,Halal Kabab,156.89,0,2024-06-03
4399,18,2,Halal Kabab,158.41,0,2024-07-15
4400,18,2,Halal Kabab,159.87,0,2024-08-12
4401,18,2,Grilled Kabab,161.97,0,2024-09-09
4402,18,2,Kabab Platter,162.94,0,2024-09-23
4403,18,2,Halal Kabab,165.13,0,2024-11-04
4404,18,2,Grilled Kabab,159.74,1,2024-12-02
4405,18,2,Kabab Platter,161.42,0,2025-02-10
4406,18,2,Halal Kabab,152.24,1,2025-03-10
4407,18,2,Halal Kabab,149.76,0,2025-03-24
4408,18,2,Kabab Platter,142.29,1,2025-04-07
4409,18,2,Halal Kabab,136.17,1,2025-05-19
4410,18,2,Grilled Kabab,137.68,0,2025-06-02
4411,18,2,Halal Kabab,139.48,0,2025-06-16
4412,18,2,Kabab Platter,141.37,0,2025-06-30
4413,18,2,Halal Kabab,142.77,0,2025-07-14
4414,18,2,Grilled Kabab,143.98,0,2025-08-11
4415,18,2,Halal Kabab,144.8,0,2025-10-06
4416,18,2,Grilled Kabab,146.93,0,2025-10-20
4417,18,2,Grilled Kabab,142.79,0,2025-11-03
4418,18,2,Kabab Platter,144.43,0,2025-11-17
4419,18,2,Grilled Kabab,146.35,0,2025-12-01
4420,18,2,Grilled Kabab,147.4,0,2025-12-15
4421,18,10,Falafel Plate,37.26,0,2024-01-01
4422,18,10,Taameya,37.67,0,2024-02-12
4423,18,10,Taameya,38.22,0,2024-03-11
4424,18,10,Taameya,35.14,1,2024-03-25
4425,18,10,Taameya,35.44,0,2024-05-06
4426,18,10,Taameya,35.66,0,2024-06-03
4427,18,10,Falafel Plate,36.04,0,2024-06-17
4428,18,10,Taameya,36.49,0,2024-07-01
4429,18,10,Falafel Plate,36.86,0,2024-08-12
4430,18,10,Falafel,37.13,0,2024-09-09
4431,18,10,Falafel Plate,37.47,0,2024-09-23
4432,18,10,Falafel,34.1,1,2024-10-07
4433,18,10,Falafel,34.49,0,2024-10-21
4434,18,10,Falafel Plate,33.52,0,2024-11-04
4435,18,10,Falafel Plate,33.97,0,2024-11-18
4436,18,10,Falafel Plate,33.63,0,2024-12-02
4437,18,10,Falafel,31.61,1,2024-12-16
4438,18,10,Taameya,31.83,0,2024-12-30
4439,18,10,Taameya,31.21,0,2025-01-13
4440,18,10,Falafel,31.66,0,2025-01-27
4441,18,10,Taameya,32.06,0,2025-02-10
4442,18,10,Falafel,32.54,0,2025-02-24
4443,18,10,Taameya,32.75,0,2025-03-10
4444,18,10,Taameya,33.07,0,2025-03-24
4445,18,10,Falafel Plate,33.47,0,2025-04-21
4446,18,10,Taameya,33.73,0,2025-05-05
4447,18,10,Falafel,33.95,0,2025-05-19
4448,18,10,Falafel,32.92,1,2025-06-02
4449,18,10,Taameya,33.15,0,2025-06-16
4450,18,10,Taameya,32.28,0,2025-06-30
4451,18,10,Falafel,32.7,0,2025-07-14
4452,18,10,Taameya,32.9,0,2025-08-25
4453,18,10,Falafel,33.27,0,2025-09-08
4454,18,10,Falafel Plate,33.64,0,2025-10-20
4455,18,10,Taameya,34.08,0,2025-11-03
4456,18,10,Falafel Plate,34.37,0,2025-12-15
4457,18,10,Falafel Plate,34.57,0,2025-12-29
4458,18,49,Chicken Roll,80.12,1,2024-01-15
4459,18,49,Chicken Roll,81.04,0,2024-01-29
4460,18,49,Chicken Roll,81.69,0,2024-02-12
4461,18,49,Chicken Roll,79.04,1,2024-02-26
4462,18,49,Chicken Shawarma Wrap,72.81,1,2024-03-25
4463,18,49,Chicken Roll,73.41,0,2024-04-08
4464,18,49,Chicken Shawarma Wrap,74.26,0,2024-05-06
4465,18,49,Chicken Roll,73.34,0,2024-06-03
4466,18,49,Shawarma Sandwich,74.4,0,2024-07-01
4467,18,49,Chicken Roll,74.78,0,2024-07-29
4468,18,49,Chicken Roll,75.47,0,2024-08-26
4469,18,49,Shawarma Sandwich,75.85,0,2024-09-09
4470,18,49,Chicken Roll,76.25,0,2024-09-23
4471,18,49,Shawarma Sandwich,76.65,0,2024-10-07
4472,18,49,Chicken Roll,77.32,0,2024-10-21
4473,18,49,Chicken Roll,78.23,0,2024-11-04
4474,18,49,Chicken Roll,79.15,0,2024-12-16
4475,18,49,Shawarma Sandwich,72.74,1,2024-12-30
4476,18,49,Chicken Roll,73.37,0,2025-01-13
4477,18,49,Chicken Roll,74.34,0,2025-02-10
4478,18,49,Chicken Roll,72.05,1,2025-03-10
4479,18,49,Chicken Shawarma Wrap,72.69,0,2025-04-21
4480,18,49,Shawarma Sandwich,73.7,0,2025-05-05
4481,18,49,Shawarma Sandwich,74.67,0,2025-05-19
4482,18,49,Shawarma Sandwich,75.68,0,2025-06-02
4483,18,49,Chicken Shawarma Wrap,70.67,1,2025-06-30
4484,18,49,Shawarma Sandwich,68.83,0,2025-07-14
4485,18,49,Chicken Roll,69.26,0,2025-07-28
4486,18,49,Chicken Roll,69.7,0,2025-08-11
4487,18,49,Chicken Roll,70.49,0,2025-08-25
4488,18,49,Chicken Shawarma Wrap,71.12,0,2025-09-08
4489,18,49,Chicken Roll,71.75,0,2025-09-22
4490,18,49,Shawarma Sandwich,69.85,0,2025-10-06
4491,18,49,Chicken Shawarma Wrap,70.36,0,2025-10-20
4492,18,49,Shawarma Sandwich,70.86,0,2025-11-03
4493,18,49,Shawarma Sandwich,67.06,1,2025-11-17
4494,18,49,Chicken Shawarma Wrap,67.46,0,2025-12-01
4495,18,49,Chicken Shawarma Wrap,67.84,0,2025-12-29
4496,19,33,Family Grill Box,652.17,0,2024-01-01
4497,19,33,Family Grill Box,619.28,1,2024-01-15
4498,19,33,BBQ Family Pack,623.22,0,2024-01-29
4499,19,33,Mixed Grill Family,580.02,1,2024-02-12
4500,19,33,Family Grill Box,587.27,0,2024-03-11
4501,19,33,Mixed Grill Family,540.28,1,2024-03-25
4502,19,33,BBQ Family Pack,531.01,0,2024-05-06
4503,19,33,Mixed Grill Family,534.6,0,2024-05-20
4504,19,33,BBQ Family Pack,538.97,0,2024-06-17
4505,19,33,Family Grill Box,542.19,0,2024-07-01
4506,19,33,Family Grill Box,550.13,0,2024-07-15
4507,19,33,Family Grill Box,556.57,0,2024-07-29
4508,19,33,Mixed Grill Family,560.4,0,2024-08-12
4509,19,33,Family Grill Box,517.55,1,2024-09-09
4510,19,33,BBQ Family Pack,522.48,0,2024-10-07
4511,19,33,BBQ Family Pack,528.25,0,2024-10-21
4512,19,33,BBQ Family Pack,532.55,0,2024-11-04
4513,19,33,Mixed Grill Family,490.58,1,2024-11-18
4514,19,33,Family Grill Box,496.5,0,2024-12-02
4515,19,33,Family Grill Box,503.55,0,2024-12-16
4516,19,33,Family Grill Box,476.56,1,2024-12-30
4517,19,33,BBQ Family Pack,480.45,0,2025-01-27
4518,19,33,Mixed Grill Family,486.18,0,2025-02-10
4519,19,33,Family Grill Box,490.51,0,2025-02-24
4520,19,33,BBQ Family Pack,493.97,0,2025-03-10
4521,19,33,BBQ Family Pack,499.09,0,2025-03-24
4522,19,33,Mixed Grill Family,503.76,0,2025-04-21
4523,19,33,Mixed Grill Family,508.29,0,2025-05-05
4524,19,33,BBQ Family Pack,514.26,0,2025-05-19
4525,19,33,BBQ Family Pack,517.84,0,2025-06-16
4526,19,33,BBQ Family Pack,468.75,1,2025-06-30
4527,19,33,Family Grill Box,472.76,0,2025-07-14
4528,19,33,Mixed Grill Family,438.29,1,2025-07-28
4529,19,33,Mixed Grill Family,441.34,0,2025-08-11
4530,19,33,Family Grill Box,445.25,0,2025-08-25
4531,19,33,Mixed Grill Family,451.69,0,2025-09-08
4532,19,33,BBQ Family Pack,454.02,0,2025-09-22
4533,19,33,Family Grill Box,458.19,0,2025-11-17
4534,19,33,BBQ Family Pack,463.01,0,2025-12-01
4535,19,33,BBQ Family Pack,467.39,0,2025-12-15
4536,19,2,Halal Kabab,170.36,1,2024-01-15
4537,19,2,Kabab Platter,162.64,1,2024-01-29
4538,19,2,Halal Kabab,164.17,0,2024-02-12
4539,19,2,Halal Kabab,165.04,0,2024-02-26
4540,19,2,Kabab Platter,162.53,0,2024-03-11
4541,19,2,Kabab Platter,146.53,1,2024-03-25
4542,19,2,Kabab Platter,135.02,1,2024-04-08
4543,19,2,Halal Kabab,132.54,0,2024-04-22
4544,19,2,Halal Kabab,134.06,0,2024-05-06
4545,19,2,Grilled Kabab,135.05,0,2024-05-20
4546,19,2,Halal Kabab,136.55,0,2024-06-03
4547,19,2,Grilled Kabab,138.35,0,2024-07-01
4548,19,2,Kabab Platter,140.34,0,2024-07-29
4549,19,2,Kabab Platter,141.24,0,2024-08-12
4550,19,2,Grilled Kabab,142.18,0,2024-08-26
4551,19,2,Halal Kabab,133.22,1,2024-10-07
4552,19,2,Halal Kabab,134.02,0,2024-10-21
4553,19,2,Kabab Platter,135.21,0,2024-11-18
4554,19,2,Halal Kabab,136.55,0,2024-12-02
4555,19,2,Grilled Kabab,138.38,0,2025-01-13
4556,19,2,Halal Kabab,139.91,0,2025-02-10
4557,19,2,Grilled Kabab,141.14,0,2025-02-24
4558,19,2,Grilled Kabab,142.98,0,2025-04-07
4559,19,2,Grilled Kabab,135.17,1,2025-04-21
4560,19,2,Kabab Platter,136.83,0,2025-05-05
4561,19,2,Grilled Kabab,134.69,0,2025-05-19
4562,19,2,Halal Kabab,135.41,0,2025-06-02
4563,19,2,Halal Kabab,136.96,0,2025-06-16
4564,19,2,Grilled Kabab,138.28,0,2025-07-14
4565,19,2,Halal Kabab,125.96,1,2025-07-28
4566,19,2,Halal Kabab,126.73,0,2025-08-11
4567,19,2,Kabab Platter,117.78,1,2025-08-25
4568,19,2,Kabab Platter,118.74,0,2025-09-08
4569,19,2,Kabab Platter,120.43,0,2025-09-22
4570,19,2,Halal Kabab,121.26,0,2025-10-06
4571,19,2,Grilled Kabab,121.98,0,2025-10-20
4572,19,2,Halal Kabab,123.5,0,2025-11-03
4573,19,2,Grilled Kabab,124.94,0,2025-11-17
4574,19,2,Grilled Kabab,126.41,0,2025-12-15
4575,19,2,Kabab Platter,125.34,0,2025-12-29
4576,19,36,Classic Burger,109.79,1,2024-01-15
4577,19,36,Classic Burger,110.75,0,2024-02-12
4578,19,36,Smash Burger,103.54,1,2024-02-26
4579,19,36,Beef Burger,105.05,0,2024-03-11
4580,19,36,Beef Burger,106.47,0,2024-03-25
4581,19,36,Smash Burger,107.84,0,2024-04-08
4582,19,36,Smash Burger,108.47,0,2024-04-22
4583,19,36,Beef Burger,109.11,0,2024-05-06
4584,19,36,Classic Burger,109.82,0,2024-05-20
4585,19,36,Classic Burger,99.43,1,2024-06-03
4586,19,36,Beef Burger,100.17,0,2024-06-17
4587,19,36,Classic Burger,101.03,0,2024-07-01
4588,19,36,Classic Burger,101.69,0,2024-07-15
4589,19,36,Smash Burger,102.51,0,2024-08-12
4590,19,36,Smash Burger,103.58,0,2024-09-09
4591,19,36,Beef Burger,97.29,1,2024-09-23
4592,19,36,Beef Burger,98.35,0,2024-11-18
4593,19,36,Classic Burger,99.42,0,2024-12-02
4594,19,36,Smash Burger,100.31,0,2024-12-30
4595,19,36,Smash Burger,97.53,0,2025-01-13
4596,19,36,Beef Burger,98.76,0,2025-02-10
4597,19,36,Beef Burger,99.66,0,2025-02-24
4598,19,36,Classic Burger,100.38,0,2025-03-10
4599,19,36,Smash Burger,93.2,1,2025-03-24
4600,19,36,Classic Burger,90.77,0,2025-04-07
4601,19,36,Classic Burger,91.96,0,2025-04-21
4602,19,36,Classic Burger,92.88,0,2025-05-05
4603,19,36,Beef Burger,88.1,1,2025-05-19
4604,19,36,Classic Burger,88.8,0,2025-06-02
4605,19,36,Classic Burger,86.81,0,2025-06-16
4606,19,36,Beef Burger,87.25,0,2025-06-30
4607,19,36,Smash Burger,88.31,0,2025-07-14
4608,19,36,Classic Burger,88.88,0,2025-07-28
4609,19,36,Beef Burger,90.21,0,2025-08-11
4610,19,36,Classic Burger,91.46,0,2025-08-25
4611,19,36,Smash Burger,92.11,0,2025-09-22
4612,19,36,Classic Burger,93.3,0,2025-10-06
4613,19,36,Beef Burger,94.33,0,2025-10-20
4614,19,36,Smash Burger,95.07,0,2025-11-17
4615,19,36,Smash Burger,96.1,0,2025-12-01
4616,19,36,Beef Burger,97.39,0,2025-12-29
4617,19,39,Crunchy Chicken,134.61,0,2024-01-01
4618,19,39,Crunchy Chicken,135.95,0,2024-01-29
4619,19,39,Crunchy Chicken,137.86,0,2024-03-11
4620,19,39,Fried Chicken,125.86,1,2024-03-25
4621,19,39,Fried Chicken,127.05,0,2024-04-08
4622,19,39,Crunchy Chicken,128.69,0,2024-04-22
4623,19,39,Crispy Chicken,129.71,0,2024-05-06
4624,19,39,Crispy Chicken,130.9,0,2024-06-17
4625,19,39,Fried Chicken,131.88,0,2024-07-01
4626,19,39,Fried Chicken,124.57,1,2024-07-15
4627,19,39,Crunchy Chicken,125.55,0,2024-07-29
4628,19,39,Fried Chicken,126.9,0,2024-08-12
4629,19,39,Crispy Chicken,128.78,0,2024-09-23
4630,19,39,Fried Chicken,130.48,0,2024-10-07
4631,19,39,Crunchy Chicken,131.19,0,2024-10-21
4632,19,39,Fried Chicken,132.61,0,2024-11-04
4633,19,39,Crispy Chicken,134.04,0,2024-11-18
4634,19,39,Crunchy Chicken,134.74,0,2024-12-02
4635,19,39,Crispy Chicken,132.23,0,2024-12-16
4636,19,39,Crunchy Chicken,134.2,0,2025-01-13
4637,19,39,Fried Chicken,121.92,1,2025-01-27
4638,19,39,Fried Chicken,122.6,0,2025-02-24
4639,19,39,Crunchy Chicken,123.29,0,2025-03-10
4640,19,39,Crunchy Chicken,124.55,0,2025-04-21
4641,19,39,Crispy Chicken,125.18,0,2025-05-05
4642,19,39,Crispy Chicken,112.89,1,2025-05-19
4643,19,39,Crispy Chicken,102.23,1,2025-06-30
4644,19,39,Fried Chicken,96.03,1,2025-08-11
4645,19,39,Crunchy Chicken,97.34,0,2025-09-08
4646,19,39,Crispy Chicken,96.79,0,2025-09-22
4647,19,39,Crispy Chicken,94.92,0,2025-10-06
4648,19,39,Crunchy Chicken,94.37,0,2025-10-20
4649,19,39,Crunchy Chicken,95.7,0,2025-12-29
4650,19,60,Family Lamb Platter,842.93,0,2024-01-01
4651,19,60,Family Lamb Platter,813.08,1,2024-01-15
4652,19,60,Lamb Feast,802.52,0,2024-01-29
4653,19,60,Lamb Feast,810.23,0,2024-02-12
4654,19,60,Lamb Feast,816.75,0,2024-02-26
4655,19,60,Lamb Family Meal,821.38,0,2024-03-11
4656,19,60,Lamb Feast,825.8,0,2024-03-25
4657,19,60,Lamb Feast,832.59,0,2024-06-17
4658,19,60,Lamb Feast,821.71,0,2024-07-01
4659,19,60,Lamb Feast,828.94,0,2024-07-15
4660,19,60,Family Lamb Platter,834.96,0,2024-07-29
4661,19,60,Lamb Family Meal,845.75,0,2024-09-09
4662,19,60,Lamb Family Meal,852.84,0,2024-09-23
4663,19,60,Family Lamb Platter,861.3,0,2024-10-07
4664,19,60,Lamb Feast,818.72,1,2024-11-04
4665,19,60,Family Lamb Platter,762.47,1,2024-11-18
4666,19,60,Family Lamb Platter,767.25,0,2024-12-02
4667,19,60,Lamb Feast,777.02,0,2024-12-16
4668,19,60,Lamb Family Meal,783.12,0,2024-12-30
4669,19,60,Family Lamb Platter,793.98,0,2025-01-13
4670,19,60,Lamb Feast,805.08,0,2025-01-27
4671,19,60,Lamb Family Meal,752.41,1,2025-02-10
4672,19,60,Lamb Feast,757.45,0,2025-03-10
4673,19,60,Lamb Family Meal,766.24,0,2025-03-24
4674,19,60,Lamb Feast,771.77,0,2025-04-07
4675,19,60,Lamb Feast,780.44,0,2025-05-19
4676,19,60,Lamb Feast,759.64,0,2025-06-02
4677,19,60,Lamb Feast,687.21,1,2025-06-16
4678,19,60,Family Lamb Platter,696.62,0,2025-07-14
4679,19,60,Lamb Family Meal,691.35,0,2025-07-28
4680,19,60,Lamb Feast,701.54,0,2025-08-25
4681,19,60,Lamb Family Meal,709.55,0,2025-09-08
4682,19,60,Family Lamb Platter,715.95,0,2025-09-22
4683,19,60,Lamb Family Meal,722.35,0,2025-10-06
4684,19,60,Lamb Feast,731.94,0,2025-10-20
4685,19,60,Lamb Feast,738.91,0,2025-11-17
4686,19,60,Lamb Family Meal,743.18,0,2025-12-01
4687,19,28,Om Ali Dessert,80.21,0,2024-02-12
4688,19,28,Egyptian Bread Pudding,73.74,1,2024-03-11
4689,19,28,Om Ali Dessert,67.8,1,2024-03-25
4690,19,28,Om Ali Dessert,68.61,0,2024-04-22
4691,19,28,Om Ali,69.37,0,2024-05-20
4692,19,28,Om Ali,63.06,1,2024-06-03
4693,19,28,Om Ali Dessert,63.46,0,2024-06-17
4694,19,28,Om Ali,58.69,1,2024-07-01
4695,19,28,Om Ali,59.33,0,2024-07-15
4696,19,28,Om Ali,60.08,0,2024-07-29
4697,19,28,Egyptian Bread Pudding,60.84,0,2024-08-12
4698,19,28,Egyptian Bread Pudding,55.99,1,2024-08-26
4699,19,28,Egyptian Bread Pudding,56.62,0,2024-09-23
4700,19,28,Egyptian Bread Pudding,57.3,0,2024-10-07
4701,19,28,Om Ali,57.78,0,2024-11-04
4702,19,28,Egyptian Bread Pudding,58.14,0,2024-11-18
4703,19,28,Egyptian Bread Pudding,57.81,0,2024-12-02
4704,19,28,Om Ali Dessert,58.59,0,2024-12-30
4705,19,28,Om Ali Dessert,58.9,0,2025-01-13
4706,19,28,Om Ali,59.24,0,2025-01-27
4707,19,28,Egyptian Bread Pudding,59.86,0,2025-02-10
4708,19,28,Egyptian Bread Pudding,57.56,1,2025-03-10
4709,19,28,Om Ali,57.87,0,2025-03-24
4710,19,28,Om Ali,55.74,1,2025-04-07
4711,19,28,Egyptian Bread Pudding,56.1,0,2025-04-21
4712,19,28,Om Ali Dessert,56.7,0,2025-06-16
4713,19,28,Egyptian Bread Pudding,56.22,0,2025-07-14
4714,19,28,Om Ali Dessert,54.15,1,2025-08-11
4715,19,28,Om Ali Dessert,54.74,0,2025-08-25
4716,19,28,Om Ali,55.2,0,2025-09-22
4717,19,28,Egyptian Bread Pudding,55.48,0,2025-10-20
4718,19,28,Om Ali,55.86,0,2025-11-03
4719,19,28,Om Ali Dessert,56.58,0,2025-11-17
4720,19,28,Egyptian Bread Pudding,57.27,0,2025-12-01
4721,20,37,Spicy Chicken Burger,92.73,0,2024-01-15
4722,20,37,Crispy Chicken Burger,93.84,0,2024-02-12
4723,20,37,Spicy Chicken Burger,95.24,0,2024-02-26
4724,20,37,Chicken Burger,95.84,0,2024-03-25
4725,20,37,Spicy Chicken Burger,97.07,0,2024-05-06
4726,20,37,Chicken Burger,95.39,0,2024-06-03
4727,20,37,Crispy Chicken Burger,94.52,0,2024-06-17
4728,20,37,Crispy Chicken Burger,95.9,0,2024-07-29
4729,20,37,Crispy Chicken Burger,96.66,0,2024-08-26
4730,20,37,Chicken Burger,97.81,0,2024-09-09
4731,20,37,Crispy Chicken Burger,98.34,0,2024-09-23
4732,20,37,Crispy Chicken Burger,99.7,0,2024-10-07
4733,20,37,Chicken Burger,94.49,1,2024-11-18
4734,20,37,Chicken Burger,93.41,0,2024-12-02
4735,20,37,Spicy Chicken Burger,94.46,0,2024-12-16
4736,20,37,Spicy Chicken Burger,95.69,0,2024-12-30
4737,20,37,Spicy Chicken Burger,96.21,0,2025-01-13
4738,20,37,Chicken Burger,87.74,1,2025-01-27
4739,20,37,Spicy Chicken Burger,88.6,0,2025-02-24
4740,20,37,Chicken Burger,89.82,0,2025-03-10
4741,20,37,Crispy Chicken Burger,90.6,0,2025-04-07
4742,20,37,Chicken Burger,91.07,0,2025-04-21
4743,20,37,Chicken Burger,92.21,0,2025-05-05
4744,20,37,Chicken Burger,93.11,0,2025-05-19
4745,20,37,Spicy Chicken Burger,93.8,0,2025-06-02
4746,20,37,Chicken Burger,94.92,0,2025-06-16
4747,20,37,Chicken Burger,96.25,0,2025-06-30
4748,20,37,Spicy Chicken Burger,96.86,0,2025-07-14
4749,20,37,Spicy Chicken Burger,98.09,0,2025-07-28
4750,20,37,Chicken Burger,99.11,0,2025-08-11
4751,20,37,Chicken Burger,91.94,1,2025-09-08
4752,20,37,Chicken Burger,83.35,1,2025-09-22
4753,20,37,Spicy Chicken Burger,84.04,0,2025-10-06
4754,20,37,Chicken Burger,80.48,1,2025-10-20
4755,20,37,Chicken Burger,81.14,0,2025-11-03
4756,20,37,Chicken Burger,81.56,0,2025-11-17
4757,20,37,Chicken Burger,82.23,0,2025-12-29
4758,20,10,Taameya,44.73,0,2024-01-01
4759,20,10,Taameya,45.2,0,2024-01-29
4760,20,10,Taameya,45.79,0,2024-02-12
4761,20,10,Falafel Plate,44.93,0,2024-03-11
4762,20,10,Falafel,45.5,0,2024-04-08
4763,20,10,Taameya,45.9,0,2024-04-22
4764,20,10,Taameya,46.53,0,2024-06-17
4765,20,10,Falafel Plate,47.11,0,2024-07-15
4766,20,10,Falafel Plate,47.37,0,2024-07-29
4767,20,10,Falafel Plate,43.49,1,2024-08-26
4768,20,10,Falafel Plate,43.99,0,2024-09-09
4769,20,10,Taameya,40.99,1,2024-10-07
4770,20,10,Falafel Plate,41.28,0,2024-11-04
4771,20,10,Falafel Plate,41.69,0,2024-11-18
4772,20,10,Taameya,42.01,0,2024-12-02
4773,20,10,Falafel Plate,41.12,0,2025-02-10
4774,20,10,Falafel,41.62,0,2025-02-24
4775,20,10,Falafel Plate,42.19,0,2025-03-10
4776,20,10,Falafel,42.42,0,2025-03-24
4777,20,10,Taameya,43.03,0,2025-04-07
4778,20,10,Taameya,42.08,0,2025-04-21
4779,20,10,Falafel Plate,42.59,0,2025-05-19
4780,20,10,Falafel,43.12,0,2025-06-02
4781,20,10,Falafel Plate,43.72,0,2025-06-16
4782,20,10,Falafel,44.21,0,2025-06-30
4783,20,10,Falafel,44.44,0,2025-07-28
4784,20,10,Falafel,44.72,0,2025-09-22
4785,20,10,Falafel,45.09,0,2025-10-06
4786,20,10,Falafel Plate,45.76,0,2025-10-20
4787,20,10,Falafel Plate,46.23,0,2025-11-03
4788,20,10,Falafel Plate,46.65,0,2025-11-17
4789,20,10,Falafel Plate,47.23,0,2025-12-01
4790,20,10,Falafel,47.75,0,2025-12-15
4791,20,10,Falafel Plate,48.13,0,2025-12-29
4792,20,55,Grilled Lamb,215.75,0,2024-01-29
4793,20,55,Grilled Lamb,218.3,0,2024-02-26
4794,20,55,Grilled Lamb,209.24,1,2024-03-11
4795,20,55,Lamb Chops,211.85,0,2024-03-25
4796,20,55,Lamb Ribs,214.18,0,2024-05-06
4797,20,55,Lamb Chops,215.78,0,2024-05-20
4798,20,55,Lamb Ribs,218.44,0,2024-06-03
4799,20,55,Lamb Ribs,221.7,0,2024-06-17
4800,20,55,Grilled Lamb,223.06,0,2024-08-26
4801,20,55,Grilled Lamb,226.29,0,2024-09-09
4802,20,55,Lamb Ribs,228.4,0,2024-09-23
4803,20,55,Grilled Lamb,229.94,0,2024-10-07
4804,20,55,Grilled Lamb,232.17,0,2024-10-21
4805,20,55,Grilled Lamb,234.77,0,2024-11-04
4806,20,55,Lamb Ribs,237.54,0,2024-11-18
4807,20,55,Lamb Ribs,239.85,0,2024-12-16
4808,20,55,Grilled Lamb,241.6,0,2025-01-13
4809,20,55,Lamb Ribs,244.14,0,2025-01-27
4810,20,55,Grilled Lamb,247.01,0,2025-02-24
4811,20,55,Grilled Lamb,228.76,1,2025-03-10
4812,20,55,Grilled Lamb,204.0,1,2025-03-24
4813,20,55,Grilled Lamb,205.72,0,2025-04-21
4814,20,55,Grilled Lamb,208.58,0,2025-05-05
4815,20,55,Lamb Chops,211.47,0,2025-06-02
4816,20,55,Lamb Ribs,212.76,0,2025-06-16
4817,20,55,Lamb Chops,214.4,0,2025-07-14
4818,20,55,Lamb Ribs,216.2,0,2025-07-28
4819,20,55,Lamb Chops,219.32,0,2025-08-11
4820,20,55,Lamb Ribs,221.8,0,2025-08-25
4821,20,55,Lamb Chops,223.28,0,2025-09-08
4822,20,55,Lamb Chops,225.26,0,2025-10-20
4823,20,55,Lamb Ribs,227.02,0,2025-11-03
4824,20,55,Lamb Ribs,223.31,0,2025-11-17
4825,20,55,Grilled Lamb,225.91,0,2025-12-15
4826,20,55,Lamb Chops,227.46,0,2025-12-29
4827,20,3,Half Chicken,144.76,1,2024-01-15
4828,20,3,Grilled Chicken,136.89,1,2024-01-29
4829,20,3,Half Chicken,138.04,0,2024-03-11
4830,20,3,Half Chicken,139.76,0,2024-06-03
4831,20,3,Roasted Chicken,141.61,0,2024-06-17
4832,20,3,Half Chicken,143.22,0,2024-07-15
4833,20,3,Grilled Chicken,144.51,0,2024-07-29
4834,20,3,Roasted Chicken,145.61,0,2024-08-12
4835,20,3,Grilled Chicken,147.77,0,2024-08-26
4836,20,3,Half Chicken,141.99,1,2024-09-09
4837,20,3,Grilled Chicken,143.32,0,2024-09-23
4838,20,3,Roasted Chicken,144.55,0,2024-10-07
4839,20,3,Roasted Chicken,145.58,0,2024-11-04
4840,20,3,Roasted Chicken,147.07,0,2024-11-18
4841,20,3,Half Chicken,148.23,0,2024-12-30
4842,20,3,Half Chicken,149.18,0,2025-01-13
4843,20,3,Grilled Chicken,150.09,0,2025-01-27
4844,20,3,Half Chicken,151.99,0,2025-02-10
4845,20,3,Grilled Chicken,153.34,0,2025-02-24
4846,20,3,Grilled Chicken,154.34,0,2025-03-10
4847,20,3,Half Chicken,156.28,0,2025-03-24
4848,20,3,Grilled Chicken,157.22,0,2025-04-21
4849,20,3,Roasted Chicken,159.23,0,2025-05-05
4850,20,3,Roasted Chicken,161.52,0,2025-06-02
4851,20,3,Grilled Chicken,163.06,0,2025-06-30
4852,20,3,Grilled Chicken,164.07,0,2025-07-28
4853,20,3,Half Chicken,165.09,0,2025-10-20
4854,20,3,Roasted Chicken,166.35,0,2025-11-17
4855,20,3,Roasted Chicken,168.59,0,2025-12-01
4856,20,3,Half Chicken,158.55,1,2025-12-15
4857,20,3,Roasted Chicken,159.9,0,2025-12-29
4858,20,2,Kabab Platter,133.02,0,2024-01-29
4859,20,2,Kabab Platter,134.15,0,2024-02-12
4860,20,2,Grilled Kabab,135.75,0,2024-02-26
4861,20,2,Grilled Kabab,121.23,1,2024-03-11
4862,20,2,Kabab Platter,119.06,0,2024-04-08
4863,20,2,Kabab Platter,120.62,0,2024-04-22
4864,20,2,Halal Kabab,122.21,0,2024-05-06
4865,20,2,Grilled Kabab,123.89,0,2024-05-20
4866,20,2,Grilled Kabab,117.69,1,2024-07-15
4867,20,2,Halal Kabab,119.23,0,2024-07-29
4868,20,2,Kabab Platter,120.17,0,2024-08-12
4869,20,2,Halal Kabab,121.35,0,2024-08-26
4870,20,2,Kabab Platter,109.85,1,2024-09-09
4871,20,2,Halal Kabab,106.02,1,2024-09-23
4872,20,2,Halal Kabab,95.86,1,2024-10-07
4873,20,2,Halal Kabab,96.41,0,2024-11-04
4874,20,2,Kabab Platter,97.1,0,2024-11-18
4875,20,2,Halal Kabab,98.53,0,2024-12-02
4876,20,2,Kabab Platter,96.56,0,2024-12-16
4877,20,2,Halal Kabab,95.63,0,2024-12-30
4878,20,2,Kabab Platter,94.42,0,2025-01-13
4879,20,2,Halal Kabab,92.12,0,2025-01-27
4880,20,2,Grilled Kabab,83.61,1,2025-02-10
4881,20,2,Halal Kabab,84.79,0,2025-02-24
4882,20,2,Grilled Kabab,78.53,1,2025-03-24
4883,20,2,Grilled Kabab,72.76,1,2025-04-07
4884,20,2,Halal Kabab,73.79,0,2025-04-21
4885,20,2,Halal Kabab,74.36,0,2025-05-19
4886,20,2,Kabab Platter,75.13,0,2025-06-02
4887,20,2,Halal Kabab,75.78,0,2025-07-28
4888,20,2,Grilled Kabab,76.9,0,2025-08-25
4889,20,2,Grilled Kabab,77.95,0,2025-09-08
4890,20,2,Grilled Kabab,78.85,0,2025-09-22
4891,20,2,Grilled Kabab,77.49,0,2025-10-20
4892,20,2,Kabab Platter,69.85,1,2025-11-03
4893,20,2,Halal Kabab,70.7,0,2025-12-01
4894,20,53,Falafel Sub,29.1,0,2024-01-01
4895,20,53,Taameya Sandwich,29.41,0,2024-01-15
4896,20,53,Taameya Sandwich,29.71,0,2024-01-29
4897,20,53,Falafel Sub,30.14,0,2024-02-26
4898,20,53,Falafel Sub,26.61,1,2024-03-11
4899,20,53,Falafel Sandwich,25.44,1,2024-04-08
4900,20,53,Taameya Sandwich,25.66,0,2024-04-22
4901,20,53,Falafel Sandwich,25.93,0,2024-05-06
4902,20,53,Falafel Sub,26.25,0,2024-07-01
4903,20,53,Falafel Sandwich,26.53,0,2024-07-15
4904,20,53,Taameya Sandwich,26.72,0,2024-07-29
4905,20,53,Taameya Sandwich,27.04,0,2024-08-12
4906,20,53,Falafel Sub,27.43,0,2024-08-26
4907,20,53,Falafel Sandwich,27.79,0,2024-09-09
4908,20,53,Falafel Sub,27.97,0,2024-11-04
4909,20,53,Falafel Sub,28.2,0,2024-12-16
4910,20,53,Falafel Sandwich,28.6,0,2024-12-30
4911,20,53,Falafel Sub,29.02,0,2025-02-24
4912,20,53,Taameya Sandwich,25.85,1,2025-03-24
4913,20,53,Taameya Sandwich,24.38,1,2025-04-07
4914,20,53,Falafel Sandwich,24.55,0,2025-04-21
4915,20,53,Falafel Sub,24.74,0,2025-05-05
4916,20,53,Falafel Sub,24.09,0,2025-06-02
4917,20,53,Taameya Sandwich,22.29,1,2025-06-30
4918,20,53,Falafel Sub,22.45,0,2025-07-28
4919,20,53,Taameya Sandwich,22.61,0,2025-09-08
4920,20,53,Falafel Sub,22.01,0,2025-09-22
4921,20,53,Taameya Sandwich,22.29,0,2025-10-06
4922,20,53,Falafel Sub,21.44,1,2025-10-20
4923,20,53,Falafel Sub,21.75,0,2025-11-17
4924,20,53,Taameya Sandwich,21.91,0,2025-12-01
4925,20,53,Falafel Sub,22.14,0,2025-12-15
4926,20,36,Smash Burger,119.89,0,2024-01-01
4927,20,36,Beef Burger,116.79,0,2024-01-15
4928,20,36,Beef Burger,118.08,0,2024-02-12
4929,20,36,Beef Burger,119.33,0,2024-02-26
4930,20,36,Classic Burger,121.04,0,2024-03-11
4931,20,36,Classic Burger,111.08,1,2024-03-25
4932,20,36,Classic Burger,101.79,1,2024-04-08
4933,20,36,Beef Burger,102.51,0,2024-04-22
4934,20,36,Classic Burger,95.68,1,2024-05-06
4935,20,36,Beef Burger,87.49,1,2024-06-03
4936,20,36,Classic Burger,86.33,0,2024-07-01
4937,20,36,Smash Burger,87.18,0,2024-07-29
4938,20,36,Beef Burger,85.79,0,2024-08-12
4939,20,36,Smash Burger,86.68,0,2024-09-09
4940,20,36,Beef Burger,87.62,0,2024-09-23
4941,20,36,Classic Burger,88.37,0,2024-11-18
4942,20,36,Smash Burger,89.66,0,2024-12-16
4943,20,36,Beef Burger,90.75,0,2025-01-13
4944,20,36,Classic Burger,91.68,0,2025-01-27
4945,20,36,Smash Burger,92.67,0,2025-02-10
4946,20,36,Classic Burger,90.86,0,2025-02-24
4947,20,36,Classic Burger,91.99,0,2025-04-07
4948,20,36,Classic Burger,93.18,0,2025-06-02
4949,20,36,Classic Burger,93.83,0,2025-06-16
4950,20,36,Smash Burger,94.72,0,2025-06-30
4951,20,36,Smash Burger,86.48,1,2025-07-14
4952,20,36,Smash Burger,87.07,0,2025-07-28
4953,20,36,Classic Burger,83.2,1,2025-08-11
4954,20,36,Smash Burger,83.62,0,2025-09-22
4955,20,36,Beef Burger,84.62,0,2025-10-06
4956,20,36,Beef Burger,85.65,0,2025-11-03
4957,20,36,Smash Burger,81.74,1,2025-11-17
4958,20,36,Classic Burger,75.55,1,2025-12-01
4959,20,36,Smash Burger,76.39,0,2025-12-29
4960,20,30,Ramadan Pancake,58.2,0,2024-02-26
4961,20,30,Ramadan Pancake,58.58,0,2024-05-20
4962,20,30,Sweet Qatayef,53.81,1,2024-06-17
4963,20,30,Qatayef,48.96,1,2024-07-01
4964,20,30,Qatayef,49.49,0,2024-07-29
4965,20,30,Sweet Qatayef,50.02,0,2024-08-26
4966,20,30,Sweet Qatayef,50.59,0,2024-09-09
4967,20,30,Ramadan Pancake,46.11,1,2024-09-23
4968,20,30,Qatayef,42.15,1,2024-10-07
4969,20,30,Qatayef,42.39,0,2024-10-21
4970,20,30,Qatayef,38.59,1,2024-11-18
4971,20,30,Qatayef,39.01,0,2024-12-02
4972,20,30,Sweet Qatayef,38.14,0,2024-12-16
4973,20,30,Sweet Qatayef,34.81,1,2024-12-30
4974,20,30,Sweet Qatayef,35.2,0,2025-01-13
4975,20,30,Qatayef,35.52,0,2025-01-27
4976,20,30,Sweet Qatayef,35.93,0,2025-02-10
4977,20,30,Ramadan Pancake,32.04,1,2025-03-10
4978,20,30,Sweet Qatayef,32.22,0,2025-03-24
4979,20,30,Sweet Qatayef,32.59,0,2025-04-07
4980,20,30,Ramadan Pancake,32.96,0,2025-05-05
4981,20,30,Ramadan Pancake,33.32,0,2025-06-02
4982,20,30,Qatayef,33.62,0,2025-06-30
4983,20,30,Qatayef,33.92,0,2025-07-14
4984,20,30,Sweet Qatayef,34.22,0,2025-07-28
4985,20,30,Qatayef,34.61,0,2025-09-08
4986,20,30,Ramadan Pancake,35.0,0,2025-09-22
4987,20,30,Ramadan Pancake,35.25,0,2025-10-06
4988,20,30,Ramadan Pancake,35.77,0,2025-10-20
4989,20,30,Qatayef,36.08,0,2025-11-03
4990,20,30,Qatayef,36.31,0,2025-11-17
4991,20,30,Ramadan Pancake,33.93,1,2025-12-29
4992,20,52,Grilled Kofta Sub,66.86,0,2024-01-01
4993,20,52,Kofta Roll,67.6,0,2024-01-15
4994,20,52,Kofta Sandwich,68.3,0,2024-01-29
4995,20,52,Kofta Sandwich,69.13,0,2024-02-12
4996,20,52,Kofta Sandwich,69.85,0,2024-02-26
4997,20,52,Grilled Kofta Sub,70.81,0,2024-04-08
4998,20,52,Kofta Sandwich,71.76,0,2024-04-22
4999,20,52,Kofta Roll,67.14,1,2024-05-06
5000,20,52,Grilled Kofta Sub,67.8,0,2024-05-20
5001,20,52,Kofta Sandwich,66.28,0,2024-06-03
5002,20,52,Kofta Roll,61.4,1,2024-06-17
5003,20,52,Kofta Roll,61.72,0,2024-07-01
5004,20,52,Grilled Kofta Sub,62.55,0,2024-07-15
5005,20,52,Grilled Kofta Sub,63.23,0,2024-07-29
5006,20,52,Kofta Sandwich,63.93,0,2024-08-26
5007,20,52,Kofta Sandwich,64.86,0,2024-09-09
5008,20,52,Kofta Sandwich,65.4,0,2024-09-23
5009,20,52,Kofta Roll,65.91,0,2024-10-07
5010,20,52,Kofta Roll,66.34,0,2024-11-04
5011,20,52,Kofta Sandwich,66.79,0,2024-11-18
5012,20,52,Kofta Roll,64.07,1,2024-12-02
5013,20,52,Grilled Kofta Sub,64.45,0,2024-12-16
5014,20,52,Grilled Kofta Sub,60.47,1,2025-01-13
5015,20,52,Kofta Sandwich,60.15,0,2025-02-10
5016,20,52,Grilled Kofta Sub,60.9,0,2025-02-24
5017,20,52,Kofta Sandwich,61.72,0,2025-03-10
5018,20,52,Grilled Kofta Sub,62.56,0,2025-03-24
5019,20,52,Kofta Roll,63.23,0,2025-04-07
5020,20,52,Kofta Sandwich,63.67,0,2025-05-05
5021,20,52,Kofta Sandwich,64.1,0,2025-06-02
5022,20,52,Grilled Kofta Sub,65.01,0,2025-06-16
5023,20,52,Kofta Sandwich,63.73,0,2025-06-30
5024,20,52,Kofta Roll,64.67,0,2025-07-14
5025,20,52,Grilled Kofta Sub,63.08,0,2025-07-28
5026,20,52,Kofta Roll,63.87,0,2025-08-11
5027,20,52,Kofta Roll,64.55,0,2025-09-22
5028,20,52,Kofta Sandwich,65.07,0,2025-10-06
5029,20,52,Kofta Sandwich,65.83,0,2025-10-20
5030,20,52,Kofta Sandwich,66.29,0,2025-11-03
5031,20,52,Grilled Kofta Sub,67.18,0,2025-11-17
5032,20,52,Kofta Sandwich,68.09,0,2025-12-01
5033,20,52,Kofta Sandwich,63.31,1,2025-12-29
5034,20,8,Molokhia & Rice,105.36,0,2024-01-01
5035,20,8,Molokhia Dish,106.61,0,2024-02-12
5036,20,8,Molokhia & Rice,108.08,0,2024-03-11
5037,20,8,Molokhia Dish,109.56,0,2024-04-08
5038,20,8,Green Soup,110.65,0,2024-04-22
5039,20,8,Molokhia Dish,111.93,0,2024-05-20
5040,20,8,Molokhia & Rice,113.42,0,2024-06-17
5041,20,8,Green Soup,111.02,0,2024-07-01
5042,20,8,Green Soup,112.46,0,2024-07-15
5043,20,8,Molokhia & Rice,113.67,0,2024-07-29
5044,20,8,Molokhia & Rice,115.19,0,2024-08-12
5045,20,8,Molokhia Dish,116.57,0,2024-09-09
5046,20,8,Molokhia Dish,117.68,0,2024-10-07
5047,20,8,Molokhia & Rice,119.04,0,2024-11-18
5048,20,8,Molokhia & Rice,117.89,0,2024-12-02
5049,20,8,Green Soup,119.46,0,2024-12-16
5050,20,8,Molokhia & Rice,121.21,0,2024-12-30
5051,20,8,Molokhia Dish,122.0,0,2025-01-27
5052,20,8,Molokhia Dish,120.08,0,2025-02-10
5053,20,8,Green Soup,121.48,0,2025-02-24
5054,20,8,Green Soup,123.3,0,2025-03-24
5055,20,8,Molokhia & Rice,125.05,0,2025-04-21
5056,20,8,Molokhia & Rice,125.99,0,2025-05-19
5057,20,8,Molokhia Dish,127.41,0,2025-06-16
5058,20,8,Green Soup,128.85,0,2025-06-30
5059,20,8,Molokhia Dish,123.46,1,2025-07-14
5060,20,8,Molokhia & Rice,124.4,0,2025-07-28
5061,20,8,Molokhia & Rice,125.79,0,2025-08-11
5062,20,8,Molokhia & Rice,123.26,0,2025-08-25
5063,20,8,Green Soup,111.13,1,2025-09-08
5064,20,8,Green Soup,102.95,1,2025-09-22
5065,20,8,Molokhia Dish,93.08,1,2025-10-06
5066,20,8,Molokhia & Rice,93.74,0,2025-10-20
5067,20,8,Green Soup,94.38,0,2025-11-03
5068,20,8,Molokhia & Rice,88.12,1,2025-11-17
5069,20,8,Molokhia & Rice,79.39,1,2025-12-01
5070,20,8,Green Soup,80.38,0,2025-12-29
5071,21,1,Mixed Kofta,153.09,0,2024-01-01
5072,21,1,Grilled Kofta Plate,154.05,0,2024-01-29
5073,21,1,Mixed Kofta,155.55,0,2024-02-26
5074,21,1,Grilled Kofta Plate,157.29,0,2024-03-11
5075,21,1,Classic Kofta,158.79,0,2024-03-25
5076,21,1,Mixed Kofta,159.93,0,2024-04-08
5077,21,1,Mixed Kofta,162.18,0,2024-04-22
5078,21,1,Classic Kofta,163.46,0,2024-05-06
5079,21,1,Grilled Kofta Plate,153.95,1,2024-05-20
5080,21,1,Classic Kofta,155.81,0,2024-06-03
5081,21,1,Mixed Kofta,157.6,0,2024-07-15
5082,21,1,Grilled Kofta Plate,159.75,0,2024-08-12
5083,21,1,Mixed Kofta,162.03,0,2024-09-09
5084,21,1,Grilled Kofta Plate,164.1,0,2024-10-07
5085,21,1,Grilled Kofta Plate,165.89,0,2024-11-04
5086,21,1,Mixed Kofta,167.7,0,2024-11-18
5087,21,1,Classic Kofta,168.78,0,2024-12-02
5088,21,1,Grilled Kofta Plate,169.85,0,2024-12-16
5089,21,1,Classic Kofta,171.58,0,2024-12-30
5090,21,1,Grilled Kofta Plate,172.61,0,2025-01-13
5091,21,1,Grilled Kofta Plate,174.63,0,2025-01-27
5092,21,1,Classic Kofta,176.34,0,2025-02-10
5093,21,1,Grilled Kofta Plate,177.61,0,2025-02-24
5094,21,1,Mixed Kofta,167.71,1,2025-03-10
5095,21,1,Classic Kofta,169.74,0,2025-04-07
5096,21,1,Grilled Kofta Plate,171.37,0,2025-05-19
5097,21,1,Classic Kofta,154.77,1,2025-06-02
5098,21,1,Mixed Kofta,156.06,0,2025-06-16
5099,21,1,Grilled Kofta Plate,157.43,0,2025-06-30
5100,21,1,Classic Kofta,158.93,0,2025-07-14
5101,21,1,Grilled Kofta Plate,160.3,0,2025-07-28
5102,21,1,Mixed Kofta,161.42,0,2025-08-25
5103,21,1,Classic Kofta,163.69,0,2025-09-08
5104,21,1,Grilled Kofta Plate,161.8,0,2025-09-22
5105,21,1,Grilled Kofta Plate,163.66,0,2025-10-06
5106,21,1,Mixed Kofta,164.98,0,2025-10-20
5107,21,1,Grilled Kofta Plate,166.87,0,2025-11-03
5108,21,1,Grilled Kofta Plate,150.39,1,2025-11-17
5109,21,1,Mixed Kofta,151.73,0,2025-12-01
5110,21,1,Grilled Kofta Plate,149.49,0,2025-12-15
5111,21,1,Classic Kofta,138.86,1,2025-12-29
5112,21,36,Classic Burger,140.61,0,2024-01-01
5113,21,36,Smash Burger,142.29,0,2024-01-15
5114,21,36,Beef Burger,143.75,0,2024-02-26
5115,21,36,Classic Burger,145.57,0,2024-03-11
5116,21,36,Classic Burger,146.34,0,2024-03-25
5117,21,36,Classic Burger,147.63,0,2024-05-06
5118,21,36,Classic Burger,149.7,0,2024-06-03
5119,21,36,Beef Burger,151.65,0,2024-06-17
5120,21,36,Smash Burger,152.69,0,2024-07-01
5121,21,36,Beef Burger,149.77,0,2024-07-29
5122,21,36,Classic Burger,151.46,0,2024-08-12
5123,21,36,Classic Burger,153.54,0,2024-08-26
5124,21,36,Beef Burger,154.86,0,2024-09-09
5125,21,36,Smash Burger,156.8,0,2024-10-21
5126,21,36,Beef Burger,149.24,1,2024-11-18
5127,21,36,Smash Burger,144.47,1,2024-12-16
5128,21,36,Classic Burger,145.73,0,2024-12-30
5129,21,36,Beef Burger,133.46,1,2025-01-13
5130,21,36,Beef Burger,134.77,0,2025-02-24
5131,21,36,Classic Burger,132.97,0,2025-03-10
5132,21,36,Beef Burger,134.57,0,2025-03-24
5133,21,36,Beef Burger,135.25,0,2025-04-07
5134,21,36,Beef Burger,136.58,0,2025-05-05
5135,21,36,Beef Burger,126.37,1,2025-05-19
5136,21,36,Beef Burger,119.61,1,2025-06-02
5137,21,36,Beef Burger,120.94,0,2025-06-30
5138,21,36,Beef Burger,121.86,0,2025-07-14
5139,21,36,Smash Burger,118.57,0,2025-07-28
5140,21,36,Smash Burger,119.63,0,2025-08-25
5141,21,36,Beef Burger,108.0,1,2025-09-22
5142,21,36,Classic Burger,109.1,0,2025-10-06
5143,21,36,Beef Burger,109.66,0,2025-10-20
5144,21,36,Beef Burger,110.77,0,2025-11-03
5145,21,36,Smash Burger,112.01,0,2025-11-17
5146,21,36,Smash Burger,112.92,0,2025-12-29
5147,21,33,Family Grill Box,591.19,0,2024-01-01
5148,21,33,BBQ Family Pack,597.8,0,2024-01-15
5149,21,33,Mixed Grill Family,542.57,1,2024-01-29
5150,21,33,Family Grill Box,547.12,0,2024-02-12
5151,21,33,Family Grill Box,542.22,0,2024-02-26
5152,21,33,Mixed Grill Family,501.14,1,2024-04-08
5153,21,33,Mixed Grill Family,506.48,0,2024-05-20
5154,21,33,Mixed Grill Family,511.7,0,2024-06-03
5155,21,33,Mixed Grill Family,518.81,0,2024-06-17
5156,21,33,Family Grill Box,524.81,0,2024-07-29
5157,21,33,BBQ Family Pack,514.4,0,2024-08-12
5158,21,33,Mixed Grill Family,517.88,0,2024-09-09
5159,21,33,Mixed Grill Family,525.61,0,2024-09-23
5160,21,33,BBQ Family Pack,484.98,1,2024-10-21
5161,21,33,Family Grill Box,491.89,0,2024-12-02
5162,21,33,BBQ Family Pack,445.94,1,2024-12-16
5163,21,33,Mixed Grill Family,451.23,0,2024-12-30
5164,21,33,Family Grill Box,456.37,0,2025-01-13
5165,21,33,Family Grill Box,459.51,0,2025-02-10
5166,21,33,BBQ Family Pack,464.26,0,2025-03-10
5167,21,33,BBQ Family Pack,467.72,0,2025-03-24
5168,21,33,BBQ Family Pack,474.65,0,2025-04-07
5169,21,33,BBQ Family Pack,480.24,0,2025-04-21
5170,21,33,Mixed Grill Family,486.89,0,2025-06-02
5171,21,33,BBQ Family Pack,490.51,0,2025-06-16
5172,21,33,BBQ Family Pack,497.69,0,2025-06-30
5173,21,33,Mixed Grill Family,502.22,0,2025-07-14
5174,21,33,Mixed Grill Family,508.4,0,2025-07-28
5175,21,33,BBQ Family Pack,515.32,0,2025-09-08
5176,21,33,Mixed Grill Family,522.34,0,2025-10-06
5177,21,33,BBQ Family Pack,494.93,1,2025-11-03
5178,21,33,BBQ Family Pack,499.88,0,2025-11-17
5179,21,33,Mixed Grill Family,504.09,0,2025-12-01
5180,21,4,Grilled Liver,129.13,0,2024-01-01
5181,21,4,Grilled Liver,131.05,0,2024-01-15
5182,21,4,Liver Sandwich Platter,132.92,0,2024-01-29
5183,21,4,Grilled Liver,119.78,1,2024-03-25
5184,21,4,Liver Sandwich Platter,121.39,0,2024-04-22
5185,21,4,Liver Sandwich Platter,111.14,1,2024-05-06
5186,21,4,Liver Sandwich Platter,112.12,0,2024-06-03
5187,21,4,Spicy Liver,105.78,1,2024-06-17
5188,21,4,Grilled Liver,107.29,0,2024-07-01
5189,21,4,Spicy Liver,108.68,0,2024-07-15
5190,21,4,Spicy Liver,109.39,0,2024-07-29
5191,21,4,Grilled Liver,110.34,0,2024-08-12
5192,21,4,Grilled Liver,111.79,0,2024-08-26
5193,21,4,Grilled Liver,113.43,0,2024-09-23
5194,21,4,Grilled Liver,114.51,0,2024-10-21
5195,21,4,Spicy Liver,116.05,0,2024-11-04
5196,21,4,Spicy Liver,117.62,0,2024-12-02
5197,21,4,Liver Sandwich Platter,118.8,0,2024-12-16
5198,21,4,Grilled Liver,113.71,1,2024-12-30
5199,21,4,Grilled Liver,106.99,1,2025-01-13
5200,21,4,Grilled Liver,108.03,0,2025-01-27
5201,21,4,Spicy Liver,106.56,0,2025-02-24
5202,21,4,Spicy Liver,107.15,0,2025-03-10
5203,21,4,Grilled Liver,108.2,0,2025-03-24
5204,21,4,Spicy Liver,107.27,0,2025-04-07
5205,21,4,Liver Sandwich Platter,104.53,0,2025-04-21
5206,21,4,Spicy Liver,105.31,0,2025-05-05
5207,21,4,Liver Sandwich Platter,106.18,0,2025-06-02
5208,21,4,Spicy Liver,101.52,1,2025-06-16
5209,21,4,Spicy Liver,102.22,0,2025-06-30
5210,21,4,Liver Sandwich Platter,92.25,1,2025-07-28
5211,21,4,Grilled Liver,93.55,0,2025-08-11
5212,21,4,Spicy Liver,86.17,1,2025-08-25
5213,21,4,Spicy Liver,87.24,0,2025-09-08
5214,21,4,Liver Sandwich Platter,88.22,0,2025-10-06
5215,21,4,Liver Sandwich Platter,88.83,0,2025-10-20
5216,21,4,Grilled Liver,89.41,0,2025-11-17
5217,21,4,Grilled Liver,90.55,0,2025-12-01
5218,21,4,Grilled Liver,85.66,1,2025-12-15
5219,21,51,Spicy Liver Sub,71.94,0,2024-01-01
5220,21,51,Spicy Liver Sub,66.05,1,2024-01-15
5221,21,51,Liver Sandwich,67.01,0,2024-01-29
5222,21,51,Liver Sandwich,67.83,0,2024-02-12
5223,21,51,Liver Sandwich,68.21,0,2024-02-26
5224,21,51,Liver Sandwich,68.89,0,2024-03-25
5225,21,51,Spicy Liver Sub,60.66,1,2024-04-08
5226,21,51,Spicy Liver Sub,59.64,0,2024-04-22
5227,21,51,Giblets Sandwich,60.13,0,2024-05-06
5228,21,51,Spicy Liver Sub,60.77,0,2024-05-20
5229,21,51,Spicy Liver Sub,61.3,0,2024-06-03
5230,21,51,Giblets Sandwich,61.71,0,2024-07-01
5231,21,51,Liver Sandwich,62.19,0,2024-07-15
5232,21,51,Liver Sandwich,62.93,0,2024-07-29
5233,21,51,Liver Sandwich,63.6,0,2024-08-12
5234,21,51,Liver Sandwich,60.51,1,2024-08-26
5235,21,51,Spicy Liver Sub,60.86,0,2024-09-09
5236,21,51,Spicy Liver Sub,61.47,0,2024-10-07
5237,21,51,Giblets Sandwich,62.18,0,2024-11-04
5238,21,51,Giblets Sandwich,62.87,0,2024-12-16
5239,21,51,Liver Sandwich,63.67,0,2024-12-30
5240,21,51,Giblets Sandwich,59.36,1,2025-02-10
5241,21,51,Liver Sandwich,54.15,1,2025-03-10
5242,21,51,Spicy Liver Sub,48.78,1,2025-03-24
5243,21,51,Liver Sandwich,49.43,0,2025-04-07
5244,21,51,Spicy Liver Sub,50.02,0,2025-05-19
5245,21,51,Giblets Sandwich,50.67,0,2025-06-02
5246,21,51,Liver Sandwich,46.36,1,2025-06-16
5247,21,51,Giblets Sandwich,46.77,0,2025-06-30
5248,21,51,Giblets Sandwich,46.38,0,2025-08-11
5249,21,51,Giblets Sandwich,43.97,1,2025-08-25
5250,21,51,Liver Sandwich,44.58,0,2025-09-08
5251,21,51,Spicy Liver Sub,44.81,0,2025-09-22
5252,21,51,Liver Sandwich,42.59,1,2025-10-06
5253,21,51,Giblets Sandwich,43.2,0,2025-11-03
5254,21,51,Giblets Sandwich,42.77,0,2025-12-15
5255,21,51,Spicy Liver Sub,43.37,0,2025-12-29
5256,21,52,Kofta Sandwich,73.45,1,2024-01-01
5257,21,52,Grilled Kofta Sub,71.69,0,2024-01-15
5258,21,52,Kofta Roll,72.59,0,2024-01-29
5259,21,52,Kofta Sandwich,73.2,0,2024-05-06
5260,21,52,Grilled Kofta Sub,73.65,0,2024-05-20
5261,21,52,Kofta Roll,70.18,1,2024-06-03
5262,21,52,Grilled Kofta Sub,70.83,0,2024-06-17
5263,21,52,Grilled Kofta Sub,68.2,1,2024-07-01
5264,21,52,Kofta Roll,68.78,0,2024-07-15
5265,21,52,Kofta Sandwich,67.93,0,2024-08-12
5266,21,52,Kofta Roll,68.92,0,2024-08-26
5267,21,52,Grilled Kofta Sub,69.31,0,2024-09-09
5268,21,52,Kofta Roll,65.79,1,2024-09-23
5269,21,52,Grilled Kofta Sub,66.27,0,2024-10-21
5270,21,52,Kofta Roll,66.64,0,2024-11-04
5271,21,52,Kofta Sandwich,67.33,0,2024-11-18
5272,21,52,Grilled Kofta Sub,68.18,0,2024-12-02
5273,21,52,Kofta Roll,68.56,0,2024-12-16
5274,21,52,Grilled Kofta Sub,69.12,0,2024-12-30
5275,21,52,Kofta Sandwich,70.12,0,2025-01-13
5276,21,52,Kofta Roll,70.62,0,2025-02-10
5277,21,52,Kofta Sandwich,63.02,1,2025-03-10
5278,21,52,Kofta Sandwich,55.57,1,2025-03-24
5279,21,52,Grilled Kofta Sub,56.26,0,2025-04-07
5280,21,52,Grilled Kofta Sub,56.61,0,2025-04-21
5281,21,52,Grilled Kofta Sub,56.9,0,2025-05-05
5282,21,52,Kofta Sandwich,57.47,0,2025-05-19
5283,21,52,Kofta Sandwich,55.03,1,2025-06-02
5284,21,52,Kofta Roll,55.72,0,2025-06-16
5285,21,52,Grilled Kofta Sub,56.18,0,2025-06-30
5286,21,52,Kofta Roll,56.81,0,2025-07-28
5287,21,52,Kofta Roll,57.44,0,2025-08-11
5288,21,52,Kofta Roll,54.31,1,2025-08-25
5289,21,52,Kofta Sandwich,53.98,0,2025-09-08
5290,21,52,Kofta Roll,54.46,0,2025-09-22
5291,21,52,Kofta Roll,55.2,0,2025-10-06
5292,21,52,Grilled Kofta Sub,56.01,0,2025-10-20
5293,21,52,Kofta Sandwich,56.71,0,2025-11-17
5294,21,52,Kofta Roll,57.02,0,2025-12-29
5295,21,60,Family Lamb Platter,859.18,0,2024-01-01
5296,21,60,Lamb Family Meal,868.55,0,2024-01-15
5297,21,60,Lamb Feast,805.15,1,2024-02-12
5298,21,60,Lamb Family Meal,814.98,0,2024-02-26
5299,21,60,Lamb Feast,784.67,1,2024-03-11
5300,21,60,Family Lamb Platter,754.62,1,2024-04-08
5301,21,60,Lamb Family Meal,764.53,0,2024-05-20
5302,21,60,Family Lamb Platter,770.99,0,2024-06-03
5303,21,60,Lamb Family Meal,774.87,0,2024-07-01
5304,21,60,Lamb Feast,758.13,0,2024-07-15
5305,21,60,Lamb Family Meal,767.8,0,2024-07-29
5306,21,60,Family Lamb Platter,725.41,1,2024-08-12
5307,21,60,Lamb Family Meal,670.8,1,2024-08-26
5308,21,60,Family Lamb Platter,676.96,0,2024-09-09
5309,21,60,Lamb Family Meal,682.11,0,2024-10-07
5310,21,60,Lamb Family Meal,688.54,0,2024-11-04
5311,21,60,Lamb Family Meal,694.52,0,2024-11-18
5312,21,60,Family Lamb Platter,702.78,0,2024-12-16
5313,21,60,Family Lamb Platter,693.98,0,2024-12-30
5314,21,60,Lamb Feast,698.84,0,2025-01-13
5315,21,60,Family Lamb Platter,706.09,0,2025-01-27
5316,21,60,Family Lamb Platter,709.74,0,2025-02-10
5317,21,60,Family Lamb Platter,718.77,0,2025-03-10
5318,21,60,Lamb Feast,684.74,1,2025-03-24
5319,21,60,Lamb Family Meal,692.64,0,2025-04-21
5320,21,60,Family Lamb Platter,698.75,0,2025-05-05
5321,21,60,Lamb Family Meal,691.09,0,2025-05-19
5322,21,60,Lamb Feast,696.49,0,2025-06-02
5323,21,60,Family Lamb Platter,700.97,0,2025-06-16
5324,21,60,Family Lamb Platter,705.19,0,2025-06-30
5325,21,60,Family Lamb Platter,712.31,0,2025-07-14
5326,21,60,Lamb Feast,720.91,0,2025-07-28
5327,21,60,Family Lamb Platter,730.45,0,2025-08-11
5328,21,60,Lamb Feast,736.58,0,2025-08-25
5329,21,60,Lamb Feast,716.65,0,2025-09-08
5330,21,60,Lamb Family Meal,724.33,0,2025-09-22
5331,21,60,Lamb Family Meal,704.27,0,2025-12-01
5332,21,60,Lamb Feast,708.98,0,2025-12-29
5333,21,39,Crunchy Chicken,113.62,0,2024-01-01
5334,21,39,Crispy Chicken,105.1,1,2024-01-15
5335,21,39,Fried Chicken,105.71,0,2024-02-12
5336,21,39,Crispy Chicken,106.78,0,2024-02-26
5337,21,39,Fried Chicken,107.78,0,2024-03-11
5338,21,39,Crunchy Chicken,99.48,1,2024-03-25
5339,21,39,Crunchy Chicken,100.6,0,2024-04-08
5340,21,39,Crunchy Chicken,101.22,0,2024-04-22
5341,21,39,Crispy Chicken,102.6,0,2024-05-06
5342,21,39,Crispy Chicken,103.56,0,2024-06-03
5343,21,39,Fried Chicken,104.4,0,2024-06-17
5344,21,39,Crispy Chicken,105.21,0,2024-07-15
5345,21,39,Fried Chicken,106.51,0,2024-07-29
5346,21,39,Crispy Chicken,108.1,0,2024-08-12
5347,21,39,Crispy Chicken,108.94,0,2024-08-26
5348,21,39,Crunchy Chicken,110.26,0,2024-09-23
5349,21,39,Crunchy Chicken,111.07,0,2024-10-07
5350,21,39,Crispy Chicken,112.48,0,2024-10-21
5351,21,39,Crispy Chicken,113.85,0,2024-11-04
5352,21,39,Crispy Chicken,115.35,0,2024-11-18
5353,21,39,Crispy Chicken,104.59,1,2024-12-02
5354,21,39,Crispy Chicken,105.29,0,2024-12-30
5355,21,39,Crunchy Chicken,106.03,0,2025-01-27
5356,21,39,Fried Chicken,107.04,0,2025-02-10
5357,21,39,Crispy Chicken,99.76,1,2025-02-24
5358,21,39,Crispy Chicken,101.04,0,2025-03-10
5359,21,39,Fried Chicken,90.09,1,2025-03-24
5360,21,39,Crunchy Chicken,91.36,0,2025-06-02
5361,21,39,Fried Chicken,82.82,1,2025-06-16
5362,21,39,Crunchy Chicken,84.0,0,2025-06-30
5363,21,39,Crispy Chicken,84.43,0,2025-07-14
5364,21,39,Crunchy Chicken,85.58,0,2025-08-25
5365,21,39,Crunchy Chicken,86.77,0,2025-09-08
5366,21,39,Fried Chicken,87.89,0,2025-11-17
5367,21,39,Crunchy Chicken,88.97,0,2025-12-01
5368,21,39,Crispy Chicken,89.57,0,2025-12-15
5369,21,39,Crunchy Chicken,85.37,1,2025-12-29
5370,21,5,Grill Combo,222.73,1,2024-01-01
5371,21,5,BBQ Mix,225.86,0,2024-01-29
5372,21,5,BBQ Mix,206.43,1,2024-04-08
5373,21,5,Grill Combo,208.72,0,2024-04-22
5374,21,5,Grill Combo,210.9,0,2024-05-06
5375,21,5,BBQ Mix,201.36,1,2024-05-20
5376,21,5,BBQ Mix,192.19,1,2024-06-03
5377,21,5,BBQ Mix,193.81,0,2024-06-17
5378,21,5,Grill Combo,195.04,0,2024-07-01
5379,21,5,BBQ Mix,184.67,1,2024-07-15
5380,21,5,Mixed Grill Platter,185.94,0,2024-07-29
5381,21,5,BBQ Mix,188.11,0,2024-08-12
5382,21,5,BBQ Mix,189.53,0,2024-09-09
5383,21,5,Mixed Grill Platter,192.1,0,2024-10-07
5384,21,5,Mixed Grill Platter,185.29,1,2024-10-21
5385,21,5,Grill Combo,187.66,0,2024-11-04
5386,21,5,Grill Combo,190.37,0,2024-11-18
5387,21,5,BBQ Mix,192.41,0,2024-12-16
5388,21,5,Grill Combo,194.92,0,2024-12-30
5389,21,5,Grill Combo,189.62,0,2025-01-13
5390,21,5,Mixed Grill Platter,182.61,1,2025-01-27
5391,21,5,BBQ Mix,185.17,0,2025-02-10
5392,21,5,Mixed Grill Platter,169.06,1,2025-03-10
5393,21,5,Mixed Grill Platter,170.99,0,2025-03-24
5394,21,5,BBQ Mix,169.25,0,2025-04-07
5395,21,5,Grill Combo,171.25,0,2025-06-02
5396,21,5,BBQ Mix,172.73,0,2025-06-16
5397,21,5,Mixed Grill Platter,175.21,0,2025-08-11
5398,21,5,Grill Combo,177.39,0,2025-08-25
5399,21,5,Grill Combo,179.7,0,2025-09-08
5400,21,5,BBQ Mix,180.66,0,2025-09-22
5401,21,5,Grill Combo,181.87,0,2025-10-06
5402,21,5,Grill Combo,183.6,0,2025-11-17
5403,21,5,Mixed Grill Platter,185.68,0,2025-12-01
5404,21,5,BBQ Mix,171.28,1,2025-12-15
5405,21,34,Family Chicken,625.06,0,2024-01-01
5406,21,34,Family Chicken,630.34,0,2024-01-15
5407,21,34,Family Chicken,637.35,0,2024-01-29
5408,21,34,Chicken Family Meal,591.8,1,2024-02-26
5409,21,34,Chicken Family Meal,598.25,0,2024-03-25
5410,21,34,Chicken Family Meal,585.1,0,2024-04-08
5411,21,34,Family Chicken,591.02,0,2024-04-22
5412,21,34,Family Chicken,596.9,0,2024-05-06
5413,21,34,Roasted Family Pack,604.47,0,2024-05-20
5414,21,34,Chicken Family Meal,612.72,0,2024-06-03
5415,21,34,Roasted Family Pack,617.46,0,2024-06-17
5416,21,34,Roasted Family Pack,621.83,0,2024-07-01
5417,21,34,Chicken Family Meal,627.92,0,2024-07-15
5418,21,34,Chicken Family Meal,636.34,0,2024-08-12
5419,21,34,Family Chicken,644.74,0,2024-08-26
5420,21,34,Family Chicken,649.35,0,2024-09-23
5421,21,34,Roasted Family Pack,655.5,0,2024-11-18
5422,21,34,Family Chicken,659.7,0,2025-01-27
5423,21,34,Chicken Family Meal,668.62,0,2025-02-10
5424,21,34,Family Chicken,621.17,1,2025-03-10
5425,21,34,Family Chicken,629.4,0,2025-03-24
5426,21,34,Roasted Family Pack,634.56,0,2025-04-07
5427,21,34,Roasted Family Pack,615.72,0,2025-04-21
5428,21,34,Chicken Family Meal,624.19,0,2025-05-05
5429,21,34,Roasted Family Pack,632.13,0,2025-05-19
5430,21,34,Family Chicken,639.8,0,2025-06-02
5431,21,34,Roasted Family Pack,646.83,0,2025-06-30
5432,21,34,Roasted Family Pack,652.47,0,2025-07-14
5433,21,34,Roasted Family Pack,656.1,0,2025-07-28
5434,21,34,Roasted Family Pack,645.16,0,2025-08-11
5435,21,34,Chicken Family Meal,653.3,0,2025-08-25
5436,21,34,Roasted Family Pack,659.88,0,2025-09-08
5437,21,34,Family Chicken,667.49,0,2025-09-22
5438,21,34,Chicken Family Meal,671.24,0,2025-10-06
5439,21,34,Family Chicken,679.83,0,2025-11-03
5440,21,34,Roasted Family Pack,630.11,1,2025-11-17
5441,21,34,Family Chicken,639.07,0,2025-12-01
5442,21,34,Family Chicken,644.03,0,2025-12-15
5443,21,34,Roasted Family Pack,651.84,0,2025-12-29
5444,22,40,Cheese Pizza,142.08,0,2024-01-15
5445,22,40,Classic Pizza,143.5,0,2024-01-29
5446,22,40,Margherita,134.69,1,2024-02-26
5447,22,40,Classic Pizza,136.14,0,2024-03-11
5448,22,40,Cheese Pizza,137.7,0,2024-03-25
5449,22,40,Margherita,139.04,0,2024-04-08
5450,22,40,Margherita,131.01,1,2024-04-22
5451,22,40,Margherita,132.49,0,2024-05-06
5452,22,40,Cheese Pizza,133.5,0,2024-06-03
5453,22,40,Cheese Pizza,135.16,0,2024-06-17
5454,22,40,Cheese Pizza,129.32,1,2024-07-01
5455,22,40,Classic Pizza,130.48,0,2024-07-29
5456,22,40,Margherita,132.01,0,2024-08-12
5457,22,40,Cheese Pizza,132.97,0,2024-09-09
5458,22,40,Cheese Pizza,131.8,0,2024-10-07
5459,22,40,Classic Pizza,133.24,0,2024-10-21
5460,22,40,Margherita,135.07,0,2024-11-04
5461,22,40,Cheese Pizza,136.07,0,2024-11-18
5462,22,40,Cheese Pizza,137.73,0,2024-12-02
5463,22,40,Classic Pizza,139.58,0,2025-01-13
5464,22,40,Classic Pizza,140.99,0,2025-01-27
5465,22,40,Classic Pizza,142.57,0,2025-02-10
5466,22,40,Classic Pizza,143.79,0,2025-03-24
5467,22,40,Margherita,144.77,0,2025-04-07
5468,22,40,Cheese Pizza,132.08,1,2025-04-21
5469,22,40,Classic Pizza,122.0,1,2025-05-05
5470,22,40,Classic Pizza,123.38,0,2025-05-19
5471,22,40,Classic Pizza,124.85,0,2025-06-02
5472,22,40,Classic Pizza,125.97,0,2025-06-16
5473,22,40,Margherita,127.42,0,2025-06-30
5474,22,40,Margherita,129.12,0,2025-07-14
5475,22,40,Margherita,130.28,0,2025-07-28
5476,22,40,Cheese Pizza,131.73,0,2025-08-11
5477,22,40,Cheese Pizza,132.61,0,2025-08-25
5478,22,40,Classic Pizza,133.72,0,2025-09-08
5479,22,40,Margherita,132.61,0,2025-10-20
5480,22,40,Classic Pizza,134.04,0,2025-11-03
5481,22,40,Margherita,135.45,0,2025-12-01
5482,22,40,Cheese Pizza,136.37,0,2025-12-15
5483,22,37,Spicy Chicken Burger,98.81,1,2024-01-01
5484,22,37,Crispy Chicken Burger,99.92,0,2024-01-15
5485,22,37,Spicy Chicken Burger,100.47,0,2024-01-29
5486,22,37,Spicy Chicken Burger,101.63,0,2024-02-26
5487,22,37,Crispy Chicken Burger,89.71,1,2024-03-11
5488,22,37,Spicy Chicken Burger,84.94,1,2024-03-25
5489,22,37,Spicy Chicken Burger,85.41,0,2024-04-22
5490,22,37,Spicy Chicken Burger,86.09,0,2024-05-20
5491,22,37,Spicy Chicken Burger,86.86,0,2024-06-03
5492,22,37,Chicken Burger,87.62,0,2024-06-17
5493,22,37,Spicy Chicken Burger,88.83,0,2024-07-01
5494,22,37,Spicy Chicken Burger,89.92,0,2024-07-29
5495,22,37,Chicken Burger,90.84,0,2024-08-12
5496,22,37,Chicken Burger,91.3,0,2024-10-07
5497,22,37,Chicken Burger,84.42,1,2024-10-21
5498,22,37,Chicken Burger,85.54,0,2024-11-04
5499,22,37,Crispy Chicken Burger,82.09,1,2024-12-16
5500,22,37,Chicken Burger,81.15,0,2025-01-13
5501,22,37,Chicken Burger,75.48,1,2025-01-27
5502,22,37,Spicy Chicken Burger,76.21,0,2025-02-10
5503,22,37,Spicy Chicken Burger,76.62,0,2025-03-10
5504,22,37,Chicken Burger,77.32,0,2025-03-24
5505,22,37,Crispy Chicken Burger,72.77,1,2025-04-21
5506,22,37,Crispy Chicken Burger,73.6,0,2025-06-02
5507,22,37,Chicken Burger,74.02,0,2025-06-30
5508,22,37,Chicken Burger,74.53,0,2025-07-28
5509,22,37,Crispy Chicken Burger,75.63,0,2025-08-11
5510,22,37,Crispy Chicken Burger,76.33,0,2025-09-22
5511,22,37,Crispy Chicken Burger,77.29,0,2025-10-20
5512,22,37,Crispy Chicken Burger,73.73,1,2025-11-17
5513,22,37,Chicken Burger,74.64,0,2025-12-01
5514,22,37,Crispy Chicken Burger,75.06,0,2025-12-29
5515,22,39,Crunchy Chicken,92.36,1,2024-01-01
5516,22,39,Fried Chicken,93.46,0,2024-02-12
5517,22,39,Crunchy Chicken,94.26,0,2024-02-26
5518,22,39,Crunchy Chicken,95.45,0,2024-03-11
5519,22,39,Crunchy Chicken,91.19,1,2024-03-25
5520,22,39,Fried Chicken,92.22,0,2024-04-08
5521,22,39,Crispy Chicken,83.47,1,2024-05-06
5522,22,39,Crispy Chicken,84.17,0,2024-06-03
5523,22,39,Crispy Chicken,85.22,0,2024-06-17
5524,22,39,Crispy Chicken,86.37,0,2024-07-01
5525,22,39,Crispy Chicken,87.1,0,2024-08-12
5526,22,39,Fried Chicken,87.6,0,2024-09-09
5527,22,39,Crunchy Chicken,80.37,1,2024-09-23
5528,22,39,Crunchy Chicken,78.61,0,2024-10-07
5529,22,39,Fried Chicken,79.08,0,2024-11-04
5530,22,39,Crispy Chicken,79.88,0,2024-12-02
5531,22,39,Fried Chicken,81.03,0,2024-12-16
5532,22,39,Fried Chicken,82.21,0,2024-12-30
5533,22,39,Crunchy Chicken,83.29,0,2025-01-13
5534,22,39,Crispy Chicken,84.02,0,2025-02-10
5535,22,39,Crunchy Chicken,80.13,1,2025-03-10
5536,22,39,Fried Chicken,76.14,1,2025-03-24
5537,22,39,Fried Chicken,77.03,0,2025-04-07
5538,22,39,Fried Chicken,77.76,0,2025-05-19
5539,22,39,Crunchy Chicken,78.57,0,2025-07-14
5540,22,39,Crunchy Chicken,79.51,0,2025-07-28
5541,22,39,Crunchy Chicken,80.09,0,2025-08-11
5542,22,39,Crunchy Chicken,74.49,1,2025-08-25
5543,22,39,Fried Chicken,68.23,1,2025-09-08
5544,22,39,Fried Chicken,67.81,0,2025-09-22
5545,22,39,Crunchy Chicken,64.39,1,2025-10-06
5546,22,39,Fried Chicken,65.06,0,2025-10-20
5547,22,39,Fried Chicken,65.41,0,2025-11-03
5548,22,39,Crispy Chicken,60.45,1,2025-12-01
5549,22,39,Crunchy Chicken,61.04,0,2025-12-15
5550,22,39,Crunchy Chicken,61.86,0,2025-12-29
5551,22,34,Chicken Family Meal,555.95,0,2024-01-01
5552,22,34,Roasted Family Pack,563.29,0,2024-01-15
5553,22,34,Chicken Family Meal,569.49,0,2024-01-29
5554,22,34,Chicken Family Meal,521.54,1,2024-02-12
5555,22,34,Chicken Family Meal,507.6,0,2024-02-26
5556,22,34,Family Chicken,499.91,0,2024-03-11
5557,22,34,Roasted Family Pack,457.22,1,2024-04-08
5558,22,34,Roasted Family Pack,463.54,0,2024-04-22
5559,22,34,Family Chicken,468.6,0,2024-05-06
5560,22,34,Roasted Family Pack,471.86,0,2024-05-20
5561,22,34,Roasted Family Pack,469.13,0,2024-06-03
5562,22,34,Family Chicken,475.34,0,2024-06-17
5563,22,34,Roasted Family Pack,433.3,1,2024-07-15
5564,22,34,Chicken Family Meal,438.81,0,2024-08-12
5565,22,34,Roasted Family Pack,444.76,0,2024-08-26
5566,22,34,Chicken Family Meal,448.21,0,2024-09-23
5567,22,34,Roasted Family Pack,444.94,0,2024-11-18
5568,22,34,Family Chicken,450.39,0,2024-12-02
5569,22,34,Roasted Family Pack,453.63,0,2024-12-16
5570,22,34,Roasted Family Pack,435.19,1,2024-12-30
5571,22,34,Roasted Family Pack,441.65,0,2025-01-13
5572,22,34,Family Chicken,445.49,0,2025-01-27
5573,22,34,Family Chicken,451.7,0,2025-02-10
5574,22,34,Family Chicken,457.93,0,2025-03-10
5575,22,34,Family Chicken,426.7,1,2025-03-24
5576,22,34,Family Chicken,431.68,0,2025-04-07
5577,22,34,Chicken Family Meal,434.66,0,2025-04-21
5578,22,34,Chicken Family Meal,437.69,0,2025-05-05
5579,22,34,Family Chicken,417.69,1,2025-06-16
5580,22,34,Chicken Family Meal,414.98,0,2025-06-30
5581,22,34,Family Chicken,417.26,0,2025-07-14
5582,22,34,Roasted Family Pack,401.99,1,2025-07-28
5583,22,34,Chicken Family Meal,406.78,0,2025-08-11
5584,22,34,Family Chicken,396.55,0,2025-08-25
5585,22,34,Chicken Family Meal,400.34,0,2025-09-08
5586,22,34,Family Chicken,373.01,1,2025-09-22
5587,22,34,Chicken Family Meal,375.76,0,2025-10-20
5588,22,34,Roasted Family Pack,378.03,0,2025-11-03
5589,22,34,Roasted Family Pack,369.45,0,2025-12-01
5590,22,34,Family Chicken,374.27,0,2025-12-15
5591,22,50,Beef Shawarma Sandwich,93.08,0,2024-01-01
5592,22,50,Meat Roll,94.18,0,2024-01-15
5593,22,50,Meat Shawarma Wrap,90.19,1,2024-01-29
5594,22,50,Meat Shawarma Wrap,84.31,1,2024-02-12
5595,22,50,Meat Shawarma Wrap,85.13,0,2024-02-26
5596,22,50,Meat Roll,85.65,0,2024-03-11
5597,22,50,Beef Shawarma Sandwich,86.17,0,2024-03-25
5598,22,50,Meat Roll,83.45,1,2024-04-08
5599,22,50,Beef Shawarma Sandwich,84.62,0,2024-04-22
5600,22,50,Meat Roll,85.83,0,2024-05-06
5601,22,50,Meat Roll,86.75,0,2024-05-20
5602,22,50,Meat Shawarma Wrap,87.64,0,2024-06-03
5603,22,50,Beef Shawarma Sandwich,88.6,0,2024-06-17
5604,22,50,Beef Shawarma Sandwich,81.92,1,2024-07-01
5605,22,50,Meat Roll,76.11,1,2024-07-15
5606,22,50,Meat Roll,74.01,0,2024-07-29
5607,22,50,Meat Shawarma Wrap,74.95,0,2024-08-26
5608,22,50,Meat Shawarma Wrap,75.58,0,2024-09-09
5609,22,50,Meat Roll,76.23,0,2024-09-23
5610,22,50,Beef Shawarma Sandwich,76.82,0,2024-10-21
5611,22,50,Meat Shawarma Wrap,77.74,0,2024-11-04
5612,22,50,Meat Shawarma Wrap,71.75,1,2024-11-18
5613,22,50,Meat Roll,72.13,0,2024-12-02
5614,22,50,Meat Shawarma Wrap,66.26,1,2024-12-16
5615,22,50,Meat Roll,62.84,1,2024-12-30
5616,22,50,Beef Shawarma Sandwich,63.78,0,2025-01-27
5617,22,50,Meat Roll,62.39,0,2025-02-10
5618,22,50,Beef Shawarma Sandwich,62.75,0,2025-02-24
5619,22,50,Meat Shawarma Wrap,57.42,1,2025-03-24
5620,22,50,Beef Shawarma Sandwich,57.98,0,2025-04-07
5621,22,50,Meat Shawarma Wrap,58.4,0,2025-05-05
5622,22,50,Meat Roll,58.94,0,2025-05-19
5623,22,50,Meat Shawarma Wrap,59.25,0,2025-06-02
5624,22,50,Meat Shawarma Wrap,59.68,0,2025-06-16
5625,22,50,Beef Shawarma Sandwich,60.48,0,2025-06-30
5626,22,50,Meat Shawarma Wrap,61.21,0,2025-07-28
5627,22,50,Meat Roll,61.67,0,2025-08-11
5628,22,50,Meat Roll,62.07,0,2025-08-25
5629,22,50,Beef Shawarma Sandwich,62.88,0,2025-10-06
5630,22,50,Beef Shawarma Sandwich,63.68,0,2025-10-20
5631,22,50,Meat Shawarma Wrap,64.51,0,2025-12-01
5632,22,50,Beef Shawarma Sandwich,64.91,0,2025-12-29
5633,22,6,Shawarma Lahem,146.58,0,2024-01-01
5634,22,6,Beef Shawarma Wrap,148.58,0,2024-01-15
5635,22,6,Shawarma Lahem,150.52,0,2024-01-29
5636,22,6,Beef Shawarma Wrap,152.05,0,2024-02-26
5637,22,6,Beef Shawarma Wrap,134.29,1,2024-03-11
5638,22,6,Shawarma Lahem,134.97,0,2024-03-25
5639,22,6,Meat Shawarma,135.81,0,2024-04-22
5640,22,6,Shawarma Lahem,137.16,0,2024-05-06
5641,22,6,Beef Shawarma Wrap,138.63,0,2024-06-03
5642,22,6,Shawarma Lahem,140.22,0,2024-06-17
5643,22,6,Meat Shawarma,134.83,1,2024-07-15
5644,22,6,Beef Shawarma Wrap,135.64,0,2024-07-29
5645,22,6,Meat Shawarma,137.27,0,2024-10-07
5646,22,6,Beef Shawarma Wrap,138.42,0,2024-10-21
5647,22,6,Beef Shawarma Wrap,132.91,1,2024-11-18
5648,22,6,Beef Shawarma Wrap,134.57,0,2024-12-02
5649,22,6,Shawarma Lahem,131.41,0,2024-12-30
5650,22,6,Beef Shawarma Wrap,132.7,0,2025-01-13
5651,22,6,Beef Shawarma Wrap,133.49,0,2025-01-27
5652,22,6,Beef Shawarma Wrap,134.76,0,2025-02-10
5653,22,6,Shawarma Lahem,136.18,0,2025-02-24
5654,22,6,Beef Shawarma Wrap,137.31,0,2025-03-10
5655,22,6,Meat Shawarma,139.18,0,2025-04-07
5656,22,6,Beef Shawarma Wrap,140.09,0,2025-04-21
5657,22,6,Shawarma Lahem,141.79,0,2025-05-19
5658,22,6,Shawarma Lahem,142.56,0,2025-06-02
5659,22,6,Beef Shawarma Wrap,143.65,0,2025-06-16
5660,22,6,Shawarma Lahem,145.14,0,2025-06-30
5661,22,6,Shawarma Lahem,146.5,0,2025-07-14
5662,22,6,Beef Shawarma Wrap,147.41,0,2025-08-11
5663,22,6,Meat Shawarma,139.86,1,2025-08-25
5664,22,6,Meat Shawarma,141.85,0,2025-09-08
5665,22,6,Beef Shawarma Wrap,143.2,0,2025-10-06
5666,22,6,Meat Shawarma,143.94,0,2025-10-20
5667,22,6,Beef Shawarma Wrap,145.22,0,2025-11-17
5668,22,6,Meat Shawarma,147.26,0,2025-12-01
5669,22,6,Shawarma Lahem,149.22,0,2025-12-29
5670,23,39,Crunchy Chicken,128.66,0,2024-02-26
5671,23,39,Crunchy Chicken,129.91,0,2024-03-11
5672,23,39,Fried Chicken,131.77,0,2024-04-08
5673,23,39,Crispy Chicken,132.84,0,2024-04-22
5674,23,39,Crunchy Chicken,131.19,0,2024-05-06
5675,23,39,Crispy Chicken,132.99,0,2024-05-20
5676,23,39,Crispy Chicken,134.45,0,2024-07-01
5677,23,39,Fried Chicken,135.68,0,2024-08-26
5678,23,39,Crunchy Chicken,136.5,0,2024-09-09
5679,23,39,Crunchy Chicken,138.01,0,2024-09-23
5680,23,39,Crunchy Chicken,139.06,0,2024-10-07
5681,23,39,Crunchy Chicken,140.97,0,2024-10-21
5682,23,39,Crispy Chicken,142.05,0,2024-11-04
5683,23,39,Crispy Chicken,139.17,0,2024-11-18
5684,23,39,Fried Chicken,128.55,1,2024-12-16
5685,23,39,Fried Chicken,129.98,0,2024-12-30
5686,23,39,Crunchy Chicken,131.55,0,2025-01-27
5687,23,39,Crispy Chicken,132.53,0,2025-02-10
5688,23,39,Crunchy Chicken,133.45,0,2025-03-10
5689,23,39,Crispy Chicken,123.2,1,2025-03-24
5690,23,39,Crunchy Chicken,124.82,0,2025-04-07
5691,23,39,Fried Chicken,125.77,0,2025-05-05
5692,23,39,Crispy Chicken,127.2,0,2025-05-19
5693,23,39,Crunchy Chicken,128.19,0,2025-06-16
5694,23,39,Crunchy Chicken,129.05,0,2025-06-30
5695,23,39,Fried Chicken,122.04,1,2025-07-14
5696,23,39,Fried Chicken,122.88,0,2025-07-28
5697,23,39,Crispy Chicken,124.4,0,2025-08-11
5698,23,39,Crispy Chicken,115.79,1,2025-09-08
5699,23,39,Fried Chicken,116.92,0,2025-09-22
5700,23,39,Crunchy Chicken,114.86,0,2025-10-20
5701,23,39,Crispy Chicken,111.25,1,2025-11-03
5702,23,39,Fried Chicken,109.48,0,2025-11-17
5703,23,39,Fried Chicken,110.82,0,2025-12-01
5704,23,39,Fried Chicken,112.07,0,2025-12-15
5705,23,39,Crunchy Chicken,112.86,0,2025-12-29
5706,23,60,Lamb Family Meal,854.48,0,2024-01-01
5707,23,60,Lamb Feast,859.0,0,2024-01-15
5708,23,60,Lamb Family Meal,869.48,0,2024-02-26
5709,23,60,Lamb Family Meal,877.48,0,2024-03-11
5710,23,60,Lamb Feast,886.04,0,2024-04-08
5711,23,60,Lamb Family Meal,890.67,0,2024-04-22
5712,23,60,Family Lamb Platter,903.5,0,2024-05-06
5713,23,60,Family Lamb Platter,913.08,0,2024-05-20
5714,23,60,Lamb Feast,924.65,0,2024-07-01
5715,23,60,Family Lamb Platter,937.28,0,2024-07-15
5716,23,60,Family Lamb Platter,946.25,0,2024-07-29
5717,23,60,Family Lamb Platter,955.25,0,2024-08-26
5718,23,60,Lamb Feast,966.55,0,2024-09-09
5719,23,60,Lamb Family Meal,973.08,0,2024-09-23
5720,23,60,Family Lamb Platter,985.09,0,2024-10-07
5721,23,60,Lamb Family Meal,994.1,0,2024-10-21
5722,23,60,Lamb Feast,955.11,1,2024-12-02
5723,23,60,Lamb Feast,937.84,0,2024-12-30
5724,23,60,Lamb Family Meal,948.89,0,2025-01-27
5725,23,60,Lamb Family Meal,963.01,0,2025-02-10
5726,23,60,Lamb Family Meal,970.24,0,2025-02-24
5727,23,60,Family Lamb Platter,926.95,1,2025-03-10
5728,23,60,Family Lamb Platter,932.2,0,2025-03-24
5729,23,60,Family Lamb Platter,942.36,0,2025-04-21
5730,23,60,Lamb Feast,953.37,0,2025-05-05
5731,23,60,Lamb Family Meal,960.46,0,2025-06-30
5732,23,60,Lamb Family Meal,967.01,0,2025-07-14
5733,23,60,Family Lamb Platter,972.19,0,2025-09-08
5734,23,60,Lamb Feast,985.03,0,2025-09-22
5735,23,60,Lamb Family Meal,992.3,0,2025-11-03
5736,23,60,Lamb Family Meal,1000.54,0,2025-12-01
5737,23,60,Lamb Feast,1015.28,0,2025-12-15
5738,23,60,Family Lamb Platter,1027.61,0,2025-12-29
5739,23,37,Chicken Burger,114.42,1,2024-01-01
5740,23,37,Crispy Chicken Burger,116.11,0,2024-01-29
5741,23,37,Spicy Chicken Burger,117.33,0,2024-02-12
5742,23,37,Crispy Chicken Burger,106.95,1,2024-02-26
5743,23,37,Chicken Burger,108.37,0,2024-03-25
5744,23,37,Spicy Chicken Burger,109.03,0,2024-04-08
5745,23,37,Chicken Burger,102.45,1,2024-04-22
5746,23,37,Chicken Burger,103.06,0,2024-05-06
5747,23,37,Crispy Chicken Burger,100.04,0,2024-05-20
5748,23,37,Crispy Chicken Burger,100.74,0,2024-06-03
5749,23,37,Spicy Chicken Burger,102.0,0,2024-07-01
5750,23,37,Spicy Chicken Burger,101.43,0,2024-07-15
5751,23,37,Spicy Chicken Burger,92.29,1,2024-08-12
5752,23,37,Chicken Burger,92.86,0,2024-08-26
5753,23,37,Chicken Burger,94.03,0,2024-09-09
5754,23,37,Crispy Chicken Burger,93.02,0,2024-09-23
5755,23,37,Chicken Burger,93.65,0,2024-10-07
5756,23,37,Chicken Burger,94.83,0,2024-10-21
5757,23,37,Crispy Chicken Burger,95.85,0,2024-11-04
5758,23,37,Chicken Burger,96.78,0,2024-11-18
5759,23,37,Spicy Chicken Burger,91.9,1,2024-12-30
5760,23,37,Spicy Chicken Burger,92.64,0,2025-01-13
5761,23,37,Spicy Chicken Burger,93.68,0,2025-02-10
5762,23,37,Crispy Chicken Burger,94.77,0,2025-02-24
5763,23,37,Spicy Chicken Burger,95.62,0,2025-03-10
5764,23,37,Chicken Burger,96.23,0,2025-03-24
5765,23,37,Crispy Chicken Burger,97.07,0,2025-04-21
5766,23,37,Crispy Chicken Burger,97.65,0,2025-05-05
5767,23,37,Crispy Chicken Burger,88.15,1,2025-05-19
5768,23,37,Chicken Burger,89.03,0,2025-06-02
5769,23,37,Crispy Chicken Burger,90.25,0,2025-06-16
5770,23,37,Crispy Chicken Burger,91.01,0,2025-06-30
5771,23,37,Spicy Chicken Burger,92.22,0,2025-07-28
5772,23,37,Spicy Chicken Burger,89.91,0,2025-08-11
5773,23,37,Chicken Burger,90.86,0,2025-08-25
5774,23,37,Spicy Chicken Burger,91.42,0,2025-09-08
5775,23,37,Spicy Chicken Burger,84.21,1,2025-09-22
5776,23,37,Chicken Burger,84.81,0,2025-10-20
5777,23,37,Spicy Chicken Burger,76.37,1,2025-11-03
5778,23,37,Crispy Chicken Burger,77.14,0,2025-11-17
5779,23,37,Crispy Chicken Burger,77.68,0,2025-12-01
5780,23,37,Chicken Burger,78.66,0,2025-12-15
5781,23,37,Chicken Burger,79.26,0,2025-12-29
5782,23,30,Sweet Qatayef,70.27,0,2024-01-01
5783,23,30,Ramadan Pancake,70.82,0,2024-01-15
5784,23,30,Sweet Qatayef,71.74,0,2024-02-26
5785,23,30,Sweet Qatayef,72.38,0,2024-03-11
5786,23,30,Qatayef,67.52,1,2024-03-25
5787,23,30,Sweet Qatayef,61.82,1,2024-05-06
5788,23,30,Ramadan Pancake,58.41,1,2024-05-20
5789,23,30,Qatayef,59.08,0,2024-06-03
5790,23,30,Sweet Qatayef,53.41,1,2024-06-17
5791,23,30,Ramadan Pancake,53.95,0,2024-07-01
5792,23,30,Qatayef,54.28,0,2024-07-15
5793,23,30,Ramadan Pancake,54.84,0,2024-07-29
5794,23,30,Sweet Qatayef,55.54,0,2024-08-12
5795,23,30,Sweet Qatayef,54.56,0,2024-08-26
5796,23,30,Qatayef,55.04,0,2024-09-09
5797,23,30,Sweet Qatayef,53.42,0,2024-09-23
5798,23,30,Sweet Qatayef,54.2,0,2024-10-07
5799,23,30,Ramadan Pancake,53.81,0,2024-10-21
5800,23,30,Ramadan Pancake,54.18,0,2024-11-04
5801,23,30,Ramadan Pancake,54.62,0,2024-11-18
5802,23,30,Ramadan Pancake,55.15,0,2024-12-02
5803,23,30,Ramadan Pancake,55.55,0,2024-12-16
5804,23,30,Qatayef,54.79,0,2025-01-13
5805,23,30,Sweet Qatayef,55.23,0,2025-02-10
5806,23,30,Qatayef,55.76,0,2025-02-24
5807,23,30,Ramadan Pancake,50.02,1,2025-03-10
5808,23,30,Ramadan Pancake,50.66,0,2025-04-07
5809,23,30,Sweet Qatayef,51.19,0,2025-04-21
5810,23,30,Ramadan Pancake,51.86,0,2025-05-05
5811,23,30,Sweet Qatayef,52.22,0,2025-05-19
5812,23,30,Ramadan Pancake,49.52,1,2025-06-02
5813,23,30,Sweet Qatayef,46.72,1,2025-06-30
5814,23,30,Ramadan Pancake,47.08,0,2025-07-28
5815,23,30,Qatayef,43.95,1,2025-08-25
5816,23,30,Sweet Qatayef,44.29,0,2025-09-08
5817,23,30,Sweet Qatayef,44.71,0,2025-09-22
5818,23,30,Ramadan Pancake,43.53,0,2025-10-06
5819,23,30,Qatayef,43.8,0,2025-10-20
5820,23,30,Qatayef,41.18,1,2025-11-03
5821,23,30,Sweet Qatayef,41.68,0,2025-12-01
5822,23,30,Ramadan Pancake,41.0,0,2025-12-15
5823,23,30,Ramadan Pancake,38.93,1,2025-12-29
5824,23,40,Margherita,131.12,1,2024-01-15
5825,23,40,Cheese Pizza,132.77,0,2024-01-29
5826,23,40,Cheese Pizza,133.94,0,2024-02-26
5827,23,40,Classic Pizza,127.85,1,2024-03-11
5828,23,40,Classic Pizza,117.01,1,2024-04-08
5829,23,40,Cheese Pizza,117.61,0,2024-05-20
5830,23,40,Classic Pizza,119.23,0,2024-06-03
5831,23,40,Classic Pizza,107.89,1,2024-06-17
5832,23,40,Cheese Pizza,108.53,0,2024-07-01
5833,23,40,Margherita,102.63,1,2024-07-15
5834,23,40,Classic Pizza,103.51,0,2024-08-12
5835,23,40,Margherita,104.69,0,2024-10-21
5836,23,40,Classic Pizza,105.33,0,2024-11-04
5837,23,40,Classic Pizza,96.26,1,2024-11-18
5838,23,40,Classic Pizza,97.05,0,2024-12-02
5839,23,40,Cheese Pizza,97.84,0,2024-12-16
5840,23,40,Classic Pizza,99.29,0,2025-01-13
5841,23,40,Margherita,95.22,1,2025-01-27
5842,23,40,Cheese Pizza,96.43,0,2025-02-10
5843,23,40,Classic Pizza,97.17,0,2025-02-24
5844,23,40,Cheese Pizza,98.21,0,2025-03-10
5845,23,40,Cheese Pizza,98.9,0,2025-04-07
5846,23,40,Cheese Pizza,99.98,0,2025-04-21
5847,23,40,Margherita,100.9,0,2025-05-05
5848,23,40,Margherita,101.95,0,2025-05-19
5849,23,40,Cheese Pizza,102.97,0,2025-06-02
5850,23,40,Cheese Pizza,95.48,1,2025-06-30
5851,23,40,Cheese Pizza,94.46,0,2025-07-14
5852,23,40,Margherita,95.66,0,2025-07-28
5853,23,40,Margherita,96.67,0,2025-08-11
5854,23,40,Classic Pizza,97.25,0,2025-09-08
5855,23,40,Margherita,98.09,0,2025-09-22
5856,23,40,Margherita,98.9,0,2025-10-06
5857,23,40,Cheese Pizza,100.14,0,2025-10-20
5858,23,40,Cheese Pizza,101.41,0,2025-11-03
5859,23,40,Margherita,97.59,1,2025-11-17
5860,23,40,Margherita,88.87,1,2025-12-15
5861,23,40,Margherita,90.16,0,2025-12-29
5862,23,10,Falafel,52.04,0,2024-03-11
5863,23,10,Falafel Plate,46.15,1,2024-03-25
5864,23,10,Taameya,46.74,0,2024-04-08
5865,23,10,Falafel Plate,47.41,0,2024-05-06
5866,23,10,Taameya,47.87,0,2024-06-03
5867,23,10,Taameya,47.32,0,2024-06-17
5868,23,10,Taameya,42.81,1,2024-07-01
5869,23,10,Falafel Plate,43.37,0,2024-07-15
5870,23,10,Falafel Plate,43.11,0,2024-07-29
5871,23,10,Falafel Plate,43.38,0,2024-08-12
5872,23,10,Taameya,43.93,0,2024-08-26
5873,23,10,Falafel,44.36,0,2024-09-23
5874,23,10,Falafel,44.84,0,2024-11-04
5875,23,10,Taameya,45.42,0,2024-11-18
5876,23,10,Falafel,44.18,0,2024-12-02
5877,23,10,Taameya,44.72,0,2024-12-30
5878,23,10,Falafel,43.16,1,2025-01-13
5879,23,10,Falafel Plate,43.5,0,2025-01-27
5880,23,10,Taameya,44.14,0,2025-02-10
5881,23,10,Falafel Plate,44.72,0,2025-02-24
5882,23,10,Falafel Plate,39.64,1,2025-03-10
5883,23,10,Falafel Plate,37.87,1,2025-04-07
5884,23,10,Falafel,37.42,0,2025-04-21
5885,23,10,Falafel,37.87,0,2025-05-05
5886,23,10,Falafel Plate,35.22,1,2025-06-02
5887,23,10,Falafel Plate,33.38,1,2025-06-16
5888,23,10,Falafel,33.69,0,2025-07-14
5889,23,10,Falafel,33.92,0,2025-07-28
5890,23,10,Falafel,34.43,0,2025-08-25
5891,23,10,Taameya,32.1,1,2025-09-22
5892,23,10,Falafel,32.33,0,2025-12-15
5893,23,8,Molokhia Dish,143.47,0,2024-01-01
5894,23,8,Green Soup,144.46,0,2024-01-15
5895,23,8,Molokhia & Rice,145.84,0,2024-01-29
5896,23,8,Molokhia Dish,147.29,0,2024-02-26
5897,23,8,Green Soup,149.46,0,2024-03-25
5898,23,8,Green Soup,150.4,0,2024-04-08
5899,23,8,Green Soup,137.74,1,2024-05-20
5900,23,8,Molokhia & Rice,139.78,0,2024-06-03
5901,23,8,Molokhia Dish,141.7,0,2024-07-01
5902,23,8,Molokhia Dish,128.19,1,2024-07-15
5903,23,8,Green Soup,119.68,1,2024-07-29
5904,23,8,Molokhia & Rice,120.44,0,2024-08-26
5905,23,8,Green Soup,121.34,0,2024-09-09
5906,23,8,Molokhia & Rice,123.02,0,2024-09-23
5907,23,8,Molokhia Dish,124.12,0,2024-10-21
5908,23,8,Molokhia & Rice,125.0,0,2024-12-02
5909,23,8,Green Soup,126.75,0,2024-12-30
5910,23,8,Molokhia & Rice,120.12,1,2025-01-13
5911,23,8,Green Soup,118.19,0,2025-01-27
5912,23,8,Molokhia Dish,118.85,0,2025-02-10
5913,23,8,Molokhia & Rice,120.19,0,2025-02-24
5914,23,8,Molokhia & Rice,121.54,0,2025-03-10
5915,23,8,Molokhia Dish,122.79,0,2025-04-07
5916,23,8,Green Soup,123.53,0,2025-04-21
5917,23,8,Green Soup,124.56,0,2025-05-05
5918,23,8,Green Soup,126.42,0,2025-05-19
5919,23,8,Molokhia & Rice,124.62,0,2025-06-02
5920,23,8,Molokhia & Rice,119.6,1,2025-06-16
5921,23,8,Molokhia Dish,120.47,0,2025-06-30
5922,23,8,Molokhia & Rice,122.02,0,2025-07-14
5923,23,8,Green Soup,120.52,0,2025-07-28
5924,23,8,Molokhia Dish,121.4,0,2025-08-11
5925,23,8,Molokhia & Rice,122.64,0,2025-09-08
5926,23,8,Molokhia & Rice,112.69,1,2025-09-22
5927,23,8,Molokhia & Rice,113.86,0,2025-10-20
5928,23,8,Molokhia Dish,114.65,0,2025-11-17
5929,23,8,Molokhia & Rice,109.35,1,2025-12-15
5930,23,8,Molokhia & Rice,110.63,0,2025-12-29
5931,23,28,Egyptian Bread Pudding,80.55,0,2024-01-01
5932,23,28,Egyptian Bread Pudding,73.1,1,2024-01-29
5933,23,28,Om Ali Dessert,73.67,0,2024-02-26
5934,23,28,Om Ali,71.0,1,2024-03-11
5935,23,28,Egyptian Bread Pudding,71.6,0,2024-03-25
5936,23,28,Om Ali Dessert,72.43,0,2024-05-20
5937,23,28,Egyptian Bread Pudding,73.3,0,2024-06-03
5938,23,28,Om Ali,68.43,1,2024-06-17
5939,23,28,Om Ali,69.07,0,2024-07-15
5940,23,28,Om Ali,62.92,1,2024-08-12
5941,23,28,Egyptian Bread Pudding,63.66,0,2024-08-26
5942,23,28,Om Ali,64.29,0,2024-09-09
5943,23,28,Egyptian Bread Pudding,64.99,0,2024-10-07
5944,23,28,Om Ali,65.48,0,2024-11-04
5945,23,28,Om Ali Dessert,66.37,0,2024-11-18
5946,23,28,Om Ali Dessert,67.24,0,2024-12-16
5947,23,28,Om Ali Dessert,67.6,0,2024-12-30
5948,23,28,Om Ali,68.48,0,2025-01-13
5949,23,28,Om Ali Dessert,69.38,0,2025-01-27
5950,23,28,Om Ali,65.02,1,2025-03-10
5951,23,28,Om Ali Dessert,65.38,0,2025-03-24
5952,23,28,Om Ali,65.73,0,2025-04-07
5953,23,28,Egyptian Bread Pudding,66.12,0,2025-04-21
5954,23,28,Om Ali,62.55,1,2025-05-05
5955,23,28,Om Ali,60.73,0,2025-06-02
5956,23,28,Om Ali Dessert,61.07,0,2025-06-16
5957,23,28,Egyptian Bread Pudding,59.63,0,2025-06-30
5958,23,28,Egyptian Bread Pudding,60.19,0,2025-07-14
5959,23,28,Om Ali Dessert,60.75,0,2025-07-28
5960,23,28,Om Ali Dessert,61.05,0,2025-08-11
5961,23,28,Egyptian Bread Pudding,55.8,1,2025-08-25
5962,23,28,Om Ali Dessert,56.12,0,2025-09-08
5963,23,28,Egyptian Bread Pudding,56.71,0,2025-10-06
5964,23,28,Egyptian Bread Pudding,57.2,0,2025-11-03
5965,23,28,Egyptian Bread Pudding,58.05,0,2025-12-15
5966,23,28,Egyptian Bread Pudding,58.44,0,2025-12-29
5967,23,9,Egyptian Ful,57.36,0,2024-01-01
5968,23,9,Ful Plate,57.78,0,2024-01-15
5969,23,9,Foul Medames,55.51,1,2024-01-29
5970,23,9,Foul Medames,55.82,0,2024-02-12
5971,23,9,Egyptian Ful,56.35,0,2024-02-26
5972,23,9,Ful Plate,57.02,0,2024-03-11
5973,23,9,Ful Plate,57.82,0,2024-03-25
5974,23,9,Egyptian Ful,58.48,0,2024-04-22
5975,23,9,Egyptian Ful,55.77,1,2024-05-06
5976,23,9,Ful Plate,56.33,0,2024-05-20
5977,23,9,Foul Medames,56.66,0,2024-06-03
5978,23,9,Egyptian Ful,55.52,0,2024-06-17
5979,23,9,Egyptian Ful,56.09,0,2024-07-01
5980,23,9,Ful Plate,56.47,0,2024-07-15
5981,23,9,Ful Plate,56.79,0,2024-07-29
5982,23,9,Egyptian Ful,57.44,0,2024-08-26
5983,23,9,Foul Medames,57.96,0,2024-09-09
5984,23,9,Foul Medames,58.61,0,2024-09-23
5985,23,9,Ful Plate,59.35,0,2024-10-21
5986,23,9,Egyptian Ful,57.26,1,2024-11-18
5987,23,9,Foul Medames,57.63,0,2024-12-02
5988,23,9,Egyptian Ful,55.67,1,2024-12-16
5989,23,9,Ful Plate,56.19,0,2025-01-27
5990,23,9,Egyptian Ful,56.68,0,2025-02-10
5991,23,9,Egyptian Ful,57.33,0,2025-02-24
5992,23,9,Ful Plate,50.74,1,2025-03-10
5993,23,9,Ful Plate,51.49,0,2025-03-24
5994,23,9,Foul Medames,51.83,0,2025-04-07
5995,23,9,Ful Plate,52.3,0,2025-04-21
5996,23,9,Egyptian Ful,52.75,0,2025-05-05
5997,23,9,Foul Medames,53.26,0,2025-06-02
5998,23,9,Egyptian Ful,50.47,1,2025-06-16
5999,23,9,Egyptian Ful,50.75,0,2025-06-30
6000,23,9,Foul Medames,51.19,0,2025-07-14
6001,23,9,Foul Medames,47.44,1,2025-07-28
6002,23,9,Egyptian Ful,45.36,1,2025-08-11
6003,23,9,Ful Plate,45.7,0,2025-09-22
6004,23,9,Egyptian Ful,46.04,0,2025-10-06
6005,23,9,Ful Plate,46.71,0,2025-10-20
6006,23,9,Ful Plate,47.07,0,2025-11-17
6007,23,9,Ful Plate,47.61,0,2025-12-01
6008,23,9,Ful Plate,48.32,0,2025-12-15
6009,23,9,Foul Medames,48.7,0,2025-12-29
6010,23,1,Grilled Kofta Plate,132.07,1,2024-01-01
6011,23,1,Mixed Kofta,129.62,0,2024-02-12
6012,23,1,Grilled Kofta Plate,131.27,0,2024-03-25
6013,23,1,Classic Kofta,132.15,0,2024-04-08
6014,23,1,Grilled Kofta Plate,130.6,0,2024-04-22
6015,23,1,Mixed Kofta,132.44,0,2024-05-06
6016,23,1,Grilled Kofta Plate,120.99,1,2024-05-20
6017,23,1,Grilled Kofta Plate,122.02,0,2024-06-17
6018,23,1,Grilled Kofta Plate,111.76,1,2024-07-15
6019,23,1,Classic Kofta,113.22,0,2024-07-29
6020,23,1,Mixed Kofta,113.83,0,2024-09-09
6021,23,1,Mixed Kofta,115.39,0,2024-09-23
6022,23,1,Mixed Kofta,109.99,1,2024-10-07
6023,23,1,Classic Kofta,111.1,0,2024-10-21
6024,23,1,Mixed Kofta,112.7,0,2024-11-18
6025,23,1,Mixed Kofta,114.03,0,2024-12-02
6026,23,1,Mixed Kofta,112.99,0,2024-12-16
6027,23,1,Grilled Kofta Plate,113.86,0,2024-12-30
6028,23,1,Mixed Kofta,114.94,0,2025-01-13
6029,23,1,Grilled Kofta Plate,116.26,0,2025-01-27
6030,23,1,Mixed Kofta,116.88,0,2025-02-10
6031,23,1,Mixed Kofta,112.84,1,2025-02-24
6032,23,1,Grilled Kofta Plate,114.3,0,2025-03-10
6033,23,1,Classic Kofta,115.01,0,2025-03-24
6034,23,1,Grilled Kofta Plate,116.53,0,2025-04-07
6035,23,1,Grilled Kofta Plate,117.55,0,2025-04-21
6036,23,1,Mixed Kofta,118.57,0,2025-05-05
6037,23,1,Classic Kofta,120.08,0,2025-06-02
6038,23,1,Mixed Kofta,121.17,0,2025-06-30
6039,23,1,Mixed Kofta,122.65,0,2025-07-14
6040,23,1,Grilled Kofta Plate,123.46,0,2025-07-28
6041,23,1,Mixed Kofta,124.52,0,2025-08-25
6042,23,1,Grilled Kofta Plate,125.8,0,2025-10-06
6043,23,1,Mixed Kofta,126.75,0,2025-10-20
6044,23,1,Mixed Kofta,122.38,1,2025-11-03
6045,23,1,Grilled Kofta Plate,124.07,0,2025-11-17
6046,23,1,Classic Kofta,123.18,0,2025-12-15
6047,23,1,Classic Kofta,124.6,0,2025-12-29
6048,24,33,BBQ Family Pack,533.19,1,2024-01-01
6049,24,33,BBQ Family Pack,540.97,0,2024-01-15
6050,24,33,BBQ Family Pack,545.97,0,2024-02-12
6051,24,33,Mixed Grill Family,549.58,0,2024-02-26
6052,24,33,Family Grill Box,535.69,0,2024-03-11
6053,24,33,BBQ Family Pack,508.32,1,2024-03-25
6054,24,33,Family Grill Box,514.9,0,2024-04-08
6055,24,33,Mixed Grill Family,522.2,0,2024-05-06
6056,24,33,Mixed Grill Family,528.48,0,2024-05-20
6057,24,33,Mixed Grill Family,535.29,0,2024-06-03
6058,24,33,Family Grill Box,541.71,0,2024-06-17
6059,24,33,Mixed Grill Family,544.78,0,2024-07-15
6060,24,33,Mixed Grill Family,548.08,0,2024-07-29
6061,24,33,Mixed Grill Family,553.45,0,2024-08-12
6062,24,33,BBQ Family Pack,548.67,0,2024-08-26
6063,24,33,Family Grill Box,555.29,0,2024-09-09
6064,24,33,Family Grill Box,559.29,0,2024-09-23
6065,24,33,Family Grill Box,565.57,0,2024-10-21
6066,24,33,BBQ Family Pack,573.67,0,2024-11-18
6067,24,33,Mixed Grill Family,581.24,0,2024-12-02
6068,24,33,Family Grill Box,527.38,1,2024-12-16
6069,24,33,Mixed Grill Family,535.11,0,2024-12-30
6070,24,33,Family Grill Box,541.38,0,2025-01-13
6071,24,33,Family Grill Box,545.12,0,2025-01-27
6072,24,33,Mixed Grill Family,552.02,0,2025-02-24
6073,24,33,BBQ Family Pack,558.41,0,2025-04-07
6074,24,33,Mixed Grill Family,519.22,1,2025-04-21
6075,24,33,Mixed Grill Family,525.35,0,2025-05-05
6076,24,33,Family Grill Box,529.37,0,2025-05-19
6077,24,33,BBQ Family Pack,532.26,0,2025-06-02
6078,24,33,Family Grill Box,504.85,1,2025-06-16
6079,24,33,Mixed Grill Family,509.15,0,2025-07-14
6080,24,33,BBQ Family Pack,513.85,0,2025-08-11
6081,24,33,Mixed Grill Family,518.67,0,2025-08-25
6082,24,33,Mixed Grill Family,521.56,0,2025-09-08
6083,24,33,Mixed Grill Family,510.33,0,2025-09-22
6084,24,33,Family Grill Box,514.94,0,2025-10-06
6085,24,33,Family Grill Box,518.93,0,2025-12-01
6086,24,33,BBQ Family Pack,523.91,0,2025-12-15
6087,24,33,Family Grill Box,498.49,1,2025-12-29
6088,24,55,Lamb Ribs,225.94,0,2024-01-15
6089,24,55,Grilled Lamb,213.02,1,2024-02-12
6090,24,55,Grilled Lamb,214.58,0,2024-02-26
6091,24,55,Grilled Lamb,208.36,0,2024-03-25
6092,24,55,Lamb Ribs,209.49,0,2024-04-08
6093,24,55,Grilled Lamb,207.53,0,2024-05-06
6094,24,55,Lamb Ribs,188.86,1,2024-05-20
6095,24,55,Lamb Ribs,191.17,0,2024-06-03
6096,24,55,Grilled Lamb,193.05,0,2024-06-17
6097,24,55,Lamb Chops,194.16,0,2024-07-01
6098,24,55,Grilled Lamb,195.61,0,2024-07-15
6099,24,55,Lamb Ribs,196.81,0,2024-08-12
6100,24,55,Lamb Chops,198.59,0,2024-09-09
6101,24,55,Grilled Lamb,201.46,0,2024-09-23
6102,24,55,Lamb Ribs,203.57,0,2024-10-21
6103,24,55,Lamb Chops,201.14,0,2024-11-04
6104,24,55,Lamb Ribs,204.11,0,2024-11-18
6105,24,55,Lamb Ribs,206.28,0,2024-12-16
6106,24,55,Lamb Ribs,208.84,0,2025-01-13
6107,24,55,Lamb Chops,210.34,0,2025-01-27
6108,24,55,Grilled Lamb,213.21,0,2025-02-10
6109,24,55,Lamb Chops,196.51,1,2025-02-24
6110,24,55,Grilled Lamb,199.0,0,2025-03-10
6111,24,55,Lamb Chops,200.01,0,2025-03-24
6112,24,55,Lamb Ribs,183.5,1,2025-04-21
6113,24,55,Lamb Chops,186.16,0,2025-06-02
6114,24,55,Grilled Lamb,187.63,0,2025-06-16
6115,24,55,Lamb Ribs,188.62,0,2025-06-30
6116,24,55,Lamb Ribs,189.98,0,2025-07-28
6117,24,55,Lamb Ribs,190.94,0,2025-08-11
6118,24,55,Lamb Ribs,192.62,0,2025-09-08
6119,24,55,Grilled Lamb,194.7,0,2025-09-22
6120,24,55,Lamb Ribs,196.04,0,2025-10-06
6121,24,55,Lamb Chops,180.03,1,2025-11-03
6122,24,55,Lamb Chops,181.43,0,2025-11-17
6123,24,55,Lamb Ribs,173.48,1,2025-12-29
6124,24,11,Koshari,68.35,0,2024-01-01
6125,24,11,Koshari,69.14,0,2024-02-26
6126,24,11,Classic Koshari,69.52,0,2024-03-11
6127,24,11,Classic Koshari,68.98,0,2024-03-25
6128,24,11,Koshari,69.79,0,2024-04-08
6129,24,11,Egyptian Koshari,68.09,0,2024-05-06
6130,24,11,Egyptian Koshari,65.95,1,2024-05-20
6131,24,11,Classic Koshari,66.49,0,2024-06-03
6132,24,11,Classic Koshari,61.38,1,2024-07-01
6133,24,11,Classic Koshari,61.98,0,2024-07-15
6134,24,11,Egyptian Koshari,62.41,0,2024-07-29
6135,24,11,Classic Koshari,62.82,0,2024-08-12
6136,24,11,Classic Koshari,63.7,0,2024-08-26
6137,24,11,Classic Koshari,61.11,1,2024-09-23
6138,24,11,Koshari,61.78,0,2024-11-04
6139,24,11,Koshari,56.95,1,2024-12-02
6140,24,11,Egyptian Koshari,57.43,0,2024-12-16
6141,24,11,Classic Koshari,58.08,0,2024-12-30
6142,24,11,Koshari,58.51,0,2025-01-13
6143,24,11,Koshari,57.34,0,2025-01-27
6144,24,11,Egyptian Koshari,57.72,0,2025-02-24
6145,24,11,Classic Koshari,58.15,0,2025-03-24
6146,24,11,Egyptian Koshari,58.58,0,2025-04-21
6147,24,11,Koshari,59.36,0,2025-05-05
6148,24,11,Koshari,57.8,0,2025-05-19
6149,24,11,Classic Koshari,53.49,1,2025-06-02
6150,24,11,Egyptian Koshari,54.04,0,2025-06-16
6151,24,11,Egyptian Koshari,54.75,0,2025-07-28
6152,24,11,Egyptian Koshari,55.35,0,2025-08-11
6153,24,11,Egyptian Koshari,55.76,0,2025-08-25
6154,24,11,Koshari,56.42,0,2025-09-22
6155,24,11,Classic Koshari,56.92,0,2025-10-20
6156,24,11,Classic Koshari,57.44,0,2025-11-03
6157,24,11,Egyptian Koshari,58.08,0,2025-12-01
6158,24,11,Koshari,58.47,0,2025-12-29
6159,24,36,Beef Burger,116.68,1,2024-01-15
6160,24,36,Smash Burger,118.25,0,2024-01-29
6161,24,36,Beef Burger,116.04,0,2024-02-26
6162,24,36,Smash Burger,103.67,1,2024-03-25
6163,24,36,Beef Burger,101.35,0,2024-04-08
6164,24,36,Smash Burger,102.48,0,2024-05-06
6165,24,36,Classic Burger,103.88,0,2024-05-20
6166,24,36,Smash Burger,105.3,0,2024-06-03
6167,24,36,Smash Burger,105.92,0,2024-07-01
6168,24,36,Classic Burger,107.39,0,2024-07-29
6169,24,36,Smash Burger,108.19,0,2024-08-26
6170,24,36,Classic Burger,108.74,0,2024-09-09
6171,24,36,Smash Burger,109.33,0,2024-09-23
6172,24,36,Classic Burger,110.73,0,2024-10-07
6173,24,36,Smash Burger,111.92,0,2024-11-04
6174,24,36,Smash Burger,113.49,0,2024-11-18
6175,24,36,Smash Burger,114.72,0,2024-12-02
6176,24,36,Beef Burger,104.2,1,2024-12-16
6177,24,36,Classic Burger,99.19,1,2025-01-13
6178,24,36,Smash Burger,100.28,0,2025-02-10
6179,24,36,Beef Burger,101.47,0,2025-02-24
6180,24,36,Smash Burger,94.57,1,2025-03-10
6181,24,36,Smash Burger,95.12,0,2025-04-21
6182,24,36,Beef Burger,95.65,0,2025-05-19
6183,24,36,Smash Burger,96.93,0,2025-06-02
6184,24,36,Beef Burger,98.22,0,2025-06-16
6185,24,36,Classic Burger,99.51,0,2025-06-30
6186,24,36,Smash Burger,94.31,1,2025-07-14
6187,24,36,Smash Burger,95.42,0,2025-07-28
6188,24,36,Classic Burger,93.61,0,2025-09-08
6189,24,36,Beef Burger,94.36,0,2025-09-22
6190,24,36,Smash Burger,95.11,0,2025-10-06
6191,24,36,Classic Burger,95.61,0,2025-10-20
6192,24,36,Beef Burger,97.04,0,2025-11-03
6193,24,36,Smash Burger,97.65,0,2025-12-01
6194,24,36,Classic Burger,98.99,0,2025-12-15
6195,24,36,Smash Burger,100.2,0,2025-12-29
6196,24,13,Bechamel Pasta,106.23,0,2024-01-01
6197,24,13,Bechamel Pasta,97.18,1,2024-01-15
6198,24,13,Macarona Bechamel,98.08,0,2024-01-29
6199,24,13,Baked Pasta,98.76,0,2024-02-12
6200,24,13,Bechamel Pasta,99.46,0,2024-03-11
6201,24,13,Macarona Bechamel,100.92,0,2024-04-22
6202,24,13,Baked Pasta,102.01,0,2024-05-06
6203,24,13,Baked Pasta,102.59,0,2024-06-03
6204,24,13,Macarona Bechamel,103.29,0,2024-06-17
6205,24,13,Macarona Bechamel,103.93,0,2024-07-15
6206,24,13,Bechamel Pasta,101.49,0,2024-07-29
6207,24,13,Macarona Bechamel,102.48,0,2024-09-09
6208,24,13,Bechamel Pasta,92.78,1,2024-09-23
6209,24,13,Baked Pasta,93.27,0,2024-10-07
6210,24,13,Baked Pasta,90.64,0,2024-10-21
6211,24,13,Baked Pasta,91.58,0,2024-11-04
6212,24,13,Bechamel Pasta,92.29,0,2024-11-18
6213,24,13,Baked Pasta,92.84,0,2024-12-02
6214,24,13,Bechamel Pasta,93.74,0,2024-12-16
6215,24,13,Bechamel Pasta,94.55,0,2025-01-13
6216,24,13,Baked Pasta,95.48,0,2025-01-27
6217,24,13,Baked Pasta,92.2,1,2025-02-24
6218,24,13,Bechamel Pasta,85.45,1,2025-03-10
6219,24,13,Baked Pasta,86.61,0,2025-03-24
6220,24,13,Baked Pasta,87.69,0,2025-04-07
6221,24,13,Macarona Bechamel,88.54,0,2025-04-21
6222,24,13,Macarona Bechamel,89.12,0,2025-05-05
6223,24,13,Bechamel Pasta,89.79,0,2025-05-19
6224,24,13,Bechamel Pasta,87.68,0,2025-06-02
6225,24,13,Macarona Bechamel,88.6,0,2025-06-16
6226,24,13,Bechamel Pasta,89.41,0,2025-06-30
6227,24,13,Bechamel Pasta,89.87,0,2025-07-14
6228,24,13,Baked Pasta,90.73,0,2025-07-28
6229,24,13,Macarona Bechamel,84.49,1,2025-08-25
6230,24,13,Macarona Bechamel,85.37,0,2025-09-08
6231,24,13,Macarona Bechamel,86.34,0,2025-09-22
6232,24,13,Bechamel Pasta,87.24,0,2025-11-03
6233,24,13,Bechamel Pasta,87.92,0,2025-11-17
6234,24,13,Macarona Bechamel,88.39,0,2025-12-15
6235,24,13,Baked Pasta,89.47,0,2025-12-29
6236,24,28,Om Ali,79.91,0,2024-01-01
6237,24,28,Egyptian Bread Pudding,80.38,0,2024-01-15
6238,24,28,Egyptian Bread Pudding,81.25,0,2024-01-29
6239,24,28,Om Ali Dessert,82.09,0,2024-02-12
6240,24,28,Om Ali,82.88,0,2024-02-26
6241,24,28,Om Ali,84.09,0,2024-03-11
6242,24,28,Om Ali Dessert,76.29,1,2024-03-25
6243,24,28,Om Ali Dessert,71.19,1,2024-04-08
6244,24,28,Om Ali Dessert,72.15,0,2024-05-06
6245,24,28,Om Ali,72.52,0,2024-05-20
6246,24,28,Om Ali Dessert,73.05,0,2024-06-17
6247,24,28,Om Ali,73.66,0,2024-07-01
6248,24,28,Egyptian Bread Pudding,67.3,1,2024-07-15
6249,24,28,Egyptian Bread Pudding,67.87,0,2024-07-29
6250,24,28,Om Ali,68.59,0,2024-08-12
6251,24,28,Egyptian Bread Pudding,69.28,0,2024-10-21
6252,24,28,Om Ali,70.08,0,2024-11-18
6253,24,28,Egyptian Bread Pudding,70.84,0,2024-12-30
6254,24,28,Om Ali Dessert,71.27,0,2025-01-13
6255,24,28,Egyptian Bread Pudding,72.05,0,2025-01-27
6256,24,28,Egyptian Bread Pudding,70.01,0,2025-02-10
6257,24,28,Om Ali,70.8,0,2025-02-24
6258,24,28,Om Ali,71.65,0,2025-03-10
6259,24,28,Egyptian Bread Pudding,68.17,1,2025-04-21
6260,24,28,Egyptian Bread Pudding,61.51,1,2025-05-05
6261,24,28,Om Ali Dessert,62.3,0,2025-06-02
6262,24,28,Om Ali,62.82,0,2025-06-30
6263,24,28,Om Ali,63.73,0,2025-07-28
6264,24,28,Om Ali,59.31,1,2025-08-11
6265,24,28,Om Ali Dessert,60.08,0,2025-08-25
6266,24,28,Egyptian Bread Pudding,56.02,1,2025-09-08
6267,24,28,Egyptian Bread Pudding,56.51,0,2025-10-06
6268,24,28,Om Ali Dessert,57.27,0,2025-10-20
6269,24,28,Egyptian Bread Pudding,57.81,0,2025-11-03
6270,24,28,Om Ali Dessert,58.29,0,2025-11-17
6271,24,28,Egyptian Bread Pudding,58.77,0,2025-12-01
6272,24,28,Egyptian Bread Pudding,59.36,0,2025-12-29
6273,24,14,Hamam Mahshi,192.44,0,2024-01-01
6274,24,14,Pigeon Dish,193.56,0,2024-02-12
6275,24,14,Stuffed Pigeon,186.65,1,2024-02-26
6276,24,14,Stuffed Pigeon,188.96,0,2024-03-11
6277,24,14,Stuffed Pigeon,167.52,1,2024-03-25
6278,24,14,Stuffed Pigeon,149.87,1,2024-04-08
6279,24,14,Hamam Mahshi,151.53,0,2024-04-22
6280,24,14,Hamam Mahshi,152.59,0,2024-05-06
6281,24,14,Stuffed Pigeon,154.43,0,2024-05-20
6282,24,14,Stuffed Pigeon,156.7,0,2024-06-03
6283,24,14,Pigeon Dish,142.92,1,2024-06-17
6284,24,14,Hamam Mahshi,135.91,1,2024-07-01
6285,24,14,Pigeon Dish,136.72,0,2024-07-15
6286,24,14,Pigeon Dish,127.16,1,2024-08-12
6287,24,14,Hamam Mahshi,127.89,0,2024-08-26
6288,24,14,Stuffed Pigeon,129.77,0,2024-09-09
6289,24,14,Stuffed Pigeon,131.59,0,2024-09-23
6290,24,14,Hamam Mahshi,133.42,0,2024-10-07
6291,24,14,Stuffed Pigeon,134.31,0,2024-10-21
6292,24,14,Hamam Mahshi,136.32,0,2024-11-04
6293,24,14,Pigeon Dish,132.64,0,2024-12-16
6294,24,14,Pigeon Dish,122.65,1,2024-12-30
6295,24,14,Pigeon Dish,123.62,0,2025-01-13
6296,24,14,Stuffed Pigeon,113.63,1,2025-01-27
6297,24,14,Hamam Mahshi,114.57,0,2025-02-24
6298,24,14,Stuffed Pigeon,115.34,0,2025-03-10
6299,24,14,Pigeon Dish,110.58,1,2025-03-24
6300,24,14,Pigeon Dish,111.76,0,2025-04-07
6301,24,14,Hamam Mahshi,102.19,1,2025-04-21
6302,24,14,Pigeon Dish,103.62,0,2025-05-05
6303,24,14,Hamam Mahshi,104.52,0,2025-05-19
6304,24,14,Pigeon Dish,105.63,0,2025-06-16
6305,24,14,Stuffed Pigeon,107.16,0,2025-06-30
6306,24,14,Pigeon Dish,106.55,0,2025-07-14
6307,24,14,Pigeon Dish,107.2,0,2025-07-28
6308,24,14,Hamam Mahshi,103.74,1,2025-08-11
6309,24,14,Hamam Mahshi,105.25,0,2025-09-08
6310,24,14,Pigeon Dish,105.95,0,2025-09-22
6311,24,14,Hamam Mahshi,107.09,0,2025-10-06
6312,24,14,Pigeon Dish,108.24,0,2025-10-20
6313,24,14,Hamam Mahshi,109.32,0,2025-11-03
6314,24,14,Stuffed Pigeon,105.43,1,2025-11-17
6315,24,14,Pigeon Dish,106.73,0,2025-12-01
6316,24,14,Pigeon Dish,107.61,0,2025-12-29
6317,24,60,Lamb Family Meal,604.54,1,2024-01-01
6318,24,60,Lamb Family Meal,579.34,1,2024-01-15
6319,24,60,Family Lamb Platter,584.61,0,2024-01-29
6320,24,60,Lamb Family Meal,587.68,0,2024-02-12
6321,24,60,Lamb Family Meal,596.23,0,2024-02-26
6322,24,60,Family Lamb Platter,601.76,0,2024-03-11
6323,24,60,Lamb Family Meal,607.25,0,2024-03-25
6324,24,60,Lamb Family Meal,614.15,0,2024-04-08
6325,24,60,Family Lamb Platter,608.0,0,2024-04-22
6326,24,60,Lamb Family Meal,616.07,0,2024-05-06
6327,24,60,Lamb Family Meal,621.85,0,2024-05-20
6328,24,60,Lamb Family Meal,626.51,0,2024-06-03
6329,24,60,Lamb Feast,635.52,0,2024-07-01
6330,24,60,Lamb Family Meal,643.95,0,2024-07-15
6331,24,60,Family Lamb Platter,649.93,0,2024-07-29
6332,24,60,Family Lamb Platter,656.3,0,2024-08-12
6333,24,60,Family Lamb Platter,663.2,0,2024-08-26
6334,24,60,Lamb Feast,667.55,0,2024-09-23
6335,24,60,Lamb Family Meal,635.32,1,2024-10-07
6336,24,60,Family Lamb Platter,644.05,0,2024-10-21
6337,24,60,Lamb Family Meal,651.88,0,2024-11-04
6338,24,60,Lamb Family Meal,661.0,0,2024-11-18
6339,24,60,Lamb Family Meal,665.1,0,2024-12-02
6340,24,60,Lamb Family Meal,658.53,0,2025-02-10
6341,24,60,Family Lamb Platter,617.62,1,2025-02-24
6342,24,60,Lamb Family Meal,621.09,0,2025-03-10
6343,24,60,Family Lamb Platter,625.59,0,2025-03-24
6344,24,60,Family Lamb Platter,632.16,0,2025-04-07
6345,24,60,Family Lamb Platter,639.16,0,2025-05-05
6346,24,60,Lamb Feast,646.44,0,2025-05-19
6347,24,60,Lamb Feast,651.06,0,2025-06-02
6348,24,60,Family Lamb Platter,655.66,0,2025-06-16
6349,24,60,Lamb Feast,633.1,1,2025-07-14
6350,24,60,Lamb Feast,636.68,0,2025-07-28
6351,24,60,Family Lamb Platter,620.65,0,2025-08-11
6352,24,60,Lamb Family Meal,605.08,0,2025-08-25
6353,24,60,Lamb Feast,608.24,0,2025-09-08
6354,24,60,Lamb Feast,612.72,0,2025-09-22
6355,24,60,Family Lamb Platter,616.44,0,2025-10-20
6356,24,60,Lamb Feast,621.12,0,2025-11-03
6357,24,60,Lamb Family Meal,627.61,0,2025-12-01
6358,24,60,Lamb Family Meal,611.7,0,2025-12-15
6359,25,4,Grilled Liver,118.72,0,2024-01-01
6360,25,4,Grilled Liver,119.98,0,2024-02-12
6361,25,4,Liver Sandwich Platter,121.35,0,2024-02-26
6362,25,4,Spicy Liver,122.61,0,2024-03-11
6363,25,4,Grilled Liver,115.74,1,2024-03-25
6364,25,4,Liver Sandwich Platter,117.33,0,2024-04-08
6365,25,4,Grilled Liver,118.85,0,2024-04-22
6366,25,4,Spicy Liver,110.08,1,2024-05-06
6367,25,4,Liver Sandwich Platter,110.91,0,2024-07-01
6368,25,4,Grilled Liver,111.84,0,2024-07-15
6369,25,4,Spicy Liver,108.55,0,2024-07-29
6370,25,4,Spicy Liver,99.84,1,2024-08-26
6371,25,4,Grilled Liver,100.82,0,2024-09-09
6372,25,4,Grilled Liver,102.17,0,2024-10-07
6373,25,4,Liver Sandwich Platter,103.7,0,2024-11-18
6374,25,4,Grilled Liver,104.29,0,2024-12-30
6375,25,4,Grilled Liver,105.33,0,2025-01-13
6376,25,4,Spicy Liver,106.78,0,2025-01-27
6377,25,4,Spicy Liver,108.36,0,2025-02-24
6378,25,4,Liver Sandwich Platter,96.24,1,2025-03-10
6379,25,4,Spicy Liver,86.07,1,2025-03-24
6380,25,4,Grilled Liver,87.0,0,2025-04-07
6381,25,4,Liver Sandwich Platter,88.03,0,2025-04-21
6382,25,4,Spicy Liver,89.03,0,2025-05-19
6383,25,4,Liver Sandwich Platter,90.2,0,2025-06-30
6384,25,4,Spicy Liver,90.86,0,2025-07-28
6385,25,4,Spicy Liver,91.42,0,2025-08-11
6386,25,4,Liver Sandwich Platter,92.78,0,2025-09-22
6387,25,4,Grilled Liver,93.59,0,2025-10-06
6388,25,4,Spicy Liver,94.53,0,2025-10-20
6389,25,4,Grilled Liver,95.57,0,2025-11-03
6390,25,4,Grilled Liver,96.34,0,2025-12-01
6391,25,4,Spicy Liver,97.63,0,2025-12-15
6392,25,4,Grilled Liver,98.71,0,2025-12-29
6393,25,1,Classic Kofta,129.38,0,2024-01-01
6394,25,1,Mixed Kofta,130.61,0,2024-01-15
6395,25,1,Mixed Kofta,132.31,0,2024-02-12
6396,25,1,Grilled Kofta Plate,133.64,0,2024-02-26
6397,25,1,Classic Kofta,126.18,1,2024-03-11
6398,25,1,Grilled Kofta Plate,127.01,0,2024-04-08
6399,25,1,Mixed Kofta,122.65,1,2024-05-06
6400,25,1,Classic Kofta,123.71,0,2024-05-20
6401,25,1,Mixed Kofta,124.54,0,2024-06-17
6402,25,1,Classic Kofta,121.2,0,2024-07-01
6403,25,1,Grilled Kofta Plate,121.81,0,2024-07-15
6404,25,1,Mixed Kofta,123.09,0,2024-07-29
6405,25,1,Classic Kofta,120.18,0,2024-08-12
6406,25,1,Classic Kofta,121.67,0,2024-08-26
6407,25,1,Grilled Kofta Plate,111.81,1,2024-09-09
6408,25,1,Classic Kofta,105.82,1,2024-09-23
6409,25,1,Classic Kofta,106.84,0,2024-11-04
6410,25,1,Classic Kofta,100.54,1,2024-12-02
6411,25,1,Mixed Kofta,101.4,0,2024-12-16
6412,25,1,Mixed Kofta,91.85,1,2024-12-30
6413,25,1,Classic Kofta,92.67,0,2025-01-13
6414,25,1,Grilled Kofta Plate,87.38,1,2025-01-27
6415,25,1,Classic Kofta,88.37,0,2025-02-10
6416,25,1,Classic Kofta,89.64,0,2025-02-24
6417,25,1,Classic Kofta,78.97,1,2025-03-10
6418,25,1,Grilled Kofta Plate,79.99,0,2025-03-24
6419,25,1,Classic Kofta,76.19,1,2025-04-07
6420,25,1,Classic Kofta,77.2,0,2025-05-05
6421,25,1,Grilled Kofta Plate,75.47,0,2025-05-19
6422,25,1,Grilled Kofta Plate,75.92,0,2025-06-16
6423,25,1,Classic Kofta,76.56,0,2025-06-30
6424,25,1,Classic Kofta,77.71,0,2025-07-14
6425,25,1,Classic Kofta,78.36,0,2025-07-28
6426,25,1,Mixed Kofta,79.32,0,2025-08-25
6427,25,1,Classic Kofta,80.27,0,2025-09-08
6428,25,1,Classic Kofta,81.35,0,2025-09-22
6429,25,1,Classic Kofta,79.85,0,2025-10-06
6430,25,1,Classic Kofta,80.52,0,2025-10-20
6431,25,1,Grilled Kofta Plate,80.94,0,2025-11-03
6432,25,1,Classic Kofta,79.79,0,2025-11-17
6433,25,1,Grilled Kofta Plate,80.29,0,2025-12-15
6434,25,1,Mixed Kofta,75.35,1,2025-12-29
6435,25,51,Giblets Sandwich,69.57,0,2024-01-01
6436,25,51,Giblets Sandwich,70.32,0,2024-01-15
6437,25,51,Giblets Sandwich,70.86,0,2024-01-29
6438,25,51,Liver Sandwich,71.3,0,2024-02-12
6439,25,51,Liver Sandwich,70.3,0,2024-02-26
6440,25,51,Spicy Liver Sub,70.8,0,2024-03-11
6441,25,51,Spicy Liver Sub,71.5,0,2024-03-25
6442,25,51,Spicy Liver Sub,64.62,1,2024-05-20
6443,25,51,Liver Sandwich,65.16,0,2024-06-03
6444,25,51,Spicy Liver Sub,65.56,0,2024-07-15
6445,25,51,Liver Sandwich,66.27,0,2024-07-29
6446,25,51,Spicy Liver Sub,65.32,0,2024-08-12
6447,25,51,Spicy Liver Sub,63.61,0,2024-09-09
6448,25,51,Liver Sandwich,64.0,0,2024-09-23
6449,25,51,Spicy Liver Sub,64.96,0,2024-10-07
6450,25,51,Liver Sandwich,65.76,0,2024-11-04
6451,25,51,Liver Sandwich,60.57,1,2024-11-18
6452,25,51,Spicy Liver Sub,61.15,0,2024-12-02
6453,25,51,Spicy Liver Sub,61.72,0,2024-12-16
6454,25,51,Giblets Sandwich,60.82,0,2024-12-30
6455,25,51,Giblets Sandwich,61.73,0,2025-02-10
6456,25,51,Giblets Sandwich,59.55,1,2025-03-24
6457,25,51,Spicy Liver Sub,59.91,0,2025-05-05
6458,25,51,Giblets Sandwich,60.8,0,2025-05-19
6459,25,51,Giblets Sandwich,59.03,0,2025-06-30
6460,25,51,Giblets Sandwich,57.35,0,2025-07-28
6461,25,51,Giblets Sandwich,58.12,0,2025-09-08
6462,25,51,Giblets Sandwich,58.77,0,2025-09-22
6463,25,51,Liver Sandwich,58.37,0,2025-10-06
6464,25,51,Liver Sandwich,58.72,0,2025-10-20
6465,25,51,Giblets Sandwich,59.05,0,2025-11-03
6466,25,51,Liver Sandwich,59.91,0,2025-11-17
6467,25,51,Spicy Liver Sub,60.42,0,2025-12-15
6468,25,51,Liver Sandwich,60.98,0,2025-12-29
6469,25,50,Beef Shawarma Sandwich,108.47,0,2024-01-01
6470,25,50,Meat Roll,109.16,0,2024-02-12
6471,25,50,Meat Roll,110.1,0,2024-03-11
6472,25,50,Meat Roll,104.16,1,2024-03-25
6473,25,50,Meat Roll,104.84,0,2024-04-22
6474,25,50,Meat Roll,102.24,0,2024-05-06
6475,25,50,Meat Roll,98.26,1,2024-06-17
6476,25,50,Meat Roll,99.46,0,2024-07-01
6477,25,50,Meat Shawarma Wrap,100.31,0,2024-07-15
6478,25,50,Meat Shawarma Wrap,101.12,0,2024-07-29
6479,25,50,Beef Shawarma Sandwich,101.64,0,2024-08-26
6480,25,50,Meat Roll,103.04,0,2024-09-09
6481,25,50,Meat Roll,104.51,0,2024-09-23
6482,25,50,Meat Roll,105.38,0,2024-10-21
6483,25,50,Meat Shawarma Wrap,106.72,0,2024-11-04
6484,25,50,Beef Shawarma Sandwich,107.26,0,2024-11-18
6485,25,50,Meat Shawarma Wrap,107.97,0,2024-12-02
6486,25,50,Meat Shawarma Wrap,100.21,1,2024-12-16
6487,25,50,Meat Shawarma Wrap,101.47,0,2024-12-30
6488,25,50,Meat Shawarma Wrap,94.17,1,2025-01-13
6489,25,50,Meat Shawarma Wrap,94.69,0,2025-02-10
6490,25,50,Meat Shawarma Wrap,95.89,0,2025-02-24
6491,25,50,Meat Shawarma Wrap,97.33,0,2025-03-24
6492,25,50,Meat Shawarma Wrap,97.93,0,2025-04-07
6493,25,50,Beef Shawarma Sandwich,98.46,0,2025-04-21
6494,25,50,Beef Shawarma Sandwich,99.26,0,2025-05-05
6495,25,50,Meat Roll,99.81,0,2025-05-19
6496,25,50,Beef Shawarma Sandwich,101.2,0,2025-06-02
6497,25,50,Meat Roll,102.23,0,2025-06-16
6498,25,50,Meat Shawarma Wrap,101.02,0,2025-07-14
6499,25,50,Meat Shawarma Wrap,101.93,0,2025-08-11
6500,25,50,Beef Shawarma Sandwich,102.61,0,2025-08-25
6501,25,50,Beef Shawarma Sandwich,103.2,0,2025-09-22
6502,25,50,Meat Shawarma Wrap,104.14,0,2025-10-06
6503,25,50,Meat Shawarma Wrap,96.73,1,2025-10-20
6504,25,50,Beef Shawarma Sandwich,97.67,0,2025-11-17
6505,25,50,Meat Shawarma Wrap,98.47,0,2025-12-01
6506,25,50,Meat Shawarma Wrap,99.93,0,2025-12-15
6507,25,50,Meat Shawarma Wrap,101.23,0,2025-12-29
6508,25,33,Mixed Grill Family,632.94,0,2024-01-01
6509,25,33,Mixed Grill Family,642.28,0,2024-01-29
6510,25,33,Family Grill Box,650.11,0,2024-02-26
6511,25,33,BBQ Family Pack,611.13,1,2024-03-11
6512,25,33,BBQ Family Pack,544.8,1,2024-03-25
6513,25,33,Family Grill Box,550.57,0,2024-04-08
6514,25,33,BBQ Family Pack,558.55,0,2024-04-22
6515,25,33,Family Grill Box,563.48,0,2024-05-20
6516,25,33,Family Grill Box,571.78,0,2024-06-17
6517,25,33,BBQ Family Pack,568.51,0,2024-07-01
6518,25,33,Family Grill Box,560.61,0,2024-07-29
6519,25,33,Family Grill Box,565.28,0,2024-09-09
6520,25,33,Mixed Grill Family,573.16,0,2024-09-23
6521,25,33,BBQ Family Pack,559.01,0,2024-10-07
6522,25,33,Family Grill Box,512.59,1,2024-10-21
6523,25,33,Family Grill Box,520.06,0,2024-11-18
6524,25,33,BBQ Family Pack,524.58,0,2024-12-16
6525,25,33,Mixed Grill Family,516.64,0,2024-12-30
6526,25,33,Family Grill Box,523.64,0,2025-01-27
6527,25,33,Family Grill Box,510.28,0,2025-02-10
6528,25,33,Family Grill Box,516.54,0,2025-02-24
6529,25,33,Mixed Grill Family,519.71,0,2025-03-10
6530,25,33,Mixed Grill Family,522.98,0,2025-04-07
6531,25,33,Mixed Grill Family,529.75,0,2025-04-21
6532,25,33,BBQ Family Pack,535.34,0,2025-05-05
6533,25,33,Family Grill Box,540.69,0,2025-05-19
6534,25,33,Mixed Grill Family,535.31,0,2025-06-16
6535,25,33,Family Grill Box,541.72,0,2025-06-30
6536,25,33,Family Grill Box,545.19,0,2025-07-14
6537,25,33,Family Grill Box,551.32,0,2025-07-28
6538,25,33,Mixed Grill Family,527.22,1,2025-08-11
6539,25,33,Mixed Grill Family,532.69,0,2025-08-25
6540,25,33,Mixed Grill Family,508.35,1,2025-09-08
6541,25,33,Mixed Grill Family,511.74,0,2025-10-06
6542,25,33,Mixed Grill Family,461.03,1,2025-10-20
6543,25,33,Mixed Grill Family,465.32,0,2025-11-17
6544,25,33,Mixed Grill Family,468.36,0,2025-12-29
6545,25,3,Roasted Chicken,165.82,0,2024-01-01
6546,25,3,Half Chicken,167.79,0,2024-02-12
6547,25,3,Roasted Chicken,156.82,1,2024-03-25
6548,25,3,Roasted Chicken,157.65,0,2024-04-22
6549,25,3,Roasted Chicken,158.87,0,2024-05-06
6550,25,3,Half Chicken,161.04,0,2024-05-20
6551,25,3,Roasted Chicken,146.31,1,2024-06-03
6552,25,3,Grilled Chicken,147.26,0,2024-06-17
6553,25,3,Roasted Chicken,148.51,0,2024-07-15
6554,25,3,Grilled Chicken,144.82,0,2024-08-26
6555,25,3,Half Chicken,146.53,0,2024-09-23
6556,25,3,Half Chicken,148.3,0,2024-10-21
6557,25,3,Grilled Chicken,150.19,0,2024-11-04
6558,25,3,Roasted Chicken,151.33,0,2024-12-16
6559,25,3,Grilled Chicken,152.99,0,2024-12-30
6560,25,3,Roasted Chicken,154.22,0,2025-01-13
6561,25,3,Roasted Chicken,152.59,0,2025-03-10
6562,25,3,Roasted Chicken,147.48,1,2025-04-07
6563,25,3,Grilled Chicken,139.8,1,2025-04-21
6564,25,3,Roasted Chicken,136.19,0,2025-05-19
6565,25,3,Grilled Chicken,137.76,0,2025-06-02
6566,25,3,Grilled Chicken,139.6,0,2025-06-16
6567,25,3,Roasted Chicken,138.63,0,2025-07-28
6568,25,3,Roasted Chicken,136.98,0,2025-08-25
6569,25,3,Grilled Chicken,137.91,0,2025-09-08
6570,25,3,Grilled Chicken,139.94,0,2025-09-22
6571,25,3,Grilled Chicken,141.22,0,2025-10-06
6572,25,3,Grilled Chicken,142.52,0,2025-11-03
6573,25,3,Grilled Chicken,143.39,0,2025-11-17
6574,25,3,Grilled Chicken,145.22,0,2025-12-15
6575,26,29,Konafa Plate,66.26,0,2024-01-01
6576,26,29,Sweet Kunafa,66.98,0,2024-01-15
6577,26,29,Konafa Plate,62.17,1,2024-02-12
6578,26,29,Kunafa,62.89,0,2024-02-26
6579,26,29,Sweet Kunafa,59.27,1,2024-03-11
6580,26,29,Konafa Plate,59.84,0,2024-03-25
6581,26,29,Konafa Plate,60.51,0,2024-04-22
6582,26,29,Konafa Plate,61.1,0,2024-05-06
6583,26,29,Konafa Plate,56.3,1,2024-05-20
6584,26,29,Kunafa,56.68,0,2024-06-03
6585,26,29,Sweet Kunafa,57.12,0,2024-06-17
6586,26,29,Kunafa,55.89,0,2024-07-01
6587,26,29,Sweet Kunafa,56.48,0,2024-07-15
6588,26,29,Sweet Kunafa,57.07,0,2024-08-26
6589,26,29,Sweet Kunafa,57.81,0,2024-09-23
6590,26,29,Sweet Kunafa,58.25,0,2024-10-07
6591,26,29,Konafa Plate,59.1,0,2024-11-04
6592,26,29,Kunafa,53.65,1,2024-11-18
6593,26,29,Sweet Kunafa,54.33,0,2025-01-13
6594,26,29,Konafa Plate,53.24,0,2025-01-27
6595,26,29,Konafa Plate,53.63,0,2025-02-10
6596,26,29,Sweet Kunafa,53.9,0,2025-04-07
6597,26,29,Sweet Kunafa,53.57,0,2025-04-21
6598,26,29,Konafa Plate,54.15,0,2025-06-02
6599,26,29,Sweet Kunafa,54.85,0,2025-06-16
6600,26,29,Konafa Plate,55.56,0,2025-06-30
6601,26,29,Kunafa,55.88,0,2025-07-14
6602,26,29,Sweet Kunafa,56.23,0,2025-07-28
6603,26,29,Konafa Plate,56.95,0,2025-08-11
6604,26,29,Konafa Plate,57.48,0,2025-08-25
6605,26,29,Kunafa,58.12,0,2025-09-22
6606,26,29,Sweet Kunafa,58.71,0,2025-10-06
6607,26,29,Konafa Plate,59.57,0,2025-10-20
6608,26,29,Kunafa,60.14,0,2025-12-01
6609,26,29,Konafa Plate,56.38,1,2025-12-15
6610,26,51,Giblets Sandwich,72.77,0,2024-01-01
6611,26,51,Giblets Sandwich,73.77,0,2024-01-15
6612,26,51,Liver Sandwich,67.48,1,2024-02-26
6613,26,51,Spicy Liver Sub,67.98,0,2024-03-11
6614,26,51,Giblets Sandwich,68.34,0,2024-04-08
6615,26,51,Spicy Liver Sub,68.72,0,2024-05-06
6616,26,51,Giblets Sandwich,67.97,0,2024-05-20
6617,26,51,Liver Sandwich,68.54,0,2024-06-03
6618,26,51,Spicy Liver Sub,68.98,0,2024-07-01
6619,26,51,Spicy Liver Sub,69.9,0,2024-07-29
6620,26,51,Liver Sandwich,70.94,0,2024-08-12
6621,26,51,Liver Sandwich,71.35,0,2024-08-26
6622,26,51,Liver Sandwich,72.11,0,2024-09-09
6623,26,51,Spicy Liver Sub,72.99,0,2024-09-23
6624,26,51,Spicy Liver Sub,73.46,0,2024-11-04
6625,26,51,Spicy Liver Sub,74.33,0,2024-11-18
6626,26,51,Liver Sandwich,75.05,0,2024-12-16
6627,26,51,Spicy Liver Sub,76.0,0,2024-12-30
6628,26,51,Liver Sandwich,69.94,1,2025-01-27
6629,26,51,Spicy Liver Sub,70.95,0,2025-02-10
6630,26,51,Giblets Sandwich,71.78,0,2025-02-24
6631,26,51,Giblets Sandwich,72.4,0,2025-03-10
6632,26,51,Spicy Liver Sub,70.88,0,2025-04-21
6633,26,51,Spicy Liver Sub,71.72,0,2025-05-05
6634,26,51,Liver Sandwich,67.16,1,2025-06-02
6635,26,51,Spicy Liver Sub,67.93,0,2025-06-30
6636,26,51,Spicy Liver Sub,66.36,0,2025-07-28
6637,26,51,Liver Sandwich,66.84,0,2025-09-08
6638,26,51,Giblets Sandwich,67.6,0,2025-09-22
6639,26,51,Giblets Sandwich,68.06,0,2025-11-03
6640,26,51,Spicy Liver Sub,68.47,0,2025-12-15
6641,26,50,Meat Roll,86.68,0,2024-01-15
6642,26,50,Meat Roll,82.31,1,2024-02-12
6643,26,50,Beef Shawarma Sandwich,83.11,0,2024-02-26
6644,26,50,Meat Shawarma Wrap,74.4,1,2024-03-11
6645,26,50,Meat Roll,75.01,0,2024-04-08
6646,26,50,Meat Roll,74.52,0,2024-04-22
6647,26,50,Meat Shawarma Wrap,75.38,0,2024-05-06
6648,26,50,Meat Shawarma Wrap,71.26,1,2024-05-20
6649,26,50,Meat Roll,71.66,0,2024-06-17
6650,26,50,Meat Shawarma Wrap,72.13,0,2024-07-01
6651,26,50,Meat Shawarma Wrap,72.62,0,2024-07-15
6652,26,50,Meat Roll,71.16,0,2024-07-29
6653,26,50,Meat Roll,68.77,1,2024-08-12
6654,26,50,Beef Shawarma Sandwich,69.2,0,2024-08-26
6655,26,50,Meat Shawarma Wrap,69.98,0,2024-09-09
6656,26,50,Meat Roll,70.76,0,2024-10-07
6657,26,50,Meat Roll,68.34,1,2024-10-21
6658,26,50,Beef Shawarma Sandwich,64.94,1,2024-11-04
6659,26,50,Beef Shawarma Sandwich,65.38,0,2024-11-18
6660,26,50,Meat Shawarma Wrap,60.24,1,2024-12-02
6661,26,50,Beef Shawarma Sandwich,60.81,0,2024-12-16
6662,26,50,Meat Roll,61.7,0,2024-12-30
6663,26,50,Meat Roll,62.44,0,2025-01-13
6664,26,50,Beef Shawarma Sandwich,62.79,0,2025-02-10
6665,26,50,Meat Roll,61.73,0,2025-02-24
6666,26,50,Meat Roll,57.66,1,2025-03-10
6667,26,50,Meat Roll,54.62,1,2025-03-24
6668,26,50,Meat Shawarma Wrap,52.13,1,2025-04-07
6669,26,50,Beef Shawarma Sandwich,50.98,0,2025-05-19
6670,26,50,Meat Roll,51.31,0,2025-06-02
6671,26,50,Beef Shawarma Sandwich,51.72,0,2025-06-30
6672,26,50,Beef Shawarma Sandwich,52.38,0,2025-07-14
6673,26,50,Meat Shawarma Wrap,52.69,0,2025-08-25
6674,26,50,Beef Shawarma Sandwich,53.47,0,2025-11-03
6675,26,50,Meat Roll,54.24,0,2025-11-17
6676,26,50,Meat Shawarma Wrap,52.25,1,2025-12-01
6677,26,50,Meat Roll,47.45,1,2025-12-15
6678,26,50,Beef Shawarma Sandwich,47.83,0,2025-12-29
6679,26,39,Crunchy Chicken,113.52,1,2024-01-01
6680,26,39,Crispy Chicken,114.82,0,2024-01-15
6681,26,39,Fried Chicken,116.04,0,2024-01-29
6682,26,39,Crunchy Chicken,116.77,0,2024-04-08
6683,26,39,Crunchy Chicken,110.24,1,2024-04-22
6684,26,39,Crunchy Chicken,107.94,0,2024-05-20
6685,26,39,Fried Chicken,109.35,0,2024-06-03
6686,26,39,Crispy Chicken,110.54,0,2024-06-17
6687,26,39,Fried Chicken,111.1,0,2024-07-01
6688,26,39,Fried Chicken,107.71,1,2024-07-29
6689,26,39,Crispy Chicken,109.18,0,2024-08-12
6690,26,39,Crispy Chicken,100.97,1,2024-09-09
6691,26,39,Crispy Chicken,101.95,0,2024-09-23
6692,26,39,Crispy Chicken,102.57,0,2024-10-07
6693,26,39,Fried Chicken,103.8,0,2024-11-04
6694,26,39,Crispy Chicken,104.95,0,2024-11-18
6695,26,39,Fried Chicken,97.5,1,2024-12-02
6696,26,39,Crunchy Chicken,98.95,0,2024-12-16
6697,26,39,Crunchy Chicken,97.57,0,2024-12-30
6698,26,39,Fried Chicken,98.11,0,2025-01-27
6699,26,39,Crispy Chicken,96.2,0,2025-02-10
6700,26,39,Crunchy Chicken,93.27,1,2025-02-24
6701,26,39,Fried Chicken,87.8,1,2025-03-10
6702,26,39,Crispy Chicken,88.51,0,2025-03-24
6703,26,39,Crispy Chicken,89.21,0,2025-04-07
6704,26,39,Crispy Chicken,90.12,0,2025-04-21
6705,26,39,Crispy Chicken,90.92,0,2025-05-05
6706,26,39,Fried Chicken,92.05,0,2025-06-02
6707,26,39,Crispy Chicken,93.13,0,2025-06-16
6708,26,39,Fried Chicken,89.5,1,2025-06-30
6709,26,39,Crunchy Chicken,90.7,0,2025-07-14
6710,26,39,Crunchy Chicken,91.23,0,2025-07-28
6711,26,39,Crunchy Chicken,92.31,0,2025-09-22
6712,26,39,Fried Chicken,93.68,0,2025-10-06
6713,26,39,Crispy Chicken,94.35,0,2025-10-20
6714,26,39,Crunchy Chicken,95.19,0,2025-11-03
6715,26,39,Crispy Chicken,95.9,0,2025-12-01
6716,26,39,Fried Chicken,96.81,0,2025-12-29
6717,26,60,Lamb Feast,747.04,0,2024-02-12
6718,26,60,Lamb Family Meal,737.86,0,2024-02-26
6719,26,60,Lamb Family Meal,747.98,0,2024-03-11
6720,26,60,Lamb Family Meal,755.95,0,2024-03-25
6721,26,60,Lamb Feast,731.28,1,2024-04-08
6722,26,60,Lamb Feast,739.13,0,2024-04-22
6723,26,60,Lamb Family Meal,678.46,1,2024-05-06
6724,26,60,Lamb Family Meal,686.06,0,2024-06-17
6725,26,60,Lamb Family Meal,695.67,0,2024-07-01
6726,26,60,Lamb Feast,704.26,0,2024-07-15
6727,26,60,Family Lamb Platter,711.98,0,2024-07-29
6728,26,60,Family Lamb Platter,717.66,0,2024-09-09
6729,26,60,Lamb Feast,724.88,0,2024-09-23
6730,26,60,Family Lamb Platter,730.11,0,2024-10-07
6731,26,60,Lamb Feast,739.65,0,2024-11-04
6732,26,60,Family Lamb Platter,746.15,0,2024-11-18
6733,26,60,Lamb Family Meal,756.67,0,2024-12-16
6734,26,60,Lamb Family Meal,762.77,0,2024-12-30
6735,26,60,Family Lamb Platter,724.68,1,2025-01-13
6736,26,60,Lamb Family Meal,729.5,0,2025-01-27
6737,26,60,Family Lamb Platter,739.19,0,2025-02-10
6738,26,60,Lamb Feast,750.12,0,2025-02-24
6739,26,60,Family Lamb Platter,698.74,1,2025-03-10
6740,26,60,Lamb Family Meal,709.0,0,2025-03-24
6741,26,60,Family Lamb Platter,718.47,0,2025-04-07
6742,26,60,Lamb Family Meal,725.38,0,2025-04-21
6743,26,60,Lamb Family Meal,707.09,0,2025-05-05
6744,26,60,Family Lamb Platter,714.89,0,2025-06-16
6745,26,60,Family Lamb Platter,666.72,1,2025-08-25
6746,26,60,Family Lamb Platter,675.02,0,2025-09-08
6747,26,60,Lamb Family Meal,683.22,0,2025-09-22
6748,26,60,Family Lamb Platter,690.97,0,2025-10-06
6749,26,60,Lamb Family Meal,695.22,0,2025-11-03
6750,26,60,Lamb Family Meal,654.43,1,2025-11-17
6751,26,60,Lamb Feast,660.94,0,2025-12-01
6752,26,60,Family Lamb Platter,618.34,1,2025-12-15
6753,26,5,Mixed Grill Platter,165.0,0,2024-01-29
6754,26,5,Grill Combo,166.31,0,2024-02-12
6755,26,5,Grill Combo,167.52,0,2024-02-26
6756,26,5,Mixed Grill Platter,169.25,0,2024-03-11
6757,26,5,Mixed Grill Platter,171.02,0,2024-03-25
6758,26,5,Grill Combo,172.17,0,2024-04-08
6759,26,5,BBQ Mix,173.17,0,2024-04-22
6760,26,5,Grill Combo,175.63,0,2024-05-06
6761,26,5,BBQ Mix,177.74,0,2024-05-20
6762,26,5,Mixed Grill Platter,180.35,0,2024-06-03
6763,26,5,Grill Combo,182.11,0,2024-06-17
6764,26,5,BBQ Mix,183.06,0,2024-07-01
6765,26,5,Mixed Grill Platter,169.52,1,2024-07-15
6766,26,5,Grill Combo,164.84,0,2024-08-12
6767,26,5,BBQ Mix,165.77,0,2024-08-26
6768,26,5,BBQ Mix,167.4,0,2024-09-09
6769,26,5,BBQ Mix,169.54,0,2024-09-23
6770,26,5,BBQ Mix,161.15,1,2024-10-07
6771,26,5,Grill Combo,162.33,0,2024-10-21
6772,26,5,Grill Combo,163.42,0,2024-11-04
6773,26,5,BBQ Mix,164.29,0,2024-11-18
6774,26,5,BBQ Mix,162.44,0,2024-12-02
6775,26,5,Grill Combo,163.78,0,2024-12-16
6776,26,5,Mixed Grill Platter,165.65,0,2024-12-30
6777,26,5,BBQ Mix,167.43,0,2025-01-27
6778,26,5,Mixed Grill Platter,169.52,0,2025-02-10
6779,26,5,Mixed Grill Platter,170.78,0,2025-02-24
6780,26,5,Grill Combo,163.12,1,2025-03-10
6781,26,5,Grill Combo,152.89,1,2025-03-24
6782,26,5,Grill Combo,154.5,0,2025-04-07
6783,26,5,Mixed Grill Platter,141.25,1,2025-04-21
6784,26,5,Grill Combo,142.44,0,2025-05-05
6785,26,5,Mixed Grill Platter,144.11,0,2025-05-19
6786,26,5,Grill Combo,145.74,0,2025-06-02
6787,26,5,BBQ Mix,147.82,0,2025-07-14
6788,26,5,Grill Combo,149.65,0,2025-07-28
6789,26,5,BBQ Mix,148.51,0,2025-08-11
6790,26,5,BBQ Mix,149.6,0,2025-08-25
6791,26,5,Mixed Grill Platter,142.28,1,2025-09-08
6792,26,5,Mixed Grill Platter,143.51,0,2025-09-22
6793,26,5,BBQ Mix,145.64,0,2025-11-03
6794,26,5,Grill Combo,142.57,0,2025-11-17
6795,26,5,BBQ Mix,144.66,0,2025-12-01
6796,26,5,BBQ Mix,145.64,0,2025-12-15
6797,26,40,Margherita,136.43,0,2024-01-15
6798,26,40,Classic Pizza,137.73,0,2024-01-29
6799,26,40,Cheese Pizza,136.36,0,2024-02-26
6800,26,40,Cheese Pizza,137.55,0,2024-03-11
6801,26,40,Margherita,139.33,0,2024-04-08
6802,26,40,Classic Pizza,140.29,0,2024-04-22
6803,26,40,Cheese Pizza,141.84,0,2024-05-06
6804,26,40,Classic Pizza,143.34,0,2024-05-20
6805,26,40,Margherita,134.07,1,2024-06-17
6806,26,40,Classic Pizza,135.19,0,2024-07-01
6807,26,40,Margherita,136.16,0,2024-07-15
6808,26,40,Classic Pizza,137.66,0,2024-07-29
6809,26,40,Classic Pizza,138.38,0,2024-08-12
6810,26,40,Cheese Pizza,140.14,0,2024-08-26
6811,26,40,Cheese Pizza,140.86,0,2024-09-09
6812,26,40,Margherita,142.11,0,2024-09-23
6813,26,40,Classic Pizza,144.21,0,2024-10-07
6814,26,40,Classic Pizza,145.71,0,2024-10-21
6815,26,40,Classic Pizza,147.62,0,2024-11-04
6816,26,40,Classic Pizza,148.76,0,2024-12-16
6817,26,40,Cheese Pizza,135.4,1,2025-01-13
6818,26,40,Cheese Pizza,136.12,0,2025-01-27
6819,26,40,Cheese Pizza,136.83,0,2025-02-10
6820,26,40,Margherita,137.92,0,2025-02-24
6821,26,40,Margherita,139.66,0,2025-03-10
6822,26,40,Margherita,140.64,0,2025-04-21
6823,26,40,Cheese Pizza,130.69,1,2025-05-05
6824,26,40,Cheese Pizza,132.13,0,2025-06-16
6825,26,40,Classic Pizza,133.21,0,2025-06-30
6826,26,40,Margherita,134.73,0,2025-07-14
6827,26,40,Margherita,135.77,0,2025-07-28
6828,26,40,Classic Pizza,137.6,0,2025-08-11
6829,26,40,Cheese Pizza,133.5,0,2025-09-08
6830,26,40,Margherita,134.94,0,2025-09-22
6831,26,40,Margherita,136.37,0,2025-10-06
6832,26,40,Cheese Pizza,123.38,1,2025-10-20
6833,26,40,Margherita,124.08,0,2025-11-17
6834,26,40,Cheese Pizza,125.62,0,2025-12-01
6835,26,40,Cheese Pizza,124.66,0,2025-12-15
6836,26,40,Classic Pizza,122.37,0,2025-12-29
6837,26,28,Egyptian Bread Pudding,67.89,0,2024-01-01
6838,26,28,Egyptian Bread Pudding,68.74,0,2024-01-29
6839,26,28,Egyptian Bread Pudding,69.25,0,2024-02-12
6840,26,28,Om Ali Dessert,70.27,0,2024-02-26
6841,26,28,Egyptian Bread Pudding,67.07,1,2024-03-25
6842,26,28,Om Ali Dessert,67.71,0,2024-04-08
6843,26,28,Om Ali Dessert,68.62,0,2024-04-22
6844,26,28,Om Ali Dessert,63.42,1,2024-05-20
6845,26,28,Egyptian Bread Pudding,64.35,0,2024-06-17
6846,26,28,Om Ali,62.88,0,2024-07-01
6847,26,28,Om Ali Dessert,63.68,0,2024-07-15
6848,26,28,Egyptian Bread Pudding,62.5,0,2024-07-29
6849,26,28,Egyptian Bread Pudding,63.2,0,2024-08-12
6850,26,28,Om Ali,59.33,1,2024-08-26
6851,26,28,Om Ali Dessert,57.57,0,2024-09-09
6852,26,28,Egyptian Bread Pudding,57.86,0,2024-09-23
6853,26,28,Om Ali Dessert,58.59,0,2024-10-07
6854,26,28,Om Ali,59.32,0,2024-12-02
6855,26,28,Om Ali,59.65,0,2024-12-30
6856,26,28,Egyptian Bread Pudding,60.53,0,2025-01-13
6857,26,28,Om Ali,61.02,0,2025-02-10
6858,26,28,Egyptian Bread Pudding,61.36,0,2025-03-10
6859,26,28,Om Ali,61.79,0,2025-03-24
6860,26,28,Egyptian Bread Pudding,62.12,0,2025-04-07
6861,26,28,Egyptian Bread Pudding,62.76,0,2025-04-21
6862,26,28,Om Ali Dessert,63.2,0,2025-06-02
6863,26,28,Om Ali,63.64,0,2025-06-16
6864,26,28,Om Ali Dessert,64.11,0,2025-06-30
6865,26,28,Om Ali,65.0,0,2025-07-28
6866,26,28,Om Ali,65.47,0,2025-09-08
6867,26,28,Egyptian Bread Pudding,66.34,0,2025-09-22
6868,26,28,Om Ali Dessert,62.77,1,2025-10-20
6869,26,28,Egyptian Bread Pudding,62.36,0,2025-11-17
6870,27,50,Beef Shawarma Sandwich,80.33,1,2024-01-01
6871,27,50,Beef Shawarma Sandwich,81.47,0,2024-01-15
6872,27,50,Meat Roll,79.1,0,2024-02-12
6873,27,50,Meat Shawarma Wrap,72.49,1,2024-02-26
6874,27,50,Meat Shawarma Wrap,64.08,1,2024-04-08
6875,27,50,Meat Shawarma Wrap,64.51,0,2024-04-22
6876,27,50,Meat Roll,64.94,0,2024-05-06
6877,27,50,Meat Shawarma Wrap,65.37,0,2024-05-20
6878,27,50,Meat Shawarma Wrap,65.75,0,2024-07-15
6879,27,50,Meat Shawarma Wrap,66.59,0,2024-07-29
6880,27,50,Meat Shawarma Wrap,62.48,1,2024-08-26
6881,27,50,Beef Shawarma Sandwich,62.82,0,2024-09-09
6882,27,50,Beef Shawarma Sandwich,63.41,0,2024-10-07
6883,27,50,Meat Shawarma Wrap,64.2,0,2024-11-04
6884,27,50,Meat Shawarma Wrap,64.97,0,2024-11-18
6885,27,50,Meat Roll,65.76,0,2024-12-16
6886,27,50,Meat Roll,59.76,1,2024-12-30
6887,27,50,Meat Roll,55.67,1,2025-01-13
6888,27,50,Meat Shawarma Wrap,56.1,0,2025-02-10
6889,27,50,Beef Shawarma Sandwich,56.55,0,2025-03-10
6890,27,50,Meat Shawarma Wrap,56.89,0,2025-04-21
6891,27,50,Meat Roll,57.23,0,2025-05-19
6892,27,50,Meat Roll,57.84,0,2025-06-02
6893,27,50,Meat Shawarma Wrap,58.6,0,2025-06-16
6894,27,50,Meat Shawarma Wrap,53.2,1,2025-06-30
6895,27,50,Meat Roll,49.89,1,2025-07-28
6896,27,50,Beef Shawarma Sandwich,50.42,0,2025-08-11
6897,27,50,Meat Shawarma Wrap,50.87,0,2025-10-20
6898,27,50,Meat Roll,51.19,0,2025-11-03
6899,27,50,Beef Shawarma Sandwich,50.85,0,2025-12-29
6900,27,5,Grill Combo,210.68,0,2024-01-01
6901,27,5,Grill Combo,198.02,1,2024-01-29
6902,27,5,BBQ Mix,199.59,0,2024-02-12
6903,27,5,BBQ Mix,202.3,0,2024-02-26
6904,27,5,BBQ Mix,204.49,0,2024-03-11
6905,27,5,BBQ Mix,206.08,0,2024-04-22
6906,27,5,Grill Combo,204.86,0,2024-05-06
6907,27,5,Grill Combo,206.33,0,2024-05-20
6908,27,5,Grill Combo,203.92,0,2024-06-17
6909,27,5,Mixed Grill Platter,206.23,0,2024-07-15
6910,27,5,BBQ Mix,202.0,0,2024-08-12
6911,27,5,Mixed Grill Platter,203.41,0,2024-08-26
6912,27,5,Mixed Grill Platter,204.81,0,2024-09-23
6913,27,5,BBQ Mix,206.79,0,2024-10-07
6914,27,5,Mixed Grill Platter,209.38,0,2024-11-04
6915,27,5,BBQ Mix,200.63,1,2024-12-02
6916,27,5,Mixed Grill Platter,202.92,0,2025-01-13
6917,27,5,Grill Combo,205.48,0,2025-01-27
6918,27,5,Mixed Grill Platter,207.23,0,2025-02-10
6919,27,5,Mixed Grill Platter,205.88,0,2025-02-24
6920,27,5,BBQ Mix,207.65,0,2025-03-10
6921,27,5,BBQ Mix,203.95,0,2025-04-07
6922,27,5,Grill Combo,206.91,0,2025-04-21
6923,27,5,BBQ Mix,208.08,0,2025-05-19
6924,27,5,Grill Combo,189.08,1,2025-06-02
6925,27,5,Grill Combo,180.0,1,2025-06-30
6926,27,5,BBQ Mix,181.65,0,2025-07-14
6927,27,5,BBQ Mix,183.37,0,2025-07-28
6928,27,5,Mixed Grill Platter,185.48,0,2025-08-11
6929,27,5,Mixed Grill Platter,187.38,0,2025-08-25
6930,27,5,Mixed Grill Platter,189.71,0,2025-10-06
6931,27,5,Grill Combo,191.85,0,2025-10-20
6932,27,5,Mixed Grill Platter,180.57,1,2025-11-03
6933,27,5,Mixed Grill Platter,177.44,0,2025-11-17
6934,27,5,BBQ Mix,178.43,0,2025-12-01
6935,27,39,Crunchy Chicken,114.67,0,2024-01-29
6936,27,39,Fried Chicken,116.16,0,2024-02-12
6937,27,39,Crispy Chicken,117.33,0,2024-02-26
6938,27,39,Fried Chicken,108.1,1,2024-03-11
6939,27,39,Crunchy Chicken,109.09,0,2024-03-25
6940,27,39,Crispy Chicken,110.54,0,2024-04-08
6941,27,39,Crunchy Chicken,101.47,1,2024-04-22
6942,27,39,Crunchy Chicken,93.3,1,2024-05-06
6943,27,39,Crispy Chicken,94.67,0,2024-05-20
6944,27,39,Crispy Chicken,93.83,0,2024-06-03
6945,27,39,Fried Chicken,95.23,0,2024-07-01
6946,27,39,Fried Chicken,95.84,0,2024-07-15
6947,27,39,Crispy Chicken,97.23,0,2024-07-29
6948,27,39,Crunchy Chicken,89.42,1,2024-08-26
6949,27,39,Crispy Chicken,90.26,0,2024-09-09
6950,27,39,Crispy Chicken,91.25,0,2024-11-04
6951,27,39,Crunchy Chicken,91.89,0,2024-11-18
6952,27,39,Crispy Chicken,93.26,0,2025-01-13
6953,27,39,Crispy Chicken,94.0,0,2025-01-27
6954,27,39,Crunchy Chicken,94.54,0,2025-02-10
6955,27,39,Crunchy Chicken,95.44,0,2025-04-21
6956,27,39,Crispy Chicken,96.65,0,2025-05-05
6957,27,39,Crispy Chicken,91.05,1,2025-05-19
6958,27,39,Fried Chicken,89.99,0,2025-06-02
6959,27,39,Fried Chicken,91.19,0,2025-06-16
6960,27,39,Crispy Chicken,83.19,1,2025-06-30
6961,27,39,Fried Chicken,84.15,0,2025-07-14
6962,27,39,Crispy Chicken,77.61,1,2025-08-11
6963,27,39,Fried Chicken,78.68,0,2025-08-25
6964,27,39,Fried Chicken,79.14,0,2025-09-22
6965,27,39,Fried Chicken,76.39,1,2025-10-20
6966,27,39,Crunchy Chicken,77.03,0,2025-11-03
6967,27,39,Crispy Chicken,76.52,0,2025-11-17
6968,27,39,Crunchy Chicken,77.49,0,2025-12-01
6969,27,39,Fried Chicken,78.05,0,2025-12-15
6970,27,39,Crunchy Chicken,79.17,0,2025-12-29
6971,27,52,Kofta Roll,65.17,1,2024-01-15
6972,27,52,Kofta Roll,65.55,0,2024-01-29
6973,27,52,Kofta Roll,59.52,1,2024-03-25
6974,27,52,Grilled Kofta Sub,60.29,0,2024-04-08
6975,27,52,Kofta Roll,60.8,0,2024-04-22
6976,27,52,Grilled Kofta Sub,59.79,0,2024-05-06
6977,27,52,Kofta Sandwich,60.47,0,2024-05-20
6978,27,52,Grilled Kofta Sub,61.01,0,2024-06-03
6979,27,52,Kofta Sandwich,61.43,0,2024-07-01
6980,27,52,Grilled Kofta Sub,61.85,0,2024-07-15
6981,27,52,Kofta Sandwich,56.76,1,2024-08-12
6982,27,52,Kofta Sandwich,57.21,0,2024-08-26
6983,27,52,Grilled Kofta Sub,56.83,0,2024-09-09
6984,27,52,Kofta Roll,52.2,1,2024-09-23
6985,27,52,Grilled Kofta Sub,52.56,0,2024-10-07
6986,27,52,Grilled Kofta Sub,52.98,0,2024-11-04
6987,27,52,Kofta Roll,47.77,1,2024-11-18
6988,27,52,Kofta Sandwich,44.8,1,2024-12-16
6989,27,52,Kofta Sandwich,44.09,0,2025-01-27
6990,27,52,Kofta Sandwich,41.5,1,2025-02-10
6991,27,52,Kofta Roll,42.0,0,2025-02-24
6992,27,52,Kofta Sandwich,42.59,0,2025-04-07
6993,27,52,Grilled Kofta Sub,42.99,0,2025-05-05
6994,27,52,Kofta Roll,43.57,0,2025-05-19
6995,27,52,Kofta Sandwich,44.05,0,2025-06-30
6996,27,52,Kofta Roll,44.39,0,2025-07-14
6997,27,52,Kofta Sandwich,44.79,0,2025-07-28
6998,27,52,Grilled Kofta Sub,45.35,0,2025-08-25
6999,27,52,Grilled Kofta Sub,44.52,0,2025-09-08
7000,27,52,Kofta Sandwich,45.02,0,2025-11-03
7001,27,52,Grilled Kofta Sub,45.3,0,2025-11-17
7002,27,52,Kofta Roll,45.64,0,2025-12-01
7003,27,52,Kofta Roll,46.21,0,2025-12-15
7004,27,30,Sweet Qatayef,61.12,0,2024-01-29
7005,27,30,Qatayef,57.19,1,2024-02-12
7006,27,30,Ramadan Pancake,57.56,0,2024-03-11
7007,27,30,Qatayef,57.99,0,2024-03-25
7008,27,30,Qatayef,57.26,0,2024-04-08
7009,27,30,Sweet Qatayef,57.6,0,2024-04-22
7010,27,30,Ramadan Pancake,58.28,0,2024-05-06
7011,27,30,Ramadan Pancake,58.63,0,2024-05-20
7012,27,30,Qatayef,59.09,0,2024-07-01
7013,27,30,Sweet Qatayef,59.43,0,2024-07-15
7014,27,30,Sweet Qatayef,53.61,1,2024-08-12
7015,27,30,Ramadan Pancake,54.13,0,2024-08-26
7016,27,30,Ramadan Pancake,54.73,0,2024-09-09
7017,27,30,Ramadan Pancake,55.13,0,2024-09-23
7018,27,30,Qatayef,55.69,0,2024-10-07
7019,27,30,Qatayef,56.52,0,2024-11-18
7020,27,30,Ramadan Pancake,57.28,0,2024-12-02
7021,27,30,Ramadan Pancake,57.72,0,2024-12-30
7022,27,30,Qatayef,58.56,0,2025-01-13
7023,27,30,Sweet Qatayef,59.18,0,2025-01-27
7024,27,30,Sweet Qatayef,59.55,0,2025-02-10
7025,27,30,Sweet Qatayef,60.14,0,2025-02-24
7026,27,30,Sweet Qatayef,60.66,0,2025-03-24
7027,27,30,Qatayef,61.39,0,2025-04-07
7028,27,30,Ramadan Pancake,61.73,0,2025-04-21
7029,27,30,Qatayef,62.61,0,2025-06-02
7030,27,30,Ramadan Pancake,63.48,0,2025-06-30
7031,27,30,Sweet Qatayef,64.32,0,2025-07-14
7032,27,30,Qatayef,64.82,0,2025-07-28
7033,27,30,Sweet Qatayef,65.65,0,2025-08-11
7034,27,30,Sweet Qatayef,66.28,0,2025-08-25
7035,27,30,Qatayef,60.62,1,2025-09-22
7036,27,30,Ramadan Pancake,59.13,0,2025-10-06
7037,27,30,Ramadan Pancake,54.85,1,2025-10-20
7038,27,30,Ramadan Pancake,54.32,0,2025-11-03
7039,27,30,Ramadan Pancake,54.74,0,2025-11-17
7040,27,30,Sweet Qatayef,55.19,0,2025-12-15
7041,28,53,Falafel Sub,39.46,0,2024-01-15
7042,28,53,Falafel Sub,39.78,0,2024-02-12
7043,28,53,Taameya Sandwich,39.98,0,2024-02-26
7044,28,53,Falafel Sub,36.45,1,2024-03-11
7045,28,53,Falafel Sub,34.45,1,2024-03-25
7046,28,53,Falafel Sandwich,33.02,1,2024-04-08
7047,28,53,Falafel Sub,33.28,0,2024-04-22
7048,28,53,Falafel Sandwich,32.66,0,2024-05-06
7049,28,53,Falafel Sub,32.88,0,2024-05-20
7050,28,53,Falafel Sub,33.36,0,2024-06-03
7051,28,53,Falafel Sandwich,33.68,0,2024-06-17
7052,28,53,Taameya Sandwich,34.12,0,2024-07-01
7053,28,53,Taameya Sandwich,34.4,0,2024-08-12
7054,28,53,Falafel Sub,34.78,0,2024-08-26
7055,28,53,Falafel Sandwich,35.24,0,2024-09-23
7056,28,53,Taameya Sandwich,35.69,0,2024-11-18
7057,28,53,Falafel Sub,36.02,0,2024-12-02
7058,28,53,Falafel Sandwich,36.37,0,2024-12-16
7059,28,53,Falafel Sub,36.59,0,2024-12-30
7060,28,53,Taameya Sandwich,33.27,1,2025-01-13
7061,28,53,Taameya Sandwich,33.67,0,2025-01-27
7062,28,53,Falafel Sandwich,31.01,1,2025-02-10
7063,28,53,Falafel Sandwich,29.14,1,2025-02-24
7064,28,53,Falafel Sandwich,25.74,1,2025-03-10
7065,28,53,Falafel Sub,23.21,1,2025-03-24
7066,28,53,Taameya Sandwich,23.39,0,2025-04-21
7067,28,53,Falafel Sandwich,23.54,0,2025-05-05
7068,28,53,Taameya Sandwich,22.49,1,2025-05-19
7069,28,53,Falafel Sub,22.81,0,2025-06-02
7070,28,53,Falafel Sandwich,22.06,1,2025-06-30
7071,28,53,Falafel Sub,22.18,0,2025-07-14
7072,28,53,Falafel Sub,22.45,0,2025-08-25
7073,28,53,Falafel Sub,22.58,0,2025-09-08
7074,28,53,Taameya Sandwich,22.74,0,2025-10-06
7075,28,53,Falafel Sandwich,21.06,1,2025-10-20
7076,28,53,Falafel Sandwich,21.29,0,2025-12-15
7077,28,53,Taameya Sandwich,21.58,0,2025-12-29
7078,28,39,Fried Chicken,122.44,0,2024-01-01
7079,28,39,Crispy Chicken,123.29,0,2024-01-15
7080,28,39,Fried Chicken,124.0,0,2024-03-11
7081,28,39,Crispy Chicken,110.07,1,2024-03-25
7082,28,39,Fried Chicken,111.71,0,2024-04-22
7083,28,39,Crispy Chicken,112.29,0,2024-05-06
7084,28,39,Crispy Chicken,101.07,1,2024-05-20
7085,28,39,Fried Chicken,101.66,0,2024-06-03
7086,28,39,Crispy Chicken,99.3,0,2024-07-01
7087,28,39,Fried Chicken,100.35,0,2024-07-15
7088,28,39,Crispy Chicken,101.71,0,2024-08-26
7089,28,39,Crispy Chicken,102.75,0,2024-09-09
7090,28,39,Fried Chicken,104.1,0,2024-10-07
7091,28,39,Crispy Chicken,105.15,0,2024-11-18
7092,28,39,Crunchy Chicken,105.78,0,2024-12-02
7093,28,39,Fried Chicken,106.98,0,2025-02-10
7094,28,39,Crunchy Chicken,105.97,0,2025-04-07
7095,28,39,Fried Chicken,107.48,0,2025-04-21
7096,28,39,Crunchy Chicken,108.55,0,2025-05-05
7097,28,39,Crispy Chicken,109.93,0,2025-05-19
7098,28,39,Crunchy Chicken,107.21,0,2025-06-16
7099,28,39,Crispy Chicken,108.33,0,2025-06-30
7100,28,39,Crispy Chicken,109.13,0,2025-07-28
7101,28,39,Crunchy Chicken,109.99,0,2025-09-08
7102,28,39,Fried Chicken,110.82,0,2025-10-06
7103,28,39,Fried Chicken,100.63,1,2025-11-17
7104,28,39,Crunchy Chicken,101.85,0,2025-12-01
7105,28,39,Crunchy Chicken,103.21,0,2025-12-15
7106,28,13,Baked Pasta,97.29,1,2024-01-01
7107,28,13,Baked Pasta,98.69,0,2024-01-29
7108,28,13,Bechamel Pasta,99.74,0,2024-02-12
7109,28,13,Baked Pasta,100.56,0,2024-02-26
7110,28,13,Macarona Bechamel,93.32,1,2024-03-11
7111,28,13,Bechamel Pasta,94.7,0,2024-03-25
7112,28,13,Bechamel Pasta,95.2,0,2024-04-08
7113,28,13,Bechamel Pasta,96.51,0,2024-04-22
7114,28,13,Bechamel Pasta,87.86,1,2024-05-06
7115,28,13,Bechamel Pasta,88.78,0,2024-05-20
7116,28,13,Baked Pasta,90.04,0,2024-06-03
7117,28,13,Macarona Bechamel,90.87,0,2024-06-17
7118,28,13,Baked Pasta,91.86,0,2024-07-01
7119,28,13,Bechamel Pasta,89.24,0,2024-07-29
7120,28,13,Bechamel Pasta,89.74,0,2024-08-12
7121,28,13,Baked Pasta,90.89,0,2024-08-26
7122,28,13,Bechamel Pasta,91.59,0,2024-09-23
7123,28,13,Bechamel Pasta,92.2,0,2024-10-21
7124,28,13,Baked Pasta,88.17,1,2024-11-04
7125,28,13,Bechamel Pasta,81.99,1,2024-12-02
7126,28,13,Baked Pasta,78.32,1,2024-12-30
7127,28,13,Bechamel Pasta,78.98,0,2025-01-27
7128,28,13,Macarona Bechamel,79.87,0,2025-02-10
7129,28,13,Bechamel Pasta,81.03,0,2025-02-24
7130,28,13,Bechamel Pasta,75.22,1,2025-03-24
7131,28,13,Macarona Bechamel,75.75,0,2025-04-21
7132,28,13,Macarona Bechamel,76.5,0,2025-05-05
7133,28,13,Baked Pasta,77.51,0,2025-06-16
7134,28,13,Baked Pasta,77.94,0,2025-06-30
7135,28,13,Baked Pasta,76.41,0,2025-07-14
7136,28,13,Macarona Bechamel,77.25,0,2025-08-11
7137,28,13,Baked Pasta,78.05,0,2025-09-22
7138,28,13,Bechamel Pasta,78.94,0,2025-10-06
7139,28,13,Macarona Bechamel,79.9,0,2025-10-20
7140,28,13,Bechamel Pasta,80.62,0,2025-11-17
7141,28,13,Bechamel Pasta,81.63,0,2025-12-01
7142,28,13,Baked Pasta,82.81,0,2025-12-15
7143,28,33,BBQ Family Pack,537.64,1,2024-01-01
7144,28,33,Mixed Grill Family,540.49,0,2024-01-15
7145,28,33,Mixed Grill Family,544.71,0,2024-01-29
7146,28,33,Family Grill Box,550.17,0,2024-02-12
7147,28,33,Mixed Grill Family,554.65,0,2024-03-25
7148,28,33,BBQ Family Pack,560.71,0,2024-04-22
7149,28,33,Family Grill Box,563.67,0,2024-05-06
7150,28,33,Mixed Grill Family,566.72,0,2024-05-20
7151,28,33,BBQ Family Pack,571.97,0,2024-06-17
7152,28,33,Mixed Grill Family,575.16,0,2024-07-01
7153,28,33,Mixed Grill Family,582.92,0,2024-07-29
7154,28,33,BBQ Family Pack,590.5,0,2024-08-12
7155,28,33,Family Grill Box,558.37,1,2024-08-26
7156,28,33,Family Grill Box,562.24,0,2024-09-09
7157,28,33,Family Grill Box,568.16,0,2024-09-23
7158,28,33,Family Grill Box,573.07,0,2024-10-07
7159,28,33,BBQ Family Pack,577.06,0,2024-10-21
7160,28,33,BBQ Family Pack,583.31,0,2024-11-04
7161,28,33,BBQ Family Pack,590.88,0,2024-11-18
7162,28,33,Family Grill Box,571.33,1,2024-12-02
7163,28,33,BBQ Family Pack,578.13,0,2024-12-16
7164,28,33,BBQ Family Pack,582.77,0,2024-12-30
7165,28,33,BBQ Family Pack,587.62,0,2025-01-13
7166,28,33,Mixed Grill Family,552.28,1,2025-02-10
7167,28,33,Family Grill Box,558.9,0,2025-02-24
7168,28,33,Family Grill Box,511.89,1,2025-03-10
7169,28,33,Mixed Grill Family,514.58,0,2025-04-21
7170,28,33,Mixed Grill Family,520.48,0,2025-05-19
7171,28,33,BBQ Family Pack,527.14,0,2025-06-16
7172,28,33,Mixed Grill Family,531.74,0,2025-06-30
7173,28,33,Family Grill Box,537.1,0,2025-07-14
7174,28,33,Family Grill Box,541.83,0,2025-08-11
7175,28,33,Mixed Grill Family,546.93,0,2025-08-25
7176,28,33,BBQ Family Pack,552.79,0,2025-09-08
7177,28,33,BBQ Family Pack,560.93,0,2025-09-22
7178,28,33,Family Grill Box,566.23,0,2025-10-06
7179,28,33,Mixed Grill Family,570.75,0,2025-10-20
7180,28,33,BBQ Family Pack,574.78,0,2025-12-01
7181,28,4,Spicy Liver,92.91,1,2024-01-29
7182,28,4,Grilled Liver,93.85,0,2024-03-11
7183,28,4,Spicy Liver,94.53,0,2024-03-25
7184,28,4,Liver Sandwich Platter,95.05,0,2024-04-08
7185,28,4,Liver Sandwich Platter,96.45,0,2024-04-22
7186,28,4,Liver Sandwich Platter,97.7,0,2024-05-20
7187,28,4,Liver Sandwich Platter,99.04,0,2024-06-03
7188,28,4,Grilled Liver,100.41,0,2024-07-29
7189,28,4,Spicy Liver,101.28,0,2024-08-12
7190,28,4,Spicy Liver,102.44,0,2024-09-09
7191,28,4,Grilled Liver,103.47,0,2024-09-23
7192,28,4,Grilled Liver,102.58,0,2024-10-21
7193,28,4,Grilled Liver,104.0,0,2024-11-18
7194,28,4,Spicy Liver,105.39,0,2024-12-16
7195,28,4,Grilled Liver,106.06,0,2024-12-30
7196,28,4,Grilled Liver,106.8,0,2025-01-27
7197,28,4,Spicy Liver,107.36,0,2025-02-10
7198,28,4,Liver Sandwich Platter,108.03,0,2025-02-24
7199,28,4,Liver Sandwich Platter,103.87,1,2025-03-10
7200,28,4,Spicy Liver,105.35,0,2025-03-24
7201,28,4,Spicy Liver,95.51,1,2025-05-19
7202,28,4,Grilled Liver,96.28,0,2025-06-02
7203,28,4,Grilled Liver,96.91,0,2025-06-16
7204,28,4,Spicy Liver,97.98,0,2025-06-30
7205,28,4,Grilled Liver,98.49,0,2025-07-14
7206,28,4,Liver Sandwich Platter,99.5,0,2025-08-11
7207,28,4,Spicy Liver,100.47,0,2025-09-08
7208,28,4,Grilled Liver,101.33,0,2025-09-22
7209,28,4,Grilled Liver,101.89,0,2025-10-06
7210,28,4,Grilled Liver,94.11,1,2025-11-03
7211,28,4,Grilled Liver,94.87,0,2025-11-17
7212,28,4,Grilled Liver,95.66,0,2025-12-01
7213,28,4,Liver Sandwich Platter,96.35,0,2025-12-15
7214,28,4,Liver Sandwich Platter,96.94,0,2025-12-29
7215,28,36,Classic Burger,99.08,0,2024-01-01
7216,28,36,Beef Burger,100.07,0,2024-01-15
7217,28,36,Classic Burger,101.49,0,2024-02-12
7218,28,36,Smash Burger,102.06,0,2024-03-11
7219,28,36,Beef Burger,103.38,0,2024-04-08
7220,28,36,Beef Burger,104.29,0,2024-04-22
7221,28,36,Beef Burger,105.72,0,2024-05-06
7222,28,36,Smash Burger,105.07,0,2024-06-17
7223,28,36,Smash Burger,106.45,0,2024-07-01
7224,28,36,Beef Burger,102.44,1,2024-07-15
7225,28,36,Beef Burger,103.39,0,2024-08-12
7226,28,36,Classic Burger,104.8,0,2024-09-09
7227,28,36,Beef Burger,106.15,0,2024-12-02
7228,28,36,Beef Burger,107.67,0,2024-12-16
7229,28,36,Beef Burger,109.07,0,2025-01-13
7230,28,36,Smash Burger,110.42,0,2025-01-27
7231,28,36,Smash Burger,111.66,0,2025-02-24
7232,28,36,Smash Burger,113.0,0,2025-03-10
7233,28,36,Beef Burger,102.11,1,2025-03-24
7234,28,36,Classic Burger,93.76,1,2025-04-21
7235,28,36,Smash Burger,95.1,0,2025-05-19
7236,28,36,Smash Burger,96.16,0,2025-06-02
7237,28,36,Smash Burger,97.28,0,2025-06-30
7238,28,36,Beef Burger,94.43,0,2025-07-14
7239,28,36,Smash Burger,95.13,0,2025-08-11
7240,28,36,Smash Burger,96.37,0,2025-08-25
7241,28,36,Smash Burger,97.68,0,2025-09-08
7242,28,36,Smash Burger,98.2,0,2025-10-20
7243,28,36,Classic Burger,98.87,0,2025-11-03
7244,28,36,Smash Burger,89.85,1,2025-11-17
7245,28,36,Smash Burger,90.48,0,2025-12-15
7246,28,36,Smash Burger,91.68,0,2025-12-29
7247,28,1,Classic Kofta,104.64,0,2024-01-01
7248,28,1,Grilled Kofta Plate,106.17,0,2024-01-15
7249,28,1,Grilled Kofta Plate,107.4,0,2024-01-29
7250,28,1,Mixed Kofta,108.44,0,2024-02-12
7251,28,1,Classic Kofta,105.65,0,2024-03-11
7252,28,1,Grilled Kofta Plate,99.4,1,2024-03-25
7253,28,1,Classic Kofta,100.72,0,2024-04-08
7254,28,1,Grilled Kofta Plate,101.96,0,2024-04-22
7255,28,1,Mixed Kofta,102.86,0,2024-05-06
7256,28,1,Classic Kofta,100.87,0,2024-05-20
7257,28,1,Classic Kofta,102.23,0,2024-06-03
7258,28,1,Grilled Kofta Plate,98.11,1,2024-07-29
7259,28,1,Grilled Kofta Plate,99.13,0,2024-08-12
7260,28,1,Grilled Kofta Plate,99.86,0,2024-08-26
7261,28,1,Classic Kofta,100.77,0,2024-09-09
7262,28,1,Classic Kofta,102.2,0,2024-09-23
7263,28,1,Grilled Kofta Plate,103.31,0,2024-10-07
7264,28,1,Classic Kofta,98.29,1,2024-10-21
7265,28,1,Classic Kofta,99.25,0,2024-11-04
7266,28,1,Classic Kofta,100.7,0,2024-12-16
7267,28,1,Classic Kofta,101.98,0,2024-12-30
7268,28,1,Mixed Kofta,94.54,1,2025-02-10
7269,28,1,Classic Kofta,95.21,0,2025-02-24
7270,28,1,Grilled Kofta Plate,84.81,1,2025-03-10
7271,28,1,Classic Kofta,85.47,0,2025-04-07
7272,28,1,Grilled Kofta Plate,85.93,0,2025-05-05
7273,28,1,Mixed Kofta,77.77,1,2025-06-16
7274,28,1,Grilled Kofta Plate,78.87,0,2025-06-30
7275,28,1,Grilled Kofta Plate,79.86,0,2025-07-14
7276,28,1,Classic Kofta,80.67,0,2025-07-28
7277,28,1,Grilled Kofta Plate,79.99,0,2025-08-11
7278,28,1,Grilled Kofta Plate,75.02,1,2025-09-08
7279,28,1,Grilled Kofta Plate,74.06,0,2025-09-22
7280,28,1,Grilled Kofta Plate,69.68,1,2025-10-06
7281,28,1,Mixed Kofta,70.33,0,2025-11-17
7282,28,14,Stuffed Pigeon,155.57,0,2024-01-01
7283,28,14,Stuffed Pigeon,156.61,0,2024-01-15
7284,28,14,Pigeon Dish,158.78,0,2024-01-29
7285,28,14,Stuffed Pigeon,160.43,0,2024-02-12
7286,28,14,Stuffed Pigeon,162.27,0,2024-03-11
7287,28,14,Stuffed Pigeon,164.25,0,2024-04-08
7288,28,14,Stuffed Pigeon,166.3,0,2024-04-22
7289,28,14,Pigeon Dish,168.28,0,2024-05-20
7290,28,14,Hamam Mahshi,169.15,0,2024-06-17
7291,28,14,Hamam Mahshi,170.1,0,2024-07-01
7292,28,14,Stuffed Pigeon,171.12,0,2024-07-29
7293,28,14,Hamam Mahshi,173.23,0,2024-08-12
7294,28,14,Stuffed Pigeon,175.81,0,2024-09-23
7295,28,14,Stuffed Pigeon,177.79,0,2024-10-07
7296,28,14,Pigeon Dish,179.36,0,2024-10-21
7297,28,14,Hamam Mahshi,175.59,0,2024-11-04
7298,28,14,Hamam Mahshi,177.56,0,2024-11-18
7299,28,14,Pigeon Dish,180.04,0,2024-12-02
7300,28,14,Hamam Mahshi,181.13,0,2024-12-16
7301,28,14,Pigeon Dish,172.11,1,2024-12-30
7302,28,14,Hamam Mahshi,173.11,0,2025-01-27
7303,28,14,Stuffed Pigeon,174.66,0,2025-02-10
7304,28,14,Stuffed Pigeon,165.27,1,2025-03-24
7305,28,14,Pigeon Dish,167.04,0,2025-04-07
7306,28,14,Pigeon Dish,168.43,0,2025-04-21
7307,28,14,Hamam Mahshi,169.51,0,2025-05-19
7308,28,14,Stuffed Pigeon,171.91,0,2025-06-02
7309,28,14,Pigeon Dish,173.5,0,2025-06-16
7310,28,14,Pigeon Dish,175.22,0,2025-07-28
7311,28,14,Hamam Mahshi,176.55,0,2025-08-11
7312,28,14,Pigeon Dish,177.68,0,2025-08-25
7313,28,14,Hamam Mahshi,162.02,1,2025-09-22
7314,28,14,Stuffed Pigeon,163.07,0,2025-10-06
7315,28,14,Pigeon Dish,165.49,0,2025-10-20
7316,28,14,Hamam Mahshi,166.49,0,2025-11-17
7317,28,14,Pigeon Dish,168.31,0,2025-12-01
7318,28,14,Hamam Mahshi,170.37,0,2025-12-15
7319,30,7,Chicken Shawarma,107.85,0,2024-01-01
7320,30,7,Shawarma Wrap,109.15,0,2024-01-29
7321,30,7,Chicken Shawarma,110.57,0,2024-02-12
7322,30,7,Crispy Shawarma,109.08,0,2024-02-26
7323,30,7,Chicken Shawarma,110.49,0,2024-03-11
7324,30,7,Shawarma Wrap,97.34,1,2024-03-25
7325,30,7,Crispy Shawarma,91.9,1,2024-04-08
7326,30,7,Crispy Shawarma,92.56,0,2024-04-22
7327,30,7,Shawarma Wrap,93.8,0,2024-05-20
7328,30,7,Shawarma Wrap,94.29,0,2024-06-03
7329,30,7,Shawarma Wrap,95.11,0,2024-07-29
7330,30,7,Shawarma Wrap,96.13,0,2024-08-12
7331,30,7,Crispy Shawarma,97.51,0,2024-09-09
7332,30,7,Shawarma Wrap,98.05,0,2024-09-23
7333,30,7,Shawarma Wrap,98.88,0,2024-10-07
7334,30,7,Shawarma Wrap,99.39,0,2024-10-21
7335,30,7,Shawarma Wrap,100.35,0,2024-11-04
7336,30,7,Shawarma Wrap,101.09,0,2024-11-18
7337,30,7,Shawarma Wrap,102.54,0,2024-12-02
7338,30,7,Shawarma Wrap,96.89,1,2024-12-30
7339,30,7,Shawarma Wrap,88.3,1,2025-01-13
7340,30,7,Crispy Shawarma,89.59,0,2025-01-27
7341,30,7,Shawarma Wrap,90.34,0,2025-02-10
7342,30,7,Crispy Shawarma,91.19,0,2025-02-24
7343,30,7,Chicken Shawarma,92.24,0,2025-03-10
7344,30,7,Crispy Shawarma,88.08,1,2025-03-24
7345,30,7,Shawarma Wrap,89.35,0,2025-04-21
7346,30,7,Chicken Shawarma,89.95,0,2025-05-05
7347,30,7,Chicken Shawarma,91.2,0,2025-06-02
7348,30,7,Shawarma Wrap,92.42,0,2025-06-16
7349,30,7,Shawarma Wrap,93.11,0,2025-06-30
7350,30,7,Shawarma Wrap,84.83,1,2025-07-14
7351,30,7,Shawarma Wrap,85.34,0,2025-07-28
7352,30,7,Crispy Shawarma,85.85,0,2025-08-11
7353,30,7,Chicken Shawarma,85.35,0,2025-09-08
7354,30,7,Chicken Shawarma,86.42,0,2025-10-20
7355,30,7,Crispy Shawarma,86.96,0,2025-11-03
7356,30,7,Shawarma Wrap,87.49,0,2025-12-15
7357,30,7,Crispy Shawarma,88.63,0,2025-12-29
7358,30,8,Molokhia & Rice,125.93,0,2024-01-01
7359,30,8,Molokhia & Rice,127.19,0,2024-01-29
7360,30,8,Green Soup,126.41,0,2024-02-12
7361,30,8,Molokhia & Rice,127.96,0,2024-02-26
7362,30,8,Green Soup,117.28,1,2024-03-11
7363,30,8,Green Soup,107.3,1,2024-03-25
7364,30,8,Green Soup,108.54,0,2024-05-20
7365,30,8,Molokhia Dish,109.97,0,2024-06-03
7366,30,8,Molokhia & Rice,110.74,0,2024-07-01
7367,30,8,Green Soup,107.06,1,2024-07-15
7368,30,8,Molokhia Dish,108.48,0,2024-07-29
7369,30,8,Green Soup,98.4,1,2024-08-12
7370,30,8,Green Soup,99.0,0,2024-08-26
7371,30,8,Green Soup,99.78,0,2024-09-23
7372,30,8,Molokhia & Rice,101.25,0,2024-10-07
7373,30,8,Green Soup,102.54,0,2024-12-02
7374,30,8,Molokhia & Rice,103.16,0,2024-12-16
7375,30,8,Green Soup,103.84,0,2024-12-30
7376,30,8,Molokhia & Rice,104.59,0,2025-02-10
7377,30,8,Molokhia Dish,105.95,0,2025-03-24
7378,30,8,Molokhia Dish,107.53,0,2025-04-07
7379,30,8,Molokhia Dish,106.89,0,2025-04-21
7380,30,8,Molokhia Dish,107.46,0,2025-05-19
7381,30,8,Molokhia Dish,103.5,1,2025-06-02
7382,30,8,Molokhia & Rice,104.56,0,2025-06-16
7383,30,8,Green Soup,97.27,1,2025-06-30
7384,30,8,Green Soup,98.53,0,2025-07-28
7385,30,8,Molokhia Dish,99.09,0,2025-08-11
7386,30,8,Molokhia & Rice,100.5,0,2025-08-25
7387,30,8,Molokhia Dish,101.9,0,2025-09-22
7388,30,8,Green Soup,102.82,0,2025-10-20
7389,30,8,Green Soup,103.81,0,2025-11-03
7390,30,8,Molokhia & Rice,105.28,0,2025-11-17
7391,30,8,Molokhia Dish,105.89,0,2025-12-01
7392,30,8,Molokhia & Rice,107.11,0,2025-12-15
7393,30,8,Molokhia Dish,108.43,0,2025-12-29
7394,30,11,Classic Koshari,62.82,0,2024-01-01
7395,30,11,Classic Koshari,63.19,0,2024-01-29
7396,30,11,Egyptian Koshari,62.45,0,2024-02-12
7397,30,11,Koshari,63.24,0,2024-02-26
7398,30,11,Koshari,64.16,0,2024-03-25
7399,30,11,Classic Koshari,64.93,0,2024-04-08
7400,30,11,Classic Koshari,65.35,0,2024-05-20
7401,30,11,Koshari,65.77,0,2024-06-03
7402,30,11,Koshari,60.18,1,2024-06-17
7403,30,11,Classic Koshari,60.56,0,2024-07-01
7404,30,11,Classic Koshari,60.08,0,2024-07-29
7405,30,11,Egyptian Koshari,60.63,0,2024-08-12
7406,30,11,Classic Koshari,61.38,0,2024-08-26
7407,30,11,Classic Koshari,61.93,0,2024-09-23
7408,30,11,Koshari,61.0,0,2024-10-21
7409,30,11,Classic Koshari,61.54,0,2024-11-04
7410,30,11,Classic Koshari,60.52,0,2024-11-18
7411,30,11,Egyptian Koshari,60.97,0,2024-12-02
7412,30,11,Classic Koshari,61.88,0,2024-12-16
7413,30,11,Classic Koshari,57.29,1,2024-12-30
7414,30,11,Koshari,57.97,0,2025-01-27
7415,30,11,Koshari,58.77,0,2025-02-24
7416,30,11,Koshari,56.45,1,2025-03-10
7417,30,11,Koshari,57.24,0,2025-03-24
7418,30,11,Koshari,57.79,0,2025-05-05
7419,30,11,Classic Koshari,58.32,0,2025-06-16
7420,30,11,Classic Koshari,58.84,0,2025-06-30
7421,30,11,Egyptian Koshari,59.26,0,2025-07-14
7422,30,11,Egyptian Koshari,59.86,0,2025-07-28
7423,30,11,Koshari,60.37,0,2025-08-25
7424,30,11,Egyptian Koshari,61.1,0,2025-09-08
7425,30,11,Koshari,61.42,0,2025-09-22
7426,30,11,Egyptian Koshari,62.2,0,2025-10-06
7427,30,11,Koshari,60.64,0,2025-11-03
7428,30,11,Egyptian Koshari,59.47,0,2025-12-15
7429,30,11,Classic Koshari,59.94,0,2025-12-29
7430,30,49,Shawarma Sandwich,70.7,0,2024-01-01
7431,30,49,Chicken Shawarma Wrap,71.75,0,2024-01-15
7432,30,49,Chicken Roll,72.51,0,2024-02-12
7433,30,49,Chicken Shawarma Wrap,72.88,0,2024-02-26
7434,30,49,Chicken Roll,73.57,0,2024-03-11
7435,30,49,Chicken Shawarma Wrap,74.33,0,2024-03-25
7436,30,49,Chicken Shawarma Wrap,75.42,0,2024-04-08
7437,30,49,Shawarma Sandwich,75.83,0,2024-04-22
7438,30,49,Chicken Roll,70.09,1,2024-05-06
7439,30,49,Chicken Shawarma Wrap,66.3,1,2024-05-20
7440,30,49,Chicken Roll,67.1,0,2024-06-17
7441,30,49,Shawarma Sandwich,67.78,0,2024-07-29
7442,30,49,Shawarma Sandwich,68.29,0,2024-08-12
7443,30,49,Chicken Roll,67.19,0,2024-08-26
7444,30,49,Shawarma Sandwich,66.41,0,2024-09-23
7445,30,49,Shawarma Sandwich,66.97,0,2024-10-07
7446,30,49,Chicken Shawarma Wrap,67.76,0,2024-10-21
7447,30,49,Shawarma Sandwich,68.24,0,2024-11-18
7448,30,49,Chicken Shawarma Wrap,68.79,0,2024-12-02
7449,30,49,Shawarma Sandwich,67.56,0,2024-12-16
7450,30,49,Chicken Roll,68.43,0,2024-12-30
7451,30,49,Chicken Shawarma Wrap,68.99,0,2025-01-13
7452,30,49,Shawarma Sandwich,69.95,0,2025-01-27
7453,30,49,Chicken Roll,65.38,1,2025-02-10
7454,30,49,Chicken Shawarma Wrap,65.93,0,2025-02-24
7455,30,49,Shawarma Sandwich,66.35,0,2025-03-10
7456,30,49,Chicken Shawarma Wrap,60.56,1,2025-03-24
7457,30,49,Shawarma Sandwich,59.99,0,2025-04-07
7458,30,49,Chicken Roll,59.31,0,2025-04-21
7459,30,49,Shawarma Sandwich,59.64,0,2025-05-05
7460,30,49,Shawarma Sandwich,60.32,0,2025-05-19
7461,30,49,Shawarma Sandwich,61.13,0,2025-06-16
7462,30,49,Chicken Roll,61.83,0,2025-06-30
7463,30,49,Chicken Roll,62.31,0,2025-07-14
7464,30,49,Shawarma Sandwich,58.72,1,2025-08-11
7465,30,49,Chicken Shawarma Wrap,59.05,0,2025-09-08
7466,30,49,Shawarma Sandwich,59.56,0,2025-09-22
7467,30,49,Shawarma Sandwich,60.04,0,2025-10-06
7468,30,49,Shawarma Sandwich,60.87,0,2025-11-17
7469,30,49,Chicken Roll,58.37,1,2025-12-01
7470,30,49,Chicken Roll,57.09,0,2025-12-15
7471,30,28,Om Ali,82.63,0,2024-01-29
7472,30,28,Om Ali,83.77,0,2024-02-12
7473,30,28,Egyptian Bread Pudding,84.46,0,2024-02-26
7474,30,28,Egyptian Bread Pudding,85.29,0,2024-03-11
7475,30,28,Egyptian Bread Pudding,86.05,0,2024-03-25
7476,30,28,Om Ali Dessert,86.9,0,2024-04-08
7477,30,28,Om Ali Dessert,87.57,0,2024-05-06
7478,30,28,Om Ali,82.95,1,2024-05-20
7479,30,28,Om Ali Dessert,83.81,0,2024-06-03
7480,30,28,Egyptian Bread Pudding,78.85,1,2024-06-17
7481,30,28,Om Ali Dessert,79.54,0,2024-07-01
7482,30,28,Om Ali,74.29,1,2024-07-29
7483,30,28,Om Ali,72.67,0,2024-08-12
7484,30,28,Om Ali Dessert,73.44,0,2024-08-26
7485,30,28,Egyptian Bread Pudding,74.46,0,2024-09-09
7486,30,28,Om Ali Dessert,75.58,0,2024-09-23
7487,30,28,Om Ali,76.56,0,2024-10-07
7488,30,28,Om Ali,77.27,0,2024-10-21
7489,30,28,Om Ali,73.32,1,2024-11-04
7490,30,28,Om Ali,74.1,0,2024-11-18
7491,30,28,Om Ali Dessert,74.52,0,2024-12-02
7492,30,28,Om Ali Dessert,72.08,1,2024-12-16
7493,30,28,Om Ali Dessert,72.46,0,2024-12-30
7494,30,28,Om Ali Dessert,73.04,0,2025-01-13
7495,30,28,Om Ali,73.53,0,2025-01-27
7496,30,28,Om Ali Dessert,74.32,0,2025-02-10
7497,30,28,Om Ali Dessert,71.05,1,2025-03-24
7498,30,28,Om Ali Dessert,71.73,0,2025-06-02
7499,30,28,Om Ali Dessert,72.33,0,2025-06-16
7500,30,28,Om Ali Dessert,72.71,0,2025-07-14
7501,30,28,Egyptian Bread Pudding,73.24,0,2025-07-28
7502,30,28,Om Ali Dessert,73.86,0,2025-08-11
7503,30,28,Om Ali,74.46,0,2025-08-25
7504,30,28,Om Ali,75.01,0,2025-09-08
7505,30,28,Om Ali,75.75,0,2025-09-22
7506,30,28,Om Ali,72.97,1,2025-10-06
7507,30,28,Egyptian Bread Pudding,68.44,1,2025-10-20
7508,30,28,Om Ali,69.08,0,2025-11-03
7509,30,28,Om Ali Dessert,69.91,0,2025-11-17
7510,30,28,Om Ali Dessert,69.54,0,2025-12-01
7511,30,28,Om Ali Dessert,68.1,0,2025-12-15
7512,30,28,Egyptian Bread Pudding,68.62,0,2025-12-29
7513,30,33,Family Grill Box,487.33,0,2024-01-01
7514,30,33,Mixed Grill Family,491.29,0,2024-01-15
7515,30,33,Family Grill Box,496.89,0,2024-02-26
7516,30,33,BBQ Family Pack,500.79,0,2024-03-11
7517,30,33,Family Grill Box,504.23,0,2024-04-08
7518,30,33,Family Grill Box,508.63,0,2024-04-22
7519,30,33,Family Grill Box,485.03,1,2024-05-20
7520,30,33,Family Grill Box,490.21,0,2024-06-03
7521,30,33,Mixed Grill Family,495.46,0,2024-07-01
7522,30,33,Mixed Grill Family,501.41,0,2024-07-15
7523,30,33,BBQ Family Pack,506.12,0,2024-07-29
7524,30,33,Mixed Grill Family,469.5,1,2024-08-26
7525,30,33,Family Grill Box,474.65,0,2024-09-09
7526,30,33,Mixed Grill Family,477.3,0,2024-09-23
7527,30,33,BBQ Family Pack,483.8,0,2024-10-21
7528,30,33,Family Grill Box,490.29,0,2024-11-04
7529,30,33,Mixed Grill Family,493.89,0,2024-11-18
7530,30,33,Family Grill Box,500.38,0,2024-12-16
7531,30,33,Mixed Grill Family,507.34,0,2024-12-30
7532,30,33,Family Grill Box,512.28,0,2025-01-13
7533,30,33,Mixed Grill Family,497.84,0,2025-01-27
7534,30,33,Mixed Grill Family,504.17,0,2025-02-10
7535,30,33,Family Grill Box,498.91,0,2025-02-24
7536,30,33,Family Grill Box,502.2,0,2025-03-10
7537,30,33,BBQ Family Pack,509.71,0,2025-03-24
7538,30,33,Mixed Grill Family,515.22,0,2025-04-07
7539,30,33,Mixed Grill Family,522.61,0,2025-04-21
7540,30,33,Family Grill Box,528.19,0,2025-05-05
7541,30,33,BBQ Family Pack,532.62,0,2025-05-19
7542,30,33,BBQ Family Pack,535.59,0,2025-06-02
7543,30,33,BBQ Family Pack,538.37,0,2025-06-16
7544,30,33,Mixed Grill Family,543.4,0,2025-07-14
7545,30,33,Family Grill Box,548.6,0,2025-08-25
7546,30,33,Family Grill Box,552.0,0,2025-09-08
7547,30,33,Family Grill Box,537.15,0,2025-09-22
7548,30,33,Family Grill Box,542.94,0,2025-10-20
7549,30,33,Family Grill Box,514.05,1,2025-11-17
7550,30,33,Family Grill Box,519.77,0,2025-12-01
7551,30,33,Mixed Grill Family,505.78,0,2025-12-15
7552,30,5,Mixed Grill Platter,208.6,0,2024-01-01
7553,30,5,BBQ Mix,211.71,0,2024-01-15
7554,30,5,Mixed Grill Platter,213.58,0,2024-01-29
7555,30,5,Mixed Grill Platter,216.44,0,2024-02-12
7556,30,5,Mixed Grill Platter,218.1,0,2024-02-26
7557,30,5,Grill Combo,196.5,1,2024-03-11
7558,30,5,BBQ Mix,198.38,0,2024-03-25
7559,30,5,BBQ Mix,201.01,0,2024-05-06
7560,30,5,Grill Combo,202.03,0,2024-05-20
7561,30,5,Grill Combo,204.49,0,2024-07-01
7562,30,5,BBQ Mix,206.99,0,2024-07-15
7563,30,5,BBQ Mix,208.32,0,2024-07-29
7564,30,5,Grill Combo,209.78,0,2024-08-12
7565,30,5,Mixed Grill Platter,212.05,0,2024-08-26
7566,30,5,Grill Combo,213.38,0,2024-09-09
7567,30,5,BBQ Mix,214.97,0,2024-09-23
7568,30,5,BBQ Mix,216.41,0,2024-10-07
7569,30,5,Mixed Grill Platter,215.09,0,2024-11-18
7570,30,5,Mixed Grill Platter,218.28,0,2024-12-02
7571,30,5,Grill Combo,219.46,0,2024-12-16
7572,30,5,BBQ Mix,214.8,0,2024-12-30
7573,30,5,BBQ Mix,216.9,0,2025-01-13
7574,30,5,Grill Combo,220.02,0,2025-01-27
7575,30,5,Mixed Grill Platter,214.89,0,2025-02-10
7576,30,5,Mixed Grill Platter,208.04,1,2025-03-24
7577,30,5,BBQ Mix,202.33,0,2025-05-19
7578,30,5,Mixed Grill Platter,203.54,0,2025-06-02
7579,30,5,Grill Combo,199.29,0,2025-06-16
7580,30,5,BBQ Mix,201.2,0,2025-06-30
7581,30,5,Grill Combo,202.73,0,2025-07-14
7582,30,5,Mixed Grill Platter,184.66,1,2025-07-28
7583,30,5,Grill Combo,185.94,0,2025-08-11
7584,30,5,Mixed Grill Platter,188.23,0,2025-08-25
7585,30,5,Grill Combo,190.02,0,2025-09-22
7586,30,5,BBQ Mix,191.91,0,2025-10-06
7587,30,5,Mixed Grill Platter,194.22,0,2025-10-20
7588,30,5,BBQ Mix,195.67,0,2025-11-03
7589,30,5,Mixed Grill Platter,181.86,1,2025-12-15
7590,30,5,Mixed Grill Platter,175.14,1,2025-12-29
7591,30,3,Half Chicken,151.85,0,2024-01-01
7592,30,3,Half Chicken,142.76,1,2024-01-15
7593,30,3,Grilled Chicken,144.11,0,2024-01-29
7594,30,3,Grilled Chicken,146.21,0,2024-02-12
7595,30,3,Roasted Chicken,147.22,0,2024-02-26
7596,30,3,Grilled Chicken,137.91,1,2024-03-11
7597,30,3,Half Chicken,139.12,0,2024-03-25
7598,30,3,Grilled Chicken,130.33,1,2024-04-22
7599,30,3,Half Chicken,131.32,0,2024-05-06
7600,30,3,Grilled Chicken,125.92,1,2024-05-20
7601,30,3,Grilled Chicken,118.74,1,2024-06-17
7602,30,3,Roasted Chicken,120.09,0,2024-07-15
7603,30,3,Roasted Chicken,121.8,0,2024-07-29
7604,30,3,Half Chicken,123.25,0,2024-09-09
7605,30,3,Roasted Chicken,124.8,0,2024-10-21
7606,30,3,Roasted Chicken,119.99,1,2024-11-04
7607,30,3,Half Chicken,121.7,0,2024-11-18
7608,30,3,Roasted Chicken,123.41,0,2024-12-02
7609,30,3,Grilled Chicken,125.12,0,2024-12-16
7610,30,3,Roasted Chicken,116.51,1,2024-12-30
7611,30,3,Grilled Chicken,117.32,0,2025-01-13
7612,30,3,Roasted Chicken,107.09,1,2025-01-27
7613,30,3,Grilled Chicken,108.24,0,2025-02-10
7614,30,3,Half Chicken,108.9,0,2025-02-24
7615,30,3,Roasted Chicken,109.63,0,2025-03-24
7616,30,3,Half Chicken,110.68,0,2025-04-21
7617,30,3,Grilled Chicken,111.69,0,2025-05-05
7618,30,3,Half Chicken,102.87,1,2025-05-19
7619,30,3,Grilled Chicken,104.18,0,2025-06-16
7620,30,3,Grilled Chicken,105.52,0,2025-06-30
7621,30,3,Half Chicken,106.94,0,2025-07-14
7622,30,3,Half Chicken,108.36,0,2025-07-28
7623,30,3,Half Chicken,109.73,0,2025-08-11
7624,30,3,Roasted Chicken,111.23,0,2025-08-25
7625,30,3,Half Chicken,111.85,0,2025-09-08
7626,30,3,Half Chicken,110.95,0,2025-09-22
7627,30,3,Grilled Chicken,111.96,0,2025-10-06
7628,30,3,Half Chicken,112.89,0,2025-11-17
7629,30,3,Half Chicken,114.16,0,2025-12-01
7630,30,3,Roasted Chicken,114.91,0,2025-12-15
7631,30,13,Bechamel Pasta,87.6,0,2024-01-15
7632,30,13,Baked Pasta,88.53,0,2024-02-12
7633,30,13,Bechamel Pasta,78.89,1,2024-04-08
7634,30,13,Macarona Bechamel,71.76,1,2024-05-06
7635,30,13,Baked Pasta,72.77,0,2024-07-01
7636,30,13,Bechamel Pasta,73.75,0,2024-07-29
7637,30,13,Bechamel Pasta,68.63,1,2024-08-26
7638,30,13,Macarona Bechamel,69.28,0,2024-09-09
7639,30,13,Macarona Bechamel,69.85,0,2024-09-23
7640,30,13,Bechamel Pasta,65.06,1,2024-10-07
7641,30,13,Macarona Bechamel,65.57,0,2024-10-21
7642,30,13,Macarona Bechamel,66.43,0,2024-11-04
7643,30,13,Baked Pasta,66.83,0,2024-12-02
7644,30,13,Baked Pasta,60.96,1,2024-12-16
7645,30,13,Macarona Bechamel,61.58,0,2024-12-30
7646,30,13,Macarona Bechamel,62.05,0,2025-01-13
7647,30,13,Baked Pasta,62.56,0,2025-01-27
7648,30,13,Macarona Bechamel,59.72,1,2025-02-10
7649,30,13,Baked Pasta,60.57,0,2025-02-24
7650,30,13,Macarona Bechamel,59.09,0,2025-03-24
7651,30,13,Macarona Bechamel,58.47,0,2025-04-07
7652,30,13,Bechamel Pasta,58.83,0,2025-04-21
7653,30,13,Macarona Bechamel,59.37,0,2025-05-05
7654,30,13,Macarona Bechamel,57.54,1,2025-06-02
7655,30,13,Bechamel Pasta,53.65,1,2025-07-14
7656,30,13,Macarona Bechamel,54.0,0,2025-07-28
7657,30,13,Baked Pasta,54.5,0,2025-08-25
7658,30,13,Macarona Bechamel,55.2,0,2025-09-08
7659,30,13,Bechamel Pasta,55.48,0,2025-09-22
7660,30,13,Macarona Bechamel,56.05,0,2025-10-06
7661,30,13,Baked Pasta,56.8,0,2025-11-17
7662,30,13,Bechamel Pasta,57.35,0,2025-12-01
7663,30,13,Baked Pasta,57.85,0,2025-12-29
7664,31,29,Sweet Kunafa,82.7,0,2024-01-01
7665,31,29,Konafa Plate,75.35,1,2024-01-15
7666,31,29,Sweet Kunafa,76.15,0,2024-02-12
7667,31,29,Kunafa,73.54,1,2024-03-11
7668,31,29,Sweet Kunafa,70.41,1,2024-03-25
7669,31,29,Konafa Plate,71.35,0,2024-04-08
7670,31,29,Sweet Kunafa,69.59,0,2024-04-22
7671,31,29,Kunafa,64.99,1,2024-05-20
7672,31,29,Kunafa,65.66,0,2024-06-03
7673,31,29,Konafa Plate,64.19,0,2024-06-17
7674,31,29,Konafa Plate,64.63,0,2024-07-15
7675,31,29,Sweet Kunafa,65.39,0,2024-07-29
7676,31,29,Sweet Kunafa,65.78,0,2024-08-26
7677,31,29,Konafa Plate,59.87,1,2024-09-23
7678,31,29,Konafa Plate,58.94,0,2024-10-07
7679,31,29,Konafa Plate,59.39,0,2024-10-21
7680,31,29,Sweet Kunafa,59.86,0,2024-11-04
7681,31,29,Kunafa,60.45,0,2024-12-02
7682,31,29,Kunafa,58.61,1,2024-12-16
7683,31,29,Kunafa,57.77,0,2024-12-30
7684,31,29,Kunafa,58.13,0,2025-01-13
7685,31,29,Konafa Plate,58.76,0,2025-03-24
7686,31,29,Konafa Plate,59.11,0,2025-04-07
7687,31,29,Kunafa,59.8,0,2025-04-21
7688,31,29,Kunafa,60.45,0,2025-05-05
7689,31,29,Konafa Plate,61.16,0,2025-06-02
7690,31,29,Kunafa,61.82,0,2025-06-30
7691,31,29,Kunafa,62.32,0,2025-07-28
7692,31,29,Kunafa,62.97,0,2025-08-11
7693,31,29,Sweet Kunafa,63.9,0,2025-08-25
7694,31,29,Sweet Kunafa,64.43,0,2025-09-08
7695,31,29,Sweet Kunafa,64.84,0,2025-09-22
7696,31,29,Konafa Plate,58.82,1,2025-10-06
7697,31,29,Sweet Kunafa,57.74,0,2025-10-20
7698,31,29,Sweet Kunafa,58.28,0,2025-12-01
7699,31,29,Konafa Plate,58.99,0,2025-12-15
7700,31,29,Kunafa,57.92,0,2025-12-29
7701,31,33,Family Grill Box,493.69,0,2024-01-01
7702,31,33,BBQ Family Pack,498.86,0,2024-01-15
7703,31,33,Family Grill Box,501.49,0,2024-01-29
7704,31,33,BBQ Family Pack,466.35,1,2024-02-12
7705,31,33,BBQ Family Pack,472.37,0,2024-02-26
7706,31,33,Mixed Grill Family,421.87,1,2024-03-25
7707,31,33,BBQ Family Pack,427.72,0,2024-04-08
7708,31,33,BBQ Family Pack,430.44,0,2024-04-22
7709,31,33,BBQ Family Pack,435.2,0,2024-05-06
7710,31,33,Mixed Grill Family,440.54,0,2024-06-03
7711,31,33,Family Grill Box,443.76,0,2024-07-01
7712,31,33,Mixed Grill Family,446.15,0,2024-07-15
7713,31,33,Family Grill Box,420.8,1,2024-07-29
7714,31,33,Mixed Grill Family,413.88,0,2024-08-12
7715,31,33,Mixed Grill Family,416.7,0,2024-08-26
7716,31,33,Mixed Grill Family,422.86,0,2024-09-09
7717,31,33,Mixed Grill Family,427.05,0,2024-09-23
7718,31,33,Mixed Grill Family,430.75,0,2024-11-04
7719,31,33,BBQ Family Pack,436.37,0,2024-11-18
7720,31,33,Family Grill Box,438.67,0,2024-12-02
7721,31,33,Mixed Grill Family,443.66,0,2024-12-30
7722,31,33,BBQ Family Pack,448.22,0,2025-01-13
7723,31,33,BBQ Family Pack,453.29,0,2025-02-10
7724,31,33,BBQ Family Pack,450.1,0,2025-02-24
7725,31,33,Mixed Grill Family,406.41,1,2025-03-10
7726,31,33,Family Grill Box,411.58,0,2025-03-24
7727,31,33,BBQ Family Pack,417.55,0,2025-04-07
7728,31,33,Mixed Grill Family,422.38,0,2025-05-05
7729,31,33,Mixed Grill Family,408.91,1,2025-05-19
7730,31,33,BBQ Family Pack,412.16,0,2025-06-02
7731,31,33,Mixed Grill Family,382.83,1,2025-06-16
7732,31,33,BBQ Family Pack,371.03,1,2025-07-14
7733,31,33,BBQ Family Pack,374.62,0,2025-07-28
7734,31,33,Family Grill Box,379.94,0,2025-08-25
7735,31,33,Family Grill Box,382.92,0,2025-09-08
7736,31,33,Family Grill Box,386.41,0,2025-09-22
7737,31,33,Family Grill Box,390.48,0,2025-11-03
7738,31,33,BBQ Family Pack,393.78,0,2025-11-17
7739,31,33,BBQ Family Pack,399.47,0,2025-12-01
7740,31,33,BBQ Family Pack,403.88,0,2025-12-15
7741,31,40,Margherita,144.8,0,2024-01-15
7742,31,40,Margherita,146.88,0,2024-02-26
7743,31,40,Cheese Pizza,140.71,1,2024-03-11
7744,31,40,Classic Pizza,142.08,0,2024-04-08
7745,31,40,Margherita,143.0,0,2024-04-22
7746,31,40,Margherita,144.01,0,2024-06-03
7747,31,40,Cheese Pizza,146.13,0,2024-06-17
7748,31,40,Cheese Pizza,137.07,1,2024-07-01
7749,31,40,Classic Pizza,123.38,1,2024-07-29
7750,31,40,Classic Pizza,124.22,0,2024-09-09
7751,31,40,Margherita,126.0,0,2024-09-23
7752,31,40,Classic Pizza,127.38,0,2024-10-21
7753,31,40,Cheese Pizza,128.19,0,2024-11-04
7754,31,40,Margherita,129.54,0,2024-11-18
7755,31,40,Classic Pizza,130.81,0,2024-12-02
7756,31,40,Classic Pizza,131.51,0,2024-12-16
7757,31,40,Margherita,132.37,0,2024-12-30
7758,31,40,Cheese Pizza,133.83,0,2025-01-13
7759,31,40,Margherita,135.12,0,2025-01-27
7760,31,40,Margherita,125.75,1,2025-02-24
7761,31,40,Cheese Pizza,127.1,0,2025-03-10
7762,31,40,Cheese Pizza,127.86,0,2025-04-21
7763,31,40,Margherita,129.24,0,2025-05-05
7764,31,40,Margherita,130.85,0,2025-08-11
7765,31,40,Cheese Pizza,132.77,0,2025-08-25
7766,31,40,Classic Pizza,128.12,1,2025-09-08
7767,31,40,Cheese Pizza,129.17,0,2025-09-22
7768,31,40,Cheese Pizza,130.71,0,2025-10-20
7769,31,40,Margherita,132.4,0,2025-11-03
7770,31,40,Classic Pizza,134.27,0,2025-12-01
7771,31,40,Margherita,122.92,1,2025-12-15
7772,31,40,Margherita,123.84,0,2025-12-29
7773,31,30,Sweet Qatayef,57.92,0,2024-01-01
7774,31,30,Ramadan Pancake,58.29,0,2024-01-15
7775,31,30,Ramadan Pancake,58.65,0,2024-01-29
7776,31,30,Sweet Qatayef,54.02,1,2024-03-11
7777,31,30,Qatayef,54.6,0,2024-03-25
7778,31,30,Qatayef,54.89,0,2024-04-08
7779,31,30,Ramadan Pancake,55.26,0,2024-04-22
7780,31,30,Qatayef,55.98,0,2024-05-20
7781,31,30,Sweet Qatayef,56.31,0,2024-06-17
7782,31,30,Ramadan Pancake,57.14,0,2024-07-15
7783,31,30,Sweet Qatayef,57.7,0,2024-08-12
7784,31,30,Sweet Qatayef,58.24,0,2024-08-26
7785,31,30,Qatayef,58.91,0,2024-09-09
7786,31,30,Qatayef,59.56,0,2024-10-07
7787,31,30,Ramadan Pancake,57.64,1,2024-10-21
7788,31,30,Sweet Qatayef,52.94,1,2024-11-18
7789,31,30,Ramadan Pancake,48.29,1,2025-01-13
7790,31,30,Ramadan Pancake,48.56,0,2025-01-27
7791,31,30,Ramadan Pancake,48.83,0,2025-02-10
7792,31,30,Sweet Qatayef,49.34,0,2025-02-24
7793,31,30,Sweet Qatayef,49.88,0,2025-03-24
7794,31,30,Qatayef,50.51,0,2025-04-07
7795,31,30,Ramadan Pancake,51.14,0,2025-05-05
7796,31,30,Sweet Qatayef,47.75,1,2025-05-19
7797,31,30,Sweet Qatayef,48.41,0,2025-06-02
7798,31,30,Ramadan Pancake,48.84,0,2025-06-16
7799,31,30,Sweet Qatayef,49.27,0,2025-06-30
7800,31,30,Ramadan Pancake,49.52,0,2025-07-14
7801,31,30,Ramadan Pancake,48.58,0,2025-07-28
7802,31,30,Ramadan Pancake,49.16,0,2025-08-11
7803,31,30,Ramadan Pancake,49.52,0,2025-08-25
7804,31,30,Ramadan Pancake,49.79,0,2025-09-08
7805,31,30,Qatayef,50.17,0,2025-09-22
7806,31,30,Qatayef,50.75,0,2025-10-06
7807,31,30,Ramadan Pancake,51.02,0,2025-10-20
7808,31,30,Sweet Qatayef,51.5,0,2025-12-01
7809,31,30,Qatayef,51.91,0,2025-12-15
7810,31,28,Egyptian Bread Pudding,87.96,0,2024-01-01
7811,31,28,Egyptian Bread Pudding,85.44,0,2024-01-15
7812,31,28,Egyptian Bread Pudding,86.14,0,2024-01-29
7813,31,28,Om Ali Dessert,83.4,1,2024-02-26
7814,31,28,Om Ali Dessert,84.18,0,2024-03-11
7815,31,28,Om Ali,85.26,0,2024-03-25
7816,31,28,Egyptian Bread Pudding,79.79,1,2024-04-08
7817,31,28,Om Ali Dessert,80.43,0,2024-05-06
7818,31,28,Egyptian Bread Pudding,81.61,0,2024-06-17
7819,31,28,Om Ali Dessert,82.59,0,2024-08-12
7820,31,28,Om Ali,81.8,0,2024-09-09
7821,31,28,Om Ali Dessert,73.65,1,2024-10-07
7822,31,28,Om Ali,74.7,0,2024-10-21
7823,31,28,Om Ali Dessert,72.28,1,2024-11-04
7824,31,28,Om Ali Dessert,70.2,0,2024-11-18
7825,31,28,Egyptian Bread Pudding,70.93,0,2024-12-16
7826,31,28,Om Ali Dessert,71.73,0,2024-12-30
7827,31,28,Om Ali Dessert,71.18,0,2025-01-13
7828,31,28,Om Ali,65.91,1,2025-01-27
7829,31,28,Om Ali Dessert,63.72,1,2025-02-10
7830,31,28,Egyptian Bread Pudding,64.45,0,2025-02-24
7831,31,28,Om Ali Dessert,64.92,0,2025-03-10
7832,31,28,Egyptian Bread Pudding,58.8,1,2025-03-24
7833,31,28,Om Ali Dessert,59.58,0,2025-04-21
7834,31,28,Egyptian Bread Pudding,60.26,0,2025-05-05
7835,31,28,Om Ali,60.67,0,2025-05-19
7836,31,28,Om Ali,61.35,0,2025-06-02
7837,31,28,Egyptian Bread Pudding,61.66,0,2025-06-16
7838,31,28,Egyptian Bread Pudding,62.58,0,2025-06-30
7839,31,28,Egyptian Bread Pudding,63.46,0,2025-07-14
7840,31,28,Om Ali,63.79,0,2025-07-28
7841,31,28,Egyptian Bread Pudding,64.46,0,2025-08-25
7842,31,28,Egyptian Bread Pudding,65.05,0,2025-09-08
7843,31,28,Egyptian Bread Pudding,66.01,0,2025-09-22
7844,31,28,Om Ali Dessert,62.52,1,2025-10-06
7845,31,28,Egyptian Bread Pudding,63.44,0,2025-12-01
7846,31,28,Egyptian Bread Pudding,64.0,0,2025-12-15
7847,31,28,Egyptian Bread Pudding,64.89,0,2025-12-29
7848,31,4,Spicy Liver,99.71,0,2024-01-01
7849,31,4,Grilled Liver,98.09,0,2024-01-15
7850,31,4,Grilled Liver,98.74,0,2024-02-12
7851,31,4,Grilled Liver,89.04,1,2024-03-25
7852,31,4,Spicy Liver,89.55,0,2024-04-08
7853,31,4,Spicy Liver,90.08,0,2024-04-22
7854,31,4,Grilled Liver,82.87,1,2024-05-06
7855,31,4,Spicy Liver,80.75,0,2024-06-03
7856,31,4,Spicy Liver,81.96,0,2024-06-17
7857,31,4,Spicy Liver,82.76,0,2024-07-01
7858,31,4,Liver Sandwich Platter,76.62,1,2024-07-15
7859,31,4,Liver Sandwich Platter,73.33,1,2024-07-29
7860,31,4,Grilled Liver,74.25,0,2024-08-12
7861,31,4,Grilled Liver,74.87,0,2024-09-09
7862,31,4,Spicy Liver,75.38,0,2024-10-21
7863,31,4,Liver Sandwich Platter,76.23,0,2024-11-04
7864,31,4,Grilled Liver,76.9,0,2024-12-02
7865,31,4,Grilled Liver,77.66,0,2024-12-16
7866,31,4,Spicy Liver,75.73,0,2024-12-30
7867,31,4,Liver Sandwich Platter,76.45,0,2025-01-13
7868,31,4,Grilled Liver,76.94,0,2025-01-27
7869,31,4,Grilled Liver,73.28,1,2025-02-24
7870,31,4,Liver Sandwich Platter,69.12,1,2025-03-10
7871,31,4,Spicy Liver,69.63,0,2025-03-24
7872,31,4,Liver Sandwich Platter,70.35,0,2025-04-07
7873,31,4,Grilled Liver,71.19,0,2025-04-21
7874,31,4,Spicy Liver,71.7,0,2025-05-05
7875,31,4,Spicy Liver,72.76,0,2025-06-02
7876,31,4,Liver Sandwich Platter,73.63,0,2025-06-16
7877,31,4,Spicy Liver,74.21,0,2025-06-30
7878,31,4,Grilled Liver,72.12,0,2025-07-14
7879,31,4,Grilled Liver,72.54,0,2025-08-11
7880,31,4,Spicy Liver,73.46,0,2025-08-25
7881,31,4,Grilled Liver,74.23,0,2025-09-22
7882,31,4,Grilled Liver,69.89,1,2025-10-06
7883,31,4,Grilled Liver,70.8,0,2025-10-20
7884,31,4,Liver Sandwich Platter,71.36,0,2025-11-03
7885,31,4,Liver Sandwich Platter,71.97,0,2025-11-17
7886,31,4,Liver Sandwich Platter,72.92,0,2025-12-01
7887,31,4,Liver Sandwich Platter,73.52,0,2025-12-29
7888,31,51,Spicy Liver Sub,64.95,1,2024-01-01
7889,31,51,Giblets Sandwich,65.89,0,2024-01-29
7890,31,51,Spicy Liver Sub,66.78,0,2024-02-12
7891,31,51,Liver Sandwich,67.21,0,2024-02-26
7892,31,51,Giblets Sandwich,68.16,0,2024-03-11
7893,31,51,Spicy Liver Sub,62.99,1,2024-04-08
7894,31,51,Liver Sandwich,58.07,1,2024-04-22
7895,31,51,Liver Sandwich,58.87,0,2024-05-06
7896,31,51,Liver Sandwich,59.36,0,2024-05-20
7897,31,51,Spicy Liver Sub,60.24,0,2024-06-03
7898,31,51,Spicy Liver Sub,60.61,0,2024-06-17
7899,31,51,Liver Sandwich,60.98,0,2024-07-01
7900,31,51,Giblets Sandwich,61.31,0,2024-07-15
7901,31,51,Spicy Liver Sub,61.87,0,2024-08-12
7902,31,51,Spicy Liver Sub,62.45,0,2024-09-09
7903,31,51,Spicy Liver Sub,63.16,0,2024-09-23
7904,31,51,Liver Sandwich,63.6,0,2024-10-07
7905,31,51,Giblets Sandwich,64.49,0,2024-10-21
7906,31,51,Spicy Liver Sub,65.4,0,2024-11-04
7907,31,51,Giblets Sandwich,66.16,0,2024-11-18
7908,31,51,Liver Sandwich,66.56,0,2024-12-02
7909,31,51,Liver Sandwich,67.03,0,2024-12-16
7910,31,51,Giblets Sandwich,67.44,0,2024-12-30
7911,31,51,Spicy Liver Sub,67.91,0,2025-01-27
7912,31,51,Spicy Liver Sub,68.67,0,2025-02-10
7913,31,51,Liver Sandwich,69.41,0,2025-02-24
7914,31,51,Spicy Liver Sub,65.15,1,2025-03-10
7915,31,51,Liver Sandwich,65.66,0,2025-04-07
7916,31,51,Liver Sandwich,66.12,0,2025-04-21
7917,31,51,Liver Sandwich,65.79,0,2025-05-19
7918,31,51,Spicy Liver Sub,66.37,0,2025-06-02
7919,31,51,Liver Sandwich,66.92,0,2025-06-16
7920,31,51,Spicy Liver Sub,67.51,0,2025-06-30
7921,31,51,Spicy Liver Sub,68.07,0,2025-07-14
7922,31,51,Liver Sandwich,64.01,1,2025-08-25
7923,31,51,Giblets Sandwich,64.95,0,2025-09-08
7924,31,51,Spicy Liver Sub,62.54,1,2025-09-22
7925,31,51,Spicy Liver Sub,63.38,0,2025-11-03
7926,31,51,Giblets Sandwich,64.2,0,2025-11-17
7927,31,51,Liver Sandwich,64.9,0,2025-12-01
7928,31,51,Spicy Liver Sub,65.52,0,2025-12-15
7929,32,52,Kofta Roll,66.83,1,2024-01-01
7930,32,52,Kofta Sandwich,67.52,0,2024-01-15
7931,32,52,Kofta Roll,68.43,0,2024-01-29
7932,32,52,Grilled Kofta Sub,66.76,0,2024-02-12
7933,32,52,Kofta Roll,67.39,0,2024-02-26
7934,32,52,Kofta Roll,64.63,1,2024-03-11
7935,32,52,Grilled Kofta Sub,63.24,0,2024-03-25
7936,32,52,Kofta Roll,63.88,0,2024-04-08
7937,32,52,Kofta Sandwich,64.42,0,2024-04-22
7938,32,52,Grilled Kofta Sub,65.04,0,2024-05-06
7939,32,52,Kofta Sandwich,65.61,0,2024-05-20
7940,32,52,Grilled Kofta Sub,66.19,0,2024-07-15
7941,32,52,Kofta Roll,66.89,0,2024-07-29
7942,32,52,Kofta Sandwich,67.53,0,2024-08-12
7943,32,52,Kofta Roll,68.25,0,2024-08-26
7944,32,52,Grilled Kofta Sub,67.22,0,2024-09-23
7945,32,52,Grilled Kofta Sub,67.7,0,2024-10-07
7946,32,52,Grilled Kofta Sub,68.61,0,2024-10-21
7947,32,52,Kofta Roll,69.61,0,2024-11-04
7948,32,52,Kofta Sandwich,70.1,0,2024-11-18
7949,32,52,Kofta Sandwich,63.44,1,2024-12-16
7950,32,52,Grilled Kofta Sub,57.8,1,2025-01-13
7951,32,52,Kofta Roll,52.81,1,2025-02-10
7952,32,52,Kofta Roll,53.3,0,2025-02-24
7953,32,52,Kofta Sandwich,53.66,0,2025-03-10
7954,32,52,Grilled Kofta Sub,52.3,0,2025-03-24
7955,32,52,Kofta Roll,52.78,0,2025-04-07
7956,32,52,Kofta Roll,53.42,0,2025-04-21
7957,32,52,Kofta Roll,54.05,0,2025-05-05
7958,32,52,Kofta Sandwich,54.35,0,2025-06-02
7959,32,52,Grilled Kofta Sub,49.16,1,2025-06-16
7960,32,52,Grilled Kofta Sub,45.27,1,2025-07-14
7961,32,52,Kofta Sandwich,45.55,0,2025-07-28
7962,32,52,Kofta Roll,46.16,0,2025-08-11
7963,32,52,Kofta Roll,46.4,0,2025-08-25
7964,32,52,Kofta Sandwich,44.43,1,2025-09-08
7965,32,52,Kofta Sandwich,44.96,0,2025-09-22
7966,32,52,Grilled Kofta Sub,45.26,0,2025-10-06
7967,32,52,Kofta Sandwich,45.83,0,2025-10-20
7968,32,52,Grilled Kofta Sub,46.3,0,2025-11-03
7969,32,52,Kofta Sandwich,45.61,0,2025-11-17
7970,32,52,Kofta Roll,45.93,0,2025-12-01
7971,32,52,Kofta Sandwich,46.59,0,2025-12-15
7972,32,52,Kofta Roll,47.17,0,2025-12-29
7973,32,11,Koshari,70.07,0,2024-01-15
7974,32,11,Classic Koshari,68.41,0,2024-01-29
7975,32,11,Classic Koshari,68.92,0,2024-02-12
7976,32,11,Koshari,67.99,0,2024-02-26
7977,32,11,Egyptian Koshari,63.54,1,2024-03-11
7978,32,11,Koshari,64.02,0,2024-04-08
7979,32,11,Classic Koshari,64.77,0,2024-04-22
7980,32,11,Egyptian Koshari,65.72,0,2024-05-06
7981,32,11,Koshari,66.6,0,2024-06-03
7982,32,11,Classic Koshari,67.41,0,2024-06-17
7983,32,11,Classic Koshari,66.58,0,2024-07-29
7984,32,11,Classic Koshari,67.13,0,2024-08-12
7985,32,11,Classic Koshari,68.08,0,2024-08-26
7986,32,11,Koshari,66.58,0,2024-09-09
7987,32,11,Classic Koshari,67.55,0,2024-09-23
7988,32,11,Koshari,68.04,0,2024-10-07
7989,32,11,Egyptian Koshari,68.77,0,2024-10-21
7990,32,11,Egyptian Koshari,69.76,0,2024-11-04
7991,32,11,Koshari,70.19,0,2024-11-18
7992,32,11,Egyptian Koshari,68.64,0,2024-12-02
7993,32,11,Classic Koshari,69.24,0,2025-02-24
7994,32,11,Classic Koshari,70.19,0,2025-03-10
7995,32,11,Classic Koshari,67.6,1,2025-03-24
7996,32,11,Classic Koshari,68.37,0,2025-04-07
7997,32,11,Classic Koshari,67.19,0,2025-05-05
7998,32,11,Egyptian Koshari,65.44,0,2025-05-19
7999,32,11,Classic Koshari,61.44,1,2025-06-02
8000,32,11,Classic Koshari,61.95,0,2025-06-16
8001,32,11,Classic Koshari,62.77,0,2025-07-14
8002,32,11,Classic Koshari,63.13,0,2025-08-11
8003,32,11,Koshari,57.12,1,2025-08-25
8004,32,11,Egyptian Koshari,57.53,0,2025-09-08
8005,32,11,Egyptian Koshari,55.99,0,2025-09-22
8006,32,11,Egyptian Koshari,51.0,1,2025-10-20
8007,32,11,Egyptian Koshari,51.46,0,2025-11-17
8008,32,11,Egyptian Koshari,47.3,1,2025-12-01
8009,32,11,Classic Koshari,47.6,0,2025-12-15
8010,32,11,Classic Koshari,48.27,0,2025-12-29
8011,32,51,Spicy Liver Sub,73.02,0,2024-01-01
8012,32,51,Giblets Sandwich,71.65,0,2024-01-15
8013,32,51,Spicy Liver Sub,72.31,0,2024-02-26
8014,32,51,Spicy Liver Sub,72.97,0,2024-03-25
8015,32,51,Liver Sandwich,69.68,1,2024-05-06
8016,32,51,Giblets Sandwich,70.13,0,2024-05-20
8017,32,51,Liver Sandwich,63.39,1,2024-08-26
8018,32,51,Giblets Sandwich,63.95,0,2024-09-09
8019,32,51,Giblets Sandwich,62.72,0,2024-10-07
8020,32,51,Spicy Liver Sub,63.15,0,2024-11-18
8021,32,51,Liver Sandwich,63.62,0,2024-12-16
8022,32,51,Liver Sandwich,64.04,0,2024-12-30
8023,32,51,Giblets Sandwich,61.61,1,2025-01-27
8024,32,51,Spicy Liver Sub,62.41,0,2025-02-10
8025,32,51,Giblets Sandwich,58.17,1,2025-02-24
8026,32,51,Spicy Liver Sub,58.99,0,2025-03-24
8027,32,51,Liver Sandwich,59.87,0,2025-04-07
8028,32,51,Spicy Liver Sub,55.37,1,2025-05-05
8029,32,51,Spicy Liver Sub,56.13,0,2025-05-19
8030,32,51,Spicy Liver Sub,56.77,0,2025-06-02
8031,32,51,Spicy Liver Sub,57.09,0,2025-06-16
8032,32,51,Giblets Sandwich,57.48,0,2025-06-30
8033,32,51,Liver Sandwich,57.85,0,2025-07-14
8034,32,51,Liver Sandwich,55.68,1,2025-08-25
8035,32,51,Spicy Liver Sub,56.14,0,2025-09-08
8036,32,51,Spicy Liver Sub,56.49,0,2025-09-22
8037,32,51,Liver Sandwich,57.05,0,2025-10-06
8038,32,51,Liver Sandwich,57.52,0,2025-10-20
8039,32,51,Giblets Sandwich,58.12,0,2025-11-03
8040,32,51,Liver Sandwich,58.81,0,2025-11-17
8041,32,51,Liver Sandwich,59.12,0,2025-12-29
8042,32,40,Cheese Pizza,123.84,0,2024-01-01
8043,32,40,Margherita,124.89,0,2024-01-15
8044,32,40,Cheese Pizza,126.19,0,2024-02-12
8045,32,40,Margherita,126.89,0,2024-02-26
8046,32,40,Cheese Pizza,127.78,0,2024-04-08
8047,32,40,Cheese Pizza,128.68,0,2024-04-22
8048,32,40,Classic Pizza,127.51,0,2024-05-06
8049,32,40,Cheese Pizza,128.75,0,2024-06-03
8050,32,40,Classic Pizza,129.71,0,2024-07-15
8051,32,40,Classic Pizza,131.24,0,2024-07-29
8052,32,40,Margherita,130.36,0,2024-08-12
8053,32,40,Margherita,132.02,0,2024-09-09
8054,32,40,Margherita,133.42,0,2024-10-07
8055,32,40,Margherita,135.06,0,2024-10-21
8056,32,40,Classic Pizza,131.24,0,2024-11-04
8057,32,40,Cheese Pizza,132.15,0,2024-11-18
8058,32,40,Classic Pizza,133.77,0,2024-12-02
8059,32,40,Cheese Pizza,134.99,0,2024-12-16
8060,32,40,Cheese Pizza,136.31,0,2025-02-24
8061,32,40,Margherita,137.11,0,2025-03-10
8062,32,40,Cheese Pizza,126.96,1,2025-03-24
8063,32,40,Classic Pizza,127.61,0,2025-04-07
8064,32,40,Cheese Pizza,129.22,0,2025-04-21
8065,32,40,Classic Pizza,130.74,0,2025-05-05
8066,32,40,Margherita,132.07,0,2025-07-14
8067,32,40,Cheese Pizza,133.7,0,2025-07-28
8068,32,40,Cheese Pizza,135.03,0,2025-08-11
8069,32,40,Classic Pizza,135.72,0,2025-08-25
8070,32,40,Margherita,137.28,0,2025-09-08
8071,32,40,Margherita,139.26,0,2025-10-20
8072,32,40,Margherita,141.31,0,2025-11-03
8073,32,40,Margherita,142.16,0,2025-11-17
8074,32,40,Margherita,140.3,0,2025-12-01
8075,32,40,Classic Pizza,142.35,0,2025-12-15
8076,32,40,Cheese Pizza,144.46,0,2025-12-29
8077,32,30,Ramadan Pancake,72.18,1,2024-01-01
8078,32,30,Qatayef,73.18,0,2024-01-29
8079,32,30,Qatayef,73.9,0,2024-02-12
8080,32,30,Sweet Qatayef,68.25,1,2024-02-26
8081,32,30,Ramadan Pancake,69.03,0,2024-03-11
8082,32,30,Qatayef,69.81,0,2024-03-25
8083,32,30,Ramadan Pancake,62.96,1,2024-04-08
8084,32,30,Ramadan Pancake,63.89,0,2024-04-22
8085,32,30,Qatayef,64.55,0,2024-05-06
8086,32,30,Qatayef,62.79,0,2024-05-20
8087,32,30,Ramadan Pancake,63.63,0,2024-06-03
8088,32,30,Qatayef,63.97,0,2024-06-17
8089,32,30,Ramadan Pancake,64.62,0,2024-07-15
8090,32,30,Ramadan Pancake,65.0,0,2024-07-29
8091,32,30,Qatayef,65.58,0,2024-08-12
8092,32,30,Qatayef,66.39,0,2024-08-26
8093,32,30,Sweet Qatayef,67.31,0,2024-09-09
8094,32,30,Qatayef,68.07,0,2024-10-07
8095,32,30,Sweet Qatayef,68.97,0,2024-10-21
8096,32,30,Qatayef,69.47,0,2024-11-04
8097,32,30,Ramadan Pancake,70.43,0,2024-11-18
8098,32,30,Qatayef,70.91,0,2024-12-16
8099,32,30,Sweet Qatayef,71.27,0,2025-01-13
8100,32,30,Qatayef,72.1,0,2025-01-27
8101,32,30,Sweet Qatayef,72.8,0,2025-02-24
8102,32,30,Qatayef,73.56,0,2025-03-10
8103,32,30,Ramadan Pancake,67.0,1,2025-03-24
8104,32,30,Sweet Qatayef,64.99,1,2025-04-07
8105,32,30,Sweet Qatayef,65.6,0,2025-04-21
8106,32,30,Sweet Qatayef,66.42,0,2025-05-19
8107,32,30,Sweet Qatayef,67.01,0,2025-06-16
8108,32,30,Ramadan Pancake,67.6,0,2025-06-30
8109,32,30,Sweet Qatayef,68.34,0,2025-07-14
8110,32,30,Sweet Qatayef,68.86,0,2025-08-11
8111,32,30,Qatayef,69.8,0,2025-08-25
8112,32,30,Ramadan Pancake,65.17,1,2025-10-06
8113,32,30,Sweet Qatayef,66.11,0,2025-10-20
8114,32,30,Sweet Qatayef,67.05,0,2025-11-03
8115,32,30,Sweet Qatayef,67.51,0,2025-12-29
8116,32,3,Grilled Chicken,139.77,0,2024-01-01
8117,32,3,Grilled Chicken,140.52,0,2024-01-15
8118,32,3,Roasted Chicken,141.88,0,2024-01-29
8119,32,3,Roasted Chicken,143.14,0,2024-02-12
8120,32,3,Half Chicken,129.85,1,2024-02-26
8121,32,3,Roasted Chicken,131.09,0,2024-03-11
8122,32,3,Grilled Chicken,119.37,1,2024-03-25
8123,32,3,Roasted Chicken,120.83,0,2024-04-08
8124,32,3,Grilled Chicken,122.49,0,2024-04-22
8125,32,3,Half Chicken,124.04,0,2024-05-06
8126,32,3,Half Chicken,125.59,0,2024-05-20
8127,32,3,Half Chicken,126.93,0,2024-06-03
8128,32,3,Roasted Chicken,127.93,0,2024-06-17
8129,32,3,Roasted Chicken,129.74,0,2024-08-12
8130,32,3,Grilled Chicken,131.63,0,2024-08-26
8131,32,3,Half Chicken,133.46,0,2024-09-09
8132,32,3,Roasted Chicken,134.86,0,2024-09-23
8133,32,3,Roasted Chicken,135.86,0,2024-10-07
8134,32,3,Grilled Chicken,137.28,0,2024-10-21
8135,32,3,Grilled Chicken,139.08,0,2024-11-18
8136,32,3,Grilled Chicken,133.11,1,2024-12-02
8137,32,3,Roasted Chicken,128.56,1,2024-12-16
8138,32,3,Roasted Chicken,129.64,0,2025-01-27
8139,32,3,Half Chicken,130.36,0,2025-03-10
8140,32,3,Half Chicken,131.68,0,2025-04-07
8141,32,3,Grilled Chicken,133.27,0,2025-04-21
8142,32,3,Roasted Chicken,129.59,0,2025-06-02
8143,32,3,Grilled Chicken,130.84,0,2025-06-30
8144,32,3,Grilled Chicken,128.31,0,2025-08-11
8145,32,3,Half Chicken,118.21,1,2025-08-25
8146,32,3,Roasted Chicken,110.5,1,2025-09-22
8147,32,3,Half Chicken,101.86,1,2025-10-20
8148,32,3,Grilled Chicken,95.06,1,2025-12-01
8149,32,3,Half Chicken,95.68,0,2025-12-29
8150,32,14,Stuffed Pigeon,163.41,0,2024-02-12
8151,32,14,Stuffed Pigeon,164.62,0,2024-02-26
8152,32,14,Stuffed Pigeon,148.86,1,2024-03-11
8153,32,14,Pigeon Dish,151.07,0,2024-04-08
8154,32,14,Stuffed Pigeon,152.52,0,2024-04-22
8155,32,14,Hamam Mahshi,153.68,0,2024-06-03
8156,32,14,Hamam Mahshi,155.82,0,2024-06-17
8157,32,14,Stuffed Pigeon,157.15,0,2024-07-01
8158,32,14,Stuffed Pigeon,158.9,0,2024-07-15
8159,32,14,Pigeon Dish,161.0,0,2024-08-12
8160,32,14,Pigeon Dish,162.46,0,2024-08-26
8161,32,14,Stuffed Pigeon,154.88,1,2024-09-09
8162,32,14,Stuffed Pigeon,156.9,0,2024-11-04
8163,32,14,Stuffed Pigeon,158.31,0,2024-11-18
8164,32,14,Hamam Mahshi,159.34,0,2024-12-02
8165,32,14,Pigeon Dish,161.43,0,2024-12-30
8166,32,14,Hamam Mahshi,162.38,0,2025-02-10
8167,32,14,Stuffed Pigeon,154.46,1,2025-03-10
8168,32,14,Pigeon Dish,137.75,1,2025-03-24
8169,32,14,Stuffed Pigeon,138.74,0,2025-04-21
8170,32,14,Pigeon Dish,140.2,0,2025-05-05
8171,32,14,Stuffed Pigeon,141.63,0,2025-05-19
8172,32,14,Stuffed Pigeon,142.82,0,2025-06-16
8173,32,14,Pigeon Dish,144.72,0,2025-06-30
8174,32,14,Pigeon Dish,146.82,0,2025-07-14
8175,32,14,Pigeon Dish,147.94,0,2025-07-28
8176,32,14,Hamam Mahshi,149.46,0,2025-08-11
8177,32,14,Stuffed Pigeon,150.25,0,2025-08-25
8178,32,14,Stuffed Pigeon,151.63,0,2025-09-08
8179,32,14,Hamam Mahshi,153.62,0,2025-09-22
8180,32,14,Stuffed Pigeon,155.13,0,2025-10-20
8181,32,14,Hamam Mahshi,156.25,0,2025-12-15
8182,32,14,Stuffed Pigeon,146.6,1,2025-12-29
8183,32,2,Halal Kabab,163.7,0,2024-01-01
8184,32,2,Kabab Platter,166.05,0,2024-01-15
8185,32,2,Halal Kabab,167.16,0,2024-01-29
8186,32,2,Grilled Kabab,168.45,0,2024-02-12
8187,32,2,Halal Kabab,169.3,0,2024-02-26
8188,32,2,Kabab Platter,160.11,1,2024-03-11
8189,32,2,Halal Kabab,142.86,1,2024-03-25
8190,32,2,Kabab Platter,141.63,0,2024-04-08
8191,32,2,Kabab Platter,143.04,0,2024-04-22
8192,32,2,Grilled Kabab,144.22,0,2024-05-20
8193,32,2,Halal Kabab,145.25,0,2024-06-03
8194,32,2,Halal Kabab,147.17,0,2024-07-01
8195,32,2,Grilled Kabab,147.96,0,2024-07-15
8196,32,2,Kabab Platter,149.11,0,2024-08-12
8197,32,2,Kabab Platter,150.81,0,2024-08-26
8198,32,2,Halal Kabab,152.17,0,2024-09-09
8199,32,2,Kabab Platter,153.53,0,2024-09-23
8200,32,2,Halal Kabab,147.5,1,2024-11-04
8201,32,2,Halal Kabab,148.49,0,2024-11-18
8202,32,2,Kabab Platter,150.04,0,2024-12-02
8203,32,2,Kabab Platter,151.49,0,2024-12-30
8204,32,2,Grilled Kabab,152.89,0,2025-01-13
8205,32,2,Halal Kabab,138.67,1,2025-01-27
8206,32,2,Halal Kabab,140.37,0,2025-02-10
8207,32,2,Kabab Platter,142.34,0,2025-02-24
8208,32,2,Halal Kabab,143.92,0,2025-05-05
8209,32,2,Grilled Kabab,144.93,0,2025-05-19
8210,32,2,Halal Kabab,131.11,1,2025-06-02
8211,32,2,Kabab Platter,132.43,0,2025-08-11
8212,32,2,Halal Kabab,133.77,0,2025-08-25
8213,32,2,Grilled Kabab,135.54,0,2025-09-08
8214,32,2,Halal Kabab,136.98,0,2025-10-06
8215,32,2,Halal Kabab,127.43,1,2025-11-17
8216,32,2,Kabab Platter,129.33,0,2025-12-15
8217,32,2,Grilled Kabab,131.21,0,2025-12-29
8218,33,29,Sweet Kunafa,74.52,1,2024-01-01
8219,33,29,Kunafa,74.99,0,2024-01-15
8220,33,29,Konafa Plate,75.39,0,2024-01-29
8221,33,29,Konafa Plate,75.91,0,2024-02-26
8222,33,29,Kunafa,76.68,0,2024-03-11
8223,33,29,Sweet Kunafa,77.47,0,2024-03-25
8224,33,29,Sweet Kunafa,78.16,0,2024-04-08
8225,33,29,Kunafa,79.13,0,2024-04-22
8226,33,29,Kunafa,79.86,0,2024-05-06
8227,33,29,Sweet Kunafa,80.33,0,2024-06-03
8228,33,29,Konafa Plate,80.94,0,2024-06-17
8229,33,29,Kunafa,81.9,0,2024-07-01
8230,33,29,Konafa Plate,82.9,0,2024-07-15
8231,33,29,Sweet Kunafa,83.5,0,2024-07-29
8232,33,29,Konafa Plate,84.48,0,2024-08-12
8233,33,29,Kunafa,85.74,0,2024-08-26
8234,33,29,Sweet Kunafa,86.99,0,2024-09-09
8235,33,29,Sweet Kunafa,88.16,0,2024-10-07
8236,33,29,Sweet Kunafa,86.04,0,2024-10-21
8237,33,29,Kunafa,87.01,0,2024-11-04
8238,33,29,Sweet Kunafa,87.6,0,2024-11-18
8239,33,29,Konafa Plate,88.57,0,2024-12-02
8240,33,29,Konafa Plate,89.35,0,2025-01-27
8241,33,29,Kunafa,85.04,1,2025-02-10
8242,33,29,Konafa Plate,82.54,0,2025-02-24
8243,33,29,Kunafa,83.42,0,2025-03-24
8244,33,29,Konafa Plate,84.56,0,2025-04-07
8245,33,29,Kunafa,85.76,0,2025-04-21
8246,33,29,Kunafa,86.76,0,2025-05-05
8247,33,29,Konafa Plate,87.93,0,2025-05-19
8248,33,29,Konafa Plate,88.72,0,2025-06-02
8249,33,29,Kunafa,89.38,0,2025-06-16
8250,33,29,Kunafa,90.36,0,2025-06-30
8251,33,29,Kunafa,91.69,0,2025-07-28
8252,33,29,Sweet Kunafa,92.34,0,2025-08-11
8253,33,29,Konafa Plate,93.25,0,2025-08-25
8254,33,29,Sweet Kunafa,84.38,1,2025-09-08
8255,33,29,Sweet Kunafa,85.1,0,2025-09-22
8256,33,29,Konafa Plate,85.96,0,2025-10-20
8257,33,29,Kunafa,86.86,0,2025-11-03
8258,33,29,Sweet Kunafa,85.15,0,2025-11-17
8259,33,29,Kunafa,83.01,0,2025-12-01
8260,33,29,Sweet Kunafa,83.71,0,2025-12-15
8261,33,29,Konafa Plate,84.89,0,2025-12-29
8262,33,7,Chicken Shawarma,136.35,0,2024-01-01
8263,33,7,Chicken Shawarma,137.07,0,2024-01-15
8264,33,7,Chicken Shawarma,134.02,0,2024-01-29
8265,33,7,Chicken Shawarma,135.64,0,2024-02-12
8266,33,7,Shawarma Wrap,137.24,0,2024-03-11
8267,33,7,Shawarma Wrap,138.96,0,2024-03-25
8268,33,7,Crispy Shawarma,140.78,0,2024-05-06
8269,33,7,Chicken Shawarma,142.08,0,2024-05-20
8270,33,7,Chicken Shawarma,142.81,0,2024-06-03
8271,33,7,Chicken Shawarma,144.81,0,2024-07-01
8272,33,7,Crispy Shawarma,135.88,1,2024-07-15
8273,33,7,Crispy Shawarma,137.44,0,2024-10-21
8274,33,7,Crispy Shawarma,125.75,1,2024-11-04
8275,33,7,Shawarma Wrap,126.58,0,2024-11-18
8276,33,7,Chicken Shawarma,127.23,0,2024-12-02
8277,33,7,Chicken Shawarma,128.06,0,2024-12-30
8278,33,7,Crispy Shawarma,124.88,0,2025-01-27
8279,33,7,Crispy Shawarma,126.74,0,2025-02-24
8280,33,7,Crispy Shawarma,116.21,1,2025-03-10
8281,33,7,Chicken Shawarma,117.64,0,2025-03-24
8282,33,7,Chicken Shawarma,106.74,1,2025-04-07
8283,33,7,Shawarma Wrap,108.26,0,2025-05-05
8284,33,7,Chicken Shawarma,109.52,0,2025-06-30
8285,33,7,Shawarma Wrap,110.53,0,2025-07-14
8286,33,7,Shawarma Wrap,111.7,0,2025-07-28
8287,33,7,Shawarma Wrap,104.58,1,2025-08-11
8288,33,7,Shawarma Wrap,105.26,0,2025-08-25
8289,33,7,Chicken Shawarma,96.03,1,2025-09-08
8290,33,7,Shawarma Wrap,96.92,0,2025-09-22
8291,33,7,Chicken Shawarma,97.69,0,2025-10-06
8292,33,7,Crispy Shawarma,98.96,0,2025-10-20
8293,33,7,Crispy Shawarma,99.8,0,2025-12-15
8294,33,28,Om Ali,91.0,0,2024-01-01
8295,33,28,Egyptian Bread Pudding,91.94,0,2024-01-15
8296,33,28,Om Ali,92.42,0,2024-01-29
8297,33,28,Egyptian Bread Pudding,92.92,0,2024-02-12
8298,33,28,Om Ali Dessert,81.79,1,2024-03-11
8299,33,28,Om Ali,82.6,0,2024-03-25
8300,33,28,Egyptian Bread Pudding,77.44,1,2024-04-08
8301,33,28,Om Ali,75.27,0,2024-04-22
8302,33,28,Om Ali Dessert,75.99,0,2024-05-20
8303,33,28,Om Ali,75.3,0,2024-06-03
8304,33,28,Om Ali Dessert,74.83,0,2024-06-17
8305,33,28,Egyptian Bread Pudding,67.54,1,2024-07-01
8306,33,28,Om Ali Dessert,65.35,1,2024-07-29
8307,33,28,Egyptian Bread Pudding,62.64,1,2024-08-12
8308,33,28,Om Ali Dessert,60.59,1,2024-08-26
8309,33,28,Egyptian Bread Pudding,60.89,0,2024-09-09
8310,33,28,Egyptian Bread Pudding,61.29,0,2024-09-23
8311,33,28,Om Ali,61.75,0,2024-10-07
8312,33,28,Om Ali,62.21,0,2024-10-21
8313,33,28,Egyptian Bread Pudding,60.72,0,2024-11-04
8314,33,28,Om Ali Dessert,61.28,0,2024-12-02
8315,33,28,Egyptian Bread Pudding,62.18,0,2024-12-16
8316,33,28,Egyptian Bread Pudding,62.55,0,2025-01-13
8317,33,28,Egyptian Bread Pudding,61.47,0,2025-01-27
8318,33,28,Egyptian Bread Pudding,61.8,0,2025-02-24
8319,33,28,Om Ali,62.17,0,2025-03-10
8320,33,28,Om Ali Dessert,63.02,0,2025-03-24
8321,33,28,Egyptian Bread Pudding,63.63,0,2025-04-21
8322,33,28,Om Ali,63.96,0,2025-05-05
8323,33,28,Om Ali Dessert,64.36,0,2025-05-19
8324,33,28,Egyptian Bread Pudding,65.02,0,2025-06-02
8325,33,28,Om Ali,63.51,0,2025-06-16
8326,33,28,Egyptian Bread Pudding,63.99,0,2025-06-30
8327,33,28,Om Ali,64.94,0,2025-07-28
8328,33,28,Om Ali,65.52,0,2025-08-11
8329,33,28,Om Ali,66.19,0,2025-08-25
8330,33,28,Egyptian Bread Pudding,67.14,0,2025-09-08
8331,33,28,Egyptian Bread Pudding,61.82,1,2025-09-22
8332,33,28,Om Ali,62.24,0,2025-10-06
8333,33,28,Om Ali,62.87,0,2025-10-20
8334,33,28,Om Ali,63.72,0,2025-11-03
8335,33,28,Om Ali,62.03,0,2025-11-17
8336,33,28,Om Ali,62.85,0,2025-12-01
8337,33,28,Egyptian Bread Pudding,56.67,1,2025-12-15
8338,33,28,Om Ali,57.5,0,2025-12-29
8339,33,50,Meat Roll,96.24,1,2024-01-15
8340,33,50,Beef Shawarma Sandwich,96.74,0,2024-01-29
8341,33,50,Beef Shawarma Sandwich,92.38,1,2024-02-12
8342,33,50,Meat Shawarma Wrap,93.34,0,2024-03-11
8343,33,50,Beef Shawarma Sandwich,86.92,1,2024-03-25
8344,33,50,Beef Shawarma Sandwich,79.03,1,2024-04-08
8345,33,50,Meat Roll,79.59,0,2024-05-06
8346,33,50,Meat Shawarma Wrap,80.46,0,2024-05-20
8347,33,50,Beef Shawarma Sandwich,78.3,0,2024-06-03
8348,33,50,Meat Roll,79.15,0,2024-06-17
8349,33,50,Meat Shawarma Wrap,79.97,0,2024-07-01
8350,33,50,Meat Shawarma Wrap,80.97,0,2024-07-15
8351,33,50,Beef Shawarma Sandwich,80.23,0,2024-07-29
8352,33,50,Beef Shawarma Sandwich,80.91,0,2024-08-12
8353,33,50,Meat Roll,81.92,0,2024-08-26
8354,33,50,Meat Roll,82.72,0,2024-09-09
8355,33,50,Meat Roll,83.17,0,2024-09-23
8356,33,50,Meat Roll,84.13,0,2024-11-04
8357,33,50,Beef Shawarma Sandwich,80.5,1,2024-11-18
8358,33,50,Beef Shawarma Sandwich,80.91,0,2024-12-30
8359,33,50,Beef Shawarma Sandwich,81.74,0,2025-02-24
8360,33,50,Beef Shawarma Sandwich,82.76,0,2025-03-10
8361,33,50,Meat Shawarma Wrap,83.52,0,2025-04-21
8362,33,50,Meat Shawarma Wrap,82.59,0,2025-05-05
8363,33,50,Meat Shawarma Wrap,83.78,0,2025-06-02
8364,33,50,Meat Shawarma Wrap,84.7,0,2025-06-16
8365,33,50,Beef Shawarma Sandwich,83.22,0,2025-07-14
8366,33,50,Beef Shawarma Sandwich,79.84,1,2025-08-25
8367,33,50,Meat Shawarma Wrap,80.47,0,2025-09-08
8368,33,50,Meat Roll,81.1,0,2025-09-22
8369,33,50,Beef Shawarma Sandwich,81.76,0,2025-10-20
8370,33,50,Beef Shawarma Sandwich,82.8,0,2025-11-03
8371,33,50,Meat Roll,77.95,1,2025-11-17
8372,33,50,Meat Roll,78.41,0,2025-12-29
8373,33,2,Halal Kabab,168.34,1,2024-01-15
8374,33,2,Halal Kabab,169.41,0,2024-01-29
8375,33,2,Kabab Platter,159.72,1,2024-03-11
8376,33,2,Grilled Kabab,147.16,1,2024-03-25
8377,33,2,Halal Kabab,148.49,0,2024-04-08
8378,33,2,Halal Kabab,149.35,0,2024-04-22
8379,33,2,Kabab Platter,150.46,0,2024-05-20
8380,33,2,Halal Kabab,151.82,0,2024-06-03
8381,33,2,Kabab Platter,153.99,0,2024-06-17
8382,33,2,Halal Kabab,155.88,0,2024-07-01
8383,33,2,Kabab Platter,157.03,0,2024-07-15
8384,33,2,Halal Kabab,159.33,0,2024-08-26
8385,33,2,Kabab Platter,161.07,0,2024-09-09
8386,33,2,Halal Kabab,162.61,0,2024-10-07
8387,33,2,Halal Kabab,164.08,0,2024-10-21
8388,33,2,Grilled Kabab,157.69,1,2024-11-04
8389,33,2,Kabab Platter,158.68,0,2024-11-18
8390,33,2,Halal Kabab,160.07,0,2024-12-16
8391,33,2,Grilled Kabab,153.05,1,2024-12-30
8392,33,2,Halal Kabab,155.11,0,2025-01-13
8393,33,2,Kabab Platter,157.03,0,2025-01-27
8394,33,2,Kabab Platter,157.94,0,2025-02-10
8395,33,2,Halal Kabab,160.3,0,2025-02-24
8396,33,2,Grilled Kabab,152.14,1,2025-03-10
8397,33,2,Kabab Platter,153.62,0,2025-04-07
8398,33,2,Kabab Platter,155.09,0,2025-05-05
8399,33,2,Grilled Kabab,141.44,1,2025-05-19
8400,33,2,Kabab Platter,143.44,0,2025-06-02
8401,33,2,Halal Kabab,144.96,0,2025-07-14
8402,33,2,Kabab Platter,134.65,1,2025-07-28
8403,33,2,Grilled Kabab,136.4,0,2025-08-25
8404,33,2,Halal Kabab,131.63,1,2025-09-08
8405,33,2,Grilled Kabab,132.36,0,2025-09-22
8406,33,2,Kabab Platter,133.31,0,2025-10-06
8407,33,2,Grilled Kabab,135.14,0,2025-11-17
8408,33,2,Halal Kabab,135.82,0,2025-12-15
8409,33,2,Grilled Kabab,124.46,1,2025-12-29
8410,34,33,BBQ Family Pack,609.36,0,2024-01-01
8411,34,33,Family Grill Box,550.71,1,2024-01-29
8412,34,33,BBQ Family Pack,533.87,1,2024-03-11
8413,34,33,BBQ Family Pack,537.89,0,2024-04-08
8414,34,33,BBQ Family Pack,544.12,0,2024-04-22
8415,34,33,BBQ Family Pack,549.94,0,2024-05-20
8416,34,33,Family Grill Box,554.67,0,2024-06-03
8417,34,33,Mixed Grill Family,561.25,0,2024-06-17
8418,34,33,BBQ Family Pack,549.26,0,2024-07-01
8419,34,33,Mixed Grill Family,555.98,0,2024-07-15
8420,34,33,BBQ Family Pack,552.49,0,2024-07-29
8421,34,33,BBQ Family Pack,529.75,1,2024-08-12
8422,34,33,BBQ Family Pack,534.34,0,2024-08-26
8423,34,33,Mixed Grill Family,541.95,0,2024-09-09
8424,34,33,BBQ Family Pack,548.01,0,2024-10-07
8425,34,33,Mixed Grill Family,527.37,1,2024-10-21
8426,34,33,Family Grill Box,532.75,0,2024-11-04
8427,34,33,Mixed Grill Family,536.84,0,2024-12-02
8428,34,33,BBQ Family Pack,522.62,0,2024-12-16
8429,34,33,BBQ Family Pack,498.11,1,2024-12-30
8430,34,33,Family Grill Box,505.2,0,2025-01-13
8431,34,33,BBQ Family Pack,510.88,0,2025-01-27
8432,34,33,Family Grill Box,516.08,0,2025-02-10
8433,34,33,Family Grill Box,508.48,0,2025-03-10
8434,34,33,BBQ Family Pack,513.51,0,2025-04-07
8435,34,33,BBQ Family Pack,516.94,0,2025-04-21
8436,34,33,Mixed Grill Family,520.8,0,2025-05-05
8437,34,33,BBQ Family Pack,473.27,1,2025-05-19
8438,34,33,Family Grill Box,476.72,0,2025-06-02
8439,34,33,Mixed Grill Family,482.82,0,2025-06-16
8440,34,33,Family Grill Box,489.04,0,2025-06-30
8441,34,33,BBQ Family Pack,457.53,1,2025-07-14
8442,34,33,BBQ Family Pack,463.55,0,2025-08-11
8443,34,33,Family Grill Box,469.27,0,2025-08-25
8444,34,33,Mixed Grill Family,474.74,0,2025-09-08
8445,34,33,Mixed Grill Family,481.43,0,2025-09-22
8446,34,33,Family Grill Box,487.25,0,2025-10-06
8447,34,33,BBQ Family Pack,443.13,1,2025-11-03
8448,34,33,BBQ Family Pack,449.13,0,2025-11-17
8449,34,33,Family Grill Box,455.55,0,2025-12-01
8450,34,33,BBQ Family Pack,460.66,0,2025-12-15
8451,34,33,Mixed Grill Family,464.78,0,2025-12-29
8452,34,34,Family Chicken,473.73,0,2024-01-01
8453,34,34,Family Chicken,477.09,0,2024-01-15
8454,34,34,Family Chicken,480.53,0,2024-01-29
8455,34,34,Chicken Family Meal,485.48,0,2024-02-12
8456,34,34,Chicken Family Meal,454.27,1,2024-03-11
8457,34,34,Family Chicken,458.84,0,2024-04-22
8458,34,34,Family Chicken,419.4,1,2024-05-06
8459,34,34,Family Chicken,423.28,0,2024-05-20
8460,34,34,Roasted Family Pack,411.94,0,2024-06-03
8461,34,34,Roasted Family Pack,415.13,0,2024-07-01
8462,34,34,Chicken Family Meal,418.29,0,2024-08-12
8463,34,34,Roasted Family Pack,423.62,0,2024-09-23
8464,34,34,Family Chicken,428.71,0,2024-10-07
8465,34,34,Family Chicken,432.37,0,2024-10-21
8466,34,34,Family Chicken,436.63,0,2024-11-04
8467,34,34,Roasted Family Pack,442.42,0,2024-11-18
8468,34,34,Family Chicken,446.88,0,2024-12-02
8469,34,34,Roasted Family Pack,450.75,0,2024-12-16
8470,34,34,Family Chicken,455.18,0,2025-01-13
8471,34,34,Roasted Family Pack,428.55,1,2025-01-27
8472,34,34,Roasted Family Pack,432.26,0,2025-02-24
8473,34,34,Family Chicken,403.27,1,2025-03-10
8474,34,34,Roasted Family Pack,409.22,0,2025-03-24
8475,34,34,Roasted Family Pack,398.32,0,2025-04-07
8476,34,34,Family Chicken,401.07,0,2025-04-21
8477,34,34,Family Chicken,404.3,0,2025-05-05
8478,34,34,Chicken Family Meal,390.87,1,2025-06-02
8479,34,34,Chicken Family Meal,396.09,0,2025-06-16
8480,34,34,Roasted Family Pack,398.64,0,2025-06-30
8481,34,34,Family Chicken,402.04,0,2025-07-28
8482,34,34,Family Chicken,405.23,0,2025-08-11
8483,34,34,Family Chicken,411.08,0,2025-09-08
8484,34,34,Family Chicken,415.13,0,2025-09-22
8485,34,34,Roasted Family Pack,419.28,0,2025-10-20
8486,34,34,Chicken Family Meal,409.2,0,2025-12-15
8487,34,34,Chicken Family Meal,414.87,0,2025-12-29
8488,34,52,Grilled Kofta Sub,67.05,0,2024-01-01
8489,34,52,Kofta Sandwich,67.98,0,2024-01-15
8490,34,52,Kofta Roll,68.38,0,2024-01-29
8491,34,52,Grilled Kofta Sub,69.12,0,2024-02-12
8492,34,52,Kofta Sandwich,70.06,0,2024-02-26
8493,34,52,Kofta Roll,70.99,0,2024-04-22
8494,34,52,Kofta Sandwich,71.37,0,2024-05-06
8495,34,52,Grilled Kofta Sub,72.16,0,2024-05-20
8496,34,52,Kofta Sandwich,72.77,0,2024-06-03
8497,34,52,Grilled Kofta Sub,73.18,0,2024-07-01
8498,34,52,Kofta Sandwich,73.97,0,2024-07-15
8499,34,52,Kofta Roll,69.66,1,2024-07-29
8500,34,52,Grilled Kofta Sub,70.27,0,2024-08-12
8501,34,52,Grilled Kofta Sub,71.19,0,2024-08-26
8502,34,52,Kofta Sandwich,71.99,0,2024-09-09
8503,34,52,Kofta Sandwich,73.02,0,2024-09-23
8504,34,52,Grilled Kofta Sub,73.86,0,2024-10-07
8505,34,52,Grilled Kofta Sub,67.67,1,2024-11-04
8506,34,52,Kofta Roll,68.65,0,2024-11-18
8507,34,52,Kofta Sandwich,64.4,1,2024-12-02
8508,34,52,Grilled Kofta Sub,64.8,0,2024-12-16
8509,34,52,Kofta Roll,65.71,0,2024-12-30
8510,34,52,Kofta Roll,66.55,0,2025-01-27
8511,34,52,Kofta Roll,67.03,0,2025-02-24
8512,34,52,Kofta Roll,67.64,0,2025-03-10
8513,34,52,Kofta Sandwich,68.23,0,2025-03-24
8514,34,52,Kofta Roll,69.18,0,2025-04-07
8515,34,52,Kofta Roll,69.86,0,2025-04-21
8516,34,52,Kofta Sandwich,70.6,0,2025-05-05
8517,34,52,Kofta Roll,65.5,1,2025-06-02
8518,34,52,Kofta Roll,66.28,0,2025-06-16
8519,34,52,Kofta Sandwich,67.14,0,2025-06-30
8520,34,52,Kofta Roll,67.83,0,2025-07-14
8521,34,52,Grilled Kofta Sub,63.41,1,2025-07-28
8522,34,52,Kofta Roll,64.11,0,2025-08-11
8523,34,52,Kofta Roll,64.62,0,2025-09-08
8524,34,52,Grilled Kofta Sub,65.22,0,2025-10-06
8525,34,52,Kofta Sandwich,66.05,0,2025-11-03
8526,34,52,Grilled Kofta Sub,66.97,0,2025-11-17
8527,34,52,Grilled Kofta Sub,67.71,0,2025-12-01
8528,34,52,Grilled Kofta Sub,68.31,0,2025-12-29
8529,34,14,Stuffed Pigeon,138.65,0,2024-01-01
8530,34,14,Stuffed Pigeon,139.77,0,2024-01-15
8531,34,14,Hamam Mahshi,141.83,0,2024-01-29
8532,34,14,Pigeon Dish,142.75,0,2024-02-12
8533,34,14,Pigeon Dish,144.77,0,2024-02-26
8534,34,14,Stuffed Pigeon,145.67,0,2024-04-08
8535,34,14,Stuffed Pigeon,146.69,0,2024-05-20
8536,34,14,Stuffed Pigeon,142.25,1,2024-06-03
8537,34,14,Stuffed Pigeon,143.45,0,2024-06-17
8538,34,14,Hamam Mahshi,142.39,0,2024-07-01
8539,34,14,Pigeon Dish,143.97,0,2024-07-15
8540,34,14,Hamam Mahshi,145.32,0,2024-07-29
8541,34,14,Hamam Mahshi,147.04,0,2024-08-26
8542,34,14,Pigeon Dish,141.05,1,2024-09-23
8543,34,14,Hamam Mahshi,142.54,0,2024-10-07
8544,34,14,Pigeon Dish,135.63,1,2024-10-21
8545,34,14,Stuffed Pigeon,136.72,0,2024-11-04
8546,34,14,Pigeon Dish,138.6,0,2024-12-02
8547,34,14,Hamam Mahshi,136.44,0,2024-12-16
8548,34,14,Stuffed Pigeon,131.57,1,2024-12-30
8549,34,14,Pigeon Dish,132.51,0,2025-02-10
8550,34,14,Hamam Mahshi,125.59,1,2025-03-24
8551,34,14,Pigeon Dish,127.15,0,2025-04-21
8552,34,14,Stuffed Pigeon,120.68,1,2025-05-05
8553,34,14,Stuffed Pigeon,116.73,1,2025-05-19
8554,34,14,Stuffed Pigeon,118.25,0,2025-06-16
8555,34,14,Stuffed Pigeon,119.89,0,2025-07-14
8556,34,14,Stuffed Pigeon,121.06,0,2025-09-22
8557,34,14,Stuffed Pigeon,121.68,0,2025-10-06
8558,34,14,Hamam Mahshi,122.67,0,2025-11-17
8559,34,14,Pigeon Dish,124.24,0,2025-12-29
8560,34,1,Classic Kofta,114.05,1,2024-01-01
8561,34,1,Classic Kofta,114.97,0,2024-01-15
8562,34,1,Classic Kofta,116.44,0,2024-01-29
8563,34,1,Grilled Kofta Plate,117.53,0,2024-02-12
8564,34,1,Classic Kofta,118.95,0,2024-02-26
8565,34,1,Classic Kofta,120.1,0,2024-04-08
8566,34,1,Grilled Kofta Plate,115.17,1,2024-04-22
8567,34,1,Mixed Kofta,109.63,1,2024-05-20
8568,34,1,Classic Kofta,111.16,0,2024-06-03
8569,34,1,Classic Kofta,111.81,0,2024-06-17
8570,34,1,Classic Kofta,113.43,0,2024-07-01
8571,34,1,Classic Kofta,114.52,0,2024-07-15
8572,34,1,Mixed Kofta,115.8,0,2024-07-29
8573,34,1,Grilled Kofta Plate,117.29,0,2024-08-26
8574,34,1,Mixed Kofta,118.05,0,2024-09-09
8575,34,1,Mixed Kofta,119.72,0,2024-09-23
8576,34,1,Grilled Kofta Plate,116.88,0,2024-10-07
8577,34,1,Grilled Kofta Plate,117.87,0,2024-12-02
8578,34,1,Grilled Kofta Plate,118.83,0,2024-12-16
8579,34,1,Classic Kofta,120.07,0,2025-01-13
8580,34,1,Classic Kofta,121.57,0,2025-01-27
8581,34,1,Classic Kofta,115.11,1,2025-02-24
8582,34,1,Classic Kofta,113.6,0,2025-03-10
8583,34,1,Mixed Kofta,105.29,1,2025-03-24
8584,34,1,Grilled Kofta Plate,105.82,0,2025-04-07
8585,34,1,Grilled Kofta Plate,106.56,0,2025-04-21
8586,34,1,Classic Kofta,107.9,0,2025-06-02
8587,34,1,Classic Kofta,109.04,0,2025-06-16
8588,34,1,Mixed Kofta,110.59,0,2025-07-14
8589,34,1,Grilled Kofta Plate,111.57,0,2025-07-28
8590,34,1,Mixed Kofta,112.58,0,2025-09-08
8591,34,1,Mixed Kofta,113.41,0,2025-09-22
8592,34,1,Mixed Kofta,114.92,0,2025-10-06
8593,34,1,Mixed Kofta,111.75,0,2025-10-20
8594,34,1,Classic Kofta,110.24,0,2025-11-03
8595,34,1,Mixed Kofta,103.15,1,2025-11-17
8596,34,1,Classic Kofta,103.68,0,2025-12-15
8597,34,1,Mixed Kofta,104.83,0,2025-12-29
8598,34,30,Ramadan Pancake,72.83,0,2024-01-01
8599,34,30,Qatayef,73.53,0,2024-01-15
8600,34,30,Qatayef,74.53,0,2024-01-29
8601,34,30,Ramadan Pancake,70.47,1,2024-02-12
8602,34,30,Ramadan Pancake,71.48,0,2024-02-26
8603,34,30,Qatayef,69.1,1,2024-03-11
8604,34,30,Sweet Qatayef,69.45,0,2024-03-25
8605,34,30,Sweet Qatayef,70.24,0,2024-04-08
8606,34,30,Ramadan Pancake,70.67,0,2024-05-06
8607,34,30,Sweet Qatayef,71.4,0,2024-05-20
8608,34,30,Sweet Qatayef,68.74,1,2024-06-03
8609,34,30,Qatayef,69.31,0,2024-07-15
8610,34,30,Qatayef,70.19,0,2024-08-12
8611,34,30,Sweet Qatayef,70.78,0,2024-09-09
8612,34,30,Sweet Qatayef,71.77,0,2024-10-21
8613,34,30,Qatayef,70.8,0,2024-11-04
8614,34,30,Ramadan Pancake,65.07,1,2024-11-18
8615,34,30,Qatayef,65.97,0,2024-12-30
8616,34,30,Sweet Qatayef,66.68,0,2025-01-13
8617,34,30,Ramadan Pancake,67.65,0,2025-01-27
8618,34,30,Qatayef,62.57,1,2025-02-24
8619,34,30,Qatayef,62.9,0,2025-03-10
8620,34,30,Sweet Qatayef,63.71,0,2025-03-24
8621,34,30,Qatayef,64.51,0,2025-04-07
8622,34,30,Sweet Qatayef,64.86,0,2025-04-21
8623,34,30,Qatayef,65.52,0,2025-05-05
8624,34,30,Sweet Qatayef,66.25,0,2025-06-02
8625,34,30,Qatayef,67.06,0,2025-06-30
8626,34,30,Sweet Qatayef,66.11,0,2025-08-25
8627,34,30,Sweet Qatayef,62.81,1,2025-09-08
8628,34,30,Ramadan Pancake,63.19,0,2025-09-22
8629,34,30,Ramadan Pancake,57.23,1,2025-10-06
8630,34,30,Qatayef,56.7,0,2025-10-20
8631,34,30,Sweet Qatayef,57.37,0,2025-11-03
8632,34,30,Sweet Qatayef,52.33,1,2025-11-17
8633,34,30,Qatayef,52.6,0,2025-12-01
8634,34,30,Ramadan Pancake,53.26,0,2025-12-15
8635,34,30,Ramadan Pancake,53.7,0,2025-12-29
8636,35,36,Beef Burger,120.26,1,2024-01-01
8637,35,36,Beef Burger,113.23,1,2024-01-29
8638,35,36,Beef Burger,106.79,1,2024-03-11
8639,35,36,Smash Burger,108.3,0,2024-03-25
8640,35,36,Classic Burger,109.43,0,2024-04-08
8641,35,36,Beef Burger,99.78,1,2024-04-22
8642,35,36,Beef Burger,101.19,0,2024-05-06
8643,35,36,Smash Burger,102.36,0,2024-06-17
8644,35,36,Classic Burger,99.27,1,2024-07-01
8645,35,36,Classic Burger,93.75,1,2024-08-12
8646,35,36,Beef Burger,94.94,0,2024-08-26
8647,35,36,Smash Burger,95.71,0,2024-09-09
8648,35,36,Beef Burger,91.67,1,2024-09-23
8649,35,36,Smash Burger,92.93,0,2024-10-07
8650,35,36,Smash Burger,93.57,0,2024-10-21
8651,35,36,Classic Burger,94.35,0,2024-11-04
8652,35,36,Classic Burger,95.56,0,2024-11-18
8653,35,36,Classic Burger,96.5,0,2024-12-02
8654,35,36,Beef Burger,89.33,1,2024-12-16
8655,35,36,Beef Burger,90.29,0,2024-12-30
8656,35,36,Classic Burger,90.82,0,2025-01-13
8657,35,36,Smash Burger,89.87,0,2025-01-27
8658,35,36,Beef Burger,90.86,0,2025-02-10
8659,35,36,Classic Burger,91.96,0,2025-02-24
8660,35,36,Classic Burger,88.42,1,2025-03-24
8661,35,36,Beef Burger,89.26,0,2025-04-07
8662,35,36,Classic Burger,90.42,0,2025-04-21
8663,35,36,Classic Burger,91.56,0,2025-05-05
8664,35,36,Beef Burger,92.21,0,2025-06-16
8665,35,36,Beef Burger,92.72,0,2025-07-14
8666,35,36,Classic Burger,86.19,1,2025-09-08
8667,35,36,Classic Burger,87.11,0,2025-09-22
8668,35,36,Beef Burger,88.18,0,2025-10-06
8669,35,36,Classic Burger,84.8,1,2025-10-20
8670,35,36,Smash Burger,83.19,0,2025-11-03
8671,35,36,Smash Burger,82.68,0,2025-11-17
8672,35,36,Classic Burger,80.34,0,2025-12-01
8673,35,36,Beef Burger,72.75,1,2025-12-15
8674,35,10,Falafel,48.18,0,2024-01-01
8675,35,10,Falafel,48.48,0,2024-01-15
8676,35,10,Falafel Plate,45.92,1,2024-01-29
8677,35,10,Falafel,46.43,0,2024-02-12
8678,35,10,Taameya,43.48,1,2024-03-11
8679,35,10,Taameya,43.95,0,2024-03-25
8680,35,10,Falafel,44.53,0,2024-04-08
8681,35,10,Falafel,42.21,1,2024-04-22
8682,35,10,Falafel,38.58,1,2024-05-20
8683,35,10,Taameya,39.07,0,2024-06-03
8684,35,10,Taameya,36.46,1,2024-06-17
8685,35,10,Falafel,36.7,0,2024-07-01
8686,35,10,Falafel,37.19,0,2024-07-29
8687,35,10,Taameya,37.47,0,2024-08-12
8688,35,10,Falafel Plate,37.69,0,2024-09-09
8689,35,10,Falafel,34.02,1,2024-09-23
8690,35,10,Taameya,31.16,1,2024-10-21
8691,35,10,Falafel Plate,31.44,0,2024-11-18
8692,35,10,Falafel,31.84,0,2024-12-02
8693,35,10,Taameya,32.01,0,2024-12-16
8694,35,10,Taameya,32.47,0,2024-12-30
8695,35,10,Falafel,32.88,0,2025-01-13
8696,35,10,Taameya,33.36,0,2025-01-27
8697,35,10,Falafel Plate,33.57,0,2025-02-10
8698,35,10,Falafel,31.51,1,2025-02-24
8699,35,10,Falafel Plate,31.74,0,2025-03-10
8700,35,10,Taameya,32.11,0,2025-04-07
8701,35,10,Falafel Plate,32.33,0,2025-04-21
8702,35,10,Falafel,32.81,0,2025-05-19
8703,35,10,Falafel Plate,33.15,0,2025-06-16
8704,35,10,Falafel,32.78,0,2025-07-14
8705,35,10,Falafel Plate,32.56,0,2025-08-11
8706,35,10,Falafel Plate,32.77,0,2025-08-25
8707,35,10,Taameya,33.03,0,2025-09-08
8708,35,10,Falafel Plate,30.45,1,2025-11-17
8709,35,10,Taameya,30.77,0,2025-12-15
8710,35,10,Falafel Plate,27.71,1,2025-12-29
8711,35,8,Molokhia Dish,116.38,1,2024-01-01
8712,35,8,Molokhia & Rice,117.82,0,2024-01-29
8713,35,8,Molokhia Dish,115.22,0,2024-02-12
8714,35,8,Green Soup,116.86,0,2024-02-26
8715,35,8,Molokhia Dish,112.2,1,2024-03-11
8716,35,8,Green Soup,109.12,0,2024-03-25
8717,35,8,Green Soup,110.29,0,2024-04-08
8718,35,8,Molokhia & Rice,111.89,0,2024-04-22
8719,35,8,Molokhia & Rice,113.04,0,2024-05-20
8720,35,8,Green Soup,114.68,0,2024-06-17
8721,35,8,Green Soup,116.21,0,2024-07-01
8722,35,8,Molokhia & Rice,117.57,0,2024-07-15
8723,35,8,Green Soup,118.81,0,2024-08-12
8724,35,8,Molokhia & Rice,119.73,0,2024-09-09
8725,35,8,Molokhia & Rice,120.83,0,2024-09-23
8726,35,8,Molokhia & Rice,112.69,1,2024-10-07
8727,35,8,Green Soup,113.93,0,2024-10-21
8728,35,8,Green Soup,115.33,0,2024-11-04
8729,35,8,Molokhia Dish,116.85,0,2024-11-18
8730,35,8,Green Soup,118.3,0,2024-12-30
8731,35,8,Green Soup,119.45,0,2025-01-13
8732,35,8,Green Soup,120.75,0,2025-01-27
8733,35,8,Molokhia & Rice,121.59,0,2025-02-24
8734,35,8,Green Soup,107.46,1,2025-03-10
8735,35,8,Green Soup,108.37,0,2025-04-07
8736,35,8,Green Soup,107.28,0,2025-04-21
8737,35,8,Green Soup,108.47,0,2025-05-05
8738,35,8,Molokhia Dish,109.09,0,2025-05-19
8739,35,8,Molokhia & Rice,110.63,0,2025-06-02
8740,35,8,Molokhia & Rice,111.53,0,2025-06-30
8741,35,8,Molokhia Dish,112.9,0,2025-07-14
8742,35,8,Green Soup,114.41,0,2025-07-28
8743,35,8,Molokhia Dish,115.01,0,2025-08-25
8744,35,8,Molokhia Dish,115.88,0,2025-09-08
8745,35,8,Green Soup,106.69,1,2025-10-20
8746,35,8,Green Soup,102.23,1,2025-11-03
8747,35,8,Molokhia & Rice,103.08,0,2025-12-01
8748,35,8,Green Soup,104.36,0,2025-12-15
8749,35,37,Chicken Burger,91.29,0,2024-01-01
8750,35,37,Crispy Chicken Burger,92.02,0,2024-01-15
8751,35,37,Crispy Chicken Burger,89.77,0,2024-01-29
8752,35,37,Spicy Chicken Burger,90.77,0,2024-02-12
8753,35,37,Spicy Chicken Burger,88.94,0,2024-02-26
8754,35,37,Crispy Chicken Burger,80.75,1,2024-03-11
8755,35,37,Spicy Chicken Burger,81.77,0,2024-03-25
8756,35,37,Crispy Chicken Burger,82.61,0,2024-04-22
8757,35,37,Spicy Chicken Burger,83.79,0,2024-05-20
8758,35,37,Spicy Chicken Burger,81.48,0,2024-06-17
8759,35,37,Crispy Chicken Burger,82.06,0,2024-07-01
8760,35,37,Chicken Burger,83.0,0,2024-07-15
8761,35,37,Crispy Chicken Burger,83.7,0,2024-07-29
8762,35,37,Chicken Burger,84.57,0,2024-08-12
8763,35,37,Chicken Burger,85.82,0,2024-08-26
8764,35,37,Spicy Chicken Burger,80.37,1,2024-09-09
8765,35,37,Chicken Burger,80.96,0,2024-09-23
8766,35,37,Spicy Chicken Burger,81.37,0,2024-11-04
8767,35,37,Crispy Chicken Burger,82.26,0,2024-11-18
8768,35,37,Crispy Chicken Burger,82.72,0,2024-12-02
8769,35,37,Spicy Chicken Burger,83.43,0,2024-12-30
8770,35,37,Spicy Chicken Burger,84.18,0,2025-02-10
8771,35,37,Chicken Burger,79.88,1,2025-03-10
8772,35,37,Spicy Chicken Burger,80.42,0,2025-03-24
8773,35,37,Crispy Chicken Burger,81.06,0,2025-04-07
8774,35,37,Spicy Chicken Burger,81.72,0,2025-04-21
8775,35,37,Spicy Chicken Burger,82.93,0,2025-05-05
8776,35,37,Spicy Chicken Burger,83.63,0,2025-06-02
8777,35,37,Chicken Burger,84.1,0,2025-07-14
8778,35,37,Crispy Chicken Burger,85.25,0,2025-08-25
8779,35,37,Chicken Burger,85.81,0,2025-09-08
8780,35,37,Spicy Chicken Burger,86.78,0,2025-09-22
8781,35,37,Crispy Chicken Burger,87.74,0,2025-10-06
8782,35,37,Spicy Chicken Burger,85.7,0,2025-10-20
8783,35,37,Spicy Chicken Burger,86.63,0,2025-11-03
8784,35,37,Chicken Burger,87.49,0,2025-11-17
8785,35,37,Chicken Burger,88.04,0,2025-12-01
8786,35,37,Crispy Chicken Burger,89.06,0,2025-12-15
8787,35,52,Grilled Kofta Sub,60.97,0,2024-01-01
8788,35,52,Kofta Roll,61.87,0,2024-01-15
8789,35,52,Grilled Kofta Sub,62.27,0,2024-01-29
8790,35,52,Kofta Sandwich,62.64,0,2024-02-12
8791,35,52,Kofta Roll,55.74,1,2024-03-25
8792,35,52,Kofta Sandwich,56.44,0,2024-04-08
8793,35,52,Kofta Sandwich,56.77,0,2024-05-06
8794,35,52,Kofta Sandwich,57.38,0,2024-05-20
8795,35,52,Kofta Sandwich,57.74,0,2024-06-17
8796,35,52,Kofta Sandwich,58.04,0,2024-07-01
8797,35,52,Kofta Roll,55.35,1,2024-07-15
8798,35,52,Grilled Kofta Sub,56.17,0,2024-08-12
8799,35,52,Kofta Sandwich,57.01,0,2024-08-26
8800,35,52,Grilled Kofta Sub,57.4,0,2024-09-09
8801,35,52,Grilled Kofta Sub,57.79,0,2024-09-23
8802,35,52,Kofta Roll,58.58,0,2024-10-07
8803,35,52,Kofta Sandwich,59.17,0,2024-10-21
8804,35,52,Kofta Roll,59.55,0,2024-11-04
8805,35,52,Kofta Roll,60.3,0,2024-11-18
8806,35,52,Kofta Roll,60.74,0,2024-12-16
8807,35,52,Grilled Kofta Sub,61.64,0,2025-01-13
8808,35,52,Grilled Kofta Sub,62.29,0,2025-01-27
8809,35,52,Kofta Roll,56.6,1,2025-02-24
8810,35,52,Kofta Sandwich,54.73,1,2025-03-10
8811,35,52,Kofta Roll,55.38,0,2025-03-24
8812,35,52,Kofta Sandwich,54.35,0,2025-04-07
8813,35,52,Grilled Kofta Sub,54.86,0,2025-04-21
8814,35,52,Kofta Roll,49.98,1,2025-05-19
8815,35,52,Grilled Kofta Sub,50.6,0,2025-06-16
8816,35,52,Grilled Kofta Sub,48.76,1,2025-06-30
8817,35,52,Grilled Kofta Sub,46.7,1,2025-07-14
8818,35,52,Kofta Sandwich,47.31,0,2025-07-28
8819,35,52,Grilled Kofta Sub,47.92,0,2025-08-11
8820,35,52,Kofta Sandwich,48.33,0,2025-09-22
8821,35,52,Kofta Roll,49.05,0,2025-10-06
8822,35,52,Kofta Sandwich,49.35,0,2025-10-20
8823,35,52,Grilled Kofta Sub,49.79,0,2025-11-17
8824,35,52,Kofta Sandwich,50.43,0,2025-12-15
8825,35,52,Kofta Roll,50.95,0,2025-12-29
8826,35,29,Kunafa,62.03,0,2024-01-01
8827,35,29,Kunafa,57.04,1,2024-01-15
8828,35,29,Konafa Plate,57.77,0,2024-01-29
8829,35,29,Sweet Kunafa,54.46,1,2024-02-26
8830,35,29,Kunafa,55.02,0,2024-03-11
8831,35,29,Kunafa,55.32,0,2024-03-25
8832,35,29,Konafa Plate,55.91,0,2024-04-22
8833,35,29,Sweet Kunafa,54.93,0,2024-05-20
8834,35,29,Konafa Plate,53.89,0,2024-07-15
8835,35,29,Sweet Kunafa,54.19,0,2024-07-29
8836,35,29,Sweet Kunafa,53.22,0,2024-08-26
8837,35,29,Sweet Kunafa,53.9,0,2024-09-23
8838,35,29,Kunafa,54.51,0,2024-11-18
8839,35,29,Kunafa,54.85,0,2024-12-02
8840,35,29,Sweet Kunafa,55.23,0,2024-12-16
8841,35,29,Konafa Plate,55.85,0,2024-12-30
8842,35,29,Kunafa,51.62,1,2025-01-13
8843,35,29,Kunafa,52.29,0,2025-01-27
8844,35,29,Konafa Plate,52.8,0,2025-02-10
8845,35,29,Kunafa,53.32,0,2025-02-24
8846,35,29,Konafa Plate,49.48,1,2025-03-24
8847,35,29,Kunafa,50.22,0,2025-04-07
8848,35,29,Kunafa,50.49,0,2025-04-21
8849,35,29,Kunafa,51.15,0,2025-05-19
8850,35,29,Konafa Plate,51.89,0,2025-06-16
8851,35,29,Kunafa,52.23,0,2025-06-30
8852,35,29,Kunafa,52.51,0,2025-07-14
8853,35,29,Kunafa,53.11,0,2025-07-28
8854,35,29,Kunafa,53.76,0,2025-08-11
8855,35,29,Sweet Kunafa,54.26,0,2025-08-25
8856,35,29,Konafa Plate,50.8,1,2025-09-08
8857,35,29,Konafa Plate,46.09,1,2025-09-22
8858,35,29,Sweet Kunafa,45.77,0,2025-11-03
8859,35,29,Konafa Plate,46.14,0,2025-12-29
8860,35,40,Margherita,149.42,0,2024-01-01
8861,35,40,Cheese Pizza,145.78,0,2024-01-15
8862,35,40,Classic Pizza,147.0,0,2024-01-29
8863,35,40,Margherita,137.96,1,2024-02-12
8864,35,40,Cheese Pizza,131.92,1,2024-03-11
8865,35,40,Classic Pizza,125.41,1,2024-03-25
8866,35,40,Margherita,117.59,1,2024-04-08
8867,35,40,Cheese Pizza,119.03,0,2024-04-22
8868,35,40,Classic Pizza,119.86,0,2024-05-06
8869,35,40,Classic Pizza,121.09,0,2024-07-01
8870,35,40,Margherita,121.72,0,2024-07-15
8871,35,40,Cheese Pizza,122.82,0,2024-07-29
8872,35,40,Classic Pizza,124.6,0,2024-08-12
8873,35,40,Margherita,119.12,1,2024-08-26
8874,35,40,Margherita,119.98,0,2024-09-09
8875,35,40,Classic Pizza,121.27,0,2024-10-07
8876,35,40,Margherita,118.73,0,2024-10-21
8877,35,40,Margherita,114.81,1,2024-11-04
8878,35,40,Classic Pizza,115.58,0,2024-11-18
8879,35,40,Cheese Pizza,116.85,0,2024-12-30
8880,35,40,Cheese Pizza,118.34,0,2025-01-13
8881,35,40,Margherita,119.27,0,2025-02-10
8882,35,40,Margherita,119.91,0,2025-02-24
8883,35,40,Margherita,121.7,0,2025-04-07
8884,35,40,Margherita,123.13,0,2025-05-19
8885,35,40,Classic Pizza,124.53,0,2025-06-16
8886,35,40,Classic Pizza,112.7,1,2025-06-30
8887,35,40,Cheese Pizza,113.94,0,2025-07-14
8888,35,40,Cheese Pizza,115.58,0,2025-08-11
8889,35,40,Cheese Pizza,116.76,0,2025-09-08
8890,35,40,Margherita,112.86,1,2025-11-03
8891,35,40,Margherita,113.62,0,2025-12-01
8892,35,40,Margherita,112.04,0,2025-12-29
8893,35,34,Chicken Family Meal,525.32,0,2024-01-29
8894,35,34,Family Chicken,530.58,0,2024-02-12
8895,35,34,Chicken Family Meal,533.91,0,2024-02-26
8896,35,34,Roasted Family Pack,539.65,0,2024-03-25
8897,35,34,Roasted Family Pack,524.86,0,2024-05-06
8898,35,34,Chicken Family Meal,531.05,0,2024-05-20
8899,35,34,Chicken Family Meal,521.69,0,2024-06-03
8900,35,34,Family Chicken,525.66,0,2024-06-17
8901,35,34,Family Chicken,529.52,0,2024-07-15
8902,35,34,Roasted Family Pack,506.76,1,2024-08-12
8903,35,34,Family Chicken,469.21,1,2024-08-26
8904,35,34,Chicken Family Meal,452.88,1,2024-09-09
8905,35,34,Chicken Family Meal,458.57,0,2024-10-07
8906,35,34,Family Chicken,435.44,1,2024-10-21
8907,35,34,Family Chicken,441.55,0,2024-12-02
8908,35,34,Chicken Family Meal,444.16,0,2024-12-16
8909,35,34,Roasted Family Pack,440.55,0,2025-01-13
8910,35,34,Roasted Family Pack,443.21,0,2025-01-27
8911,35,34,Family Chicken,402.21,1,2025-02-10
8912,35,34,Roasted Family Pack,404.98,0,2025-02-24
8913,35,34,Family Chicken,410.07,0,2025-03-10
8914,35,34,Family Chicken,394.12,1,2025-03-24
8915,35,34,Roasted Family Pack,397.99,0,2025-04-07
8916,35,34,Roasted Family Pack,403.45,0,2025-04-21
8917,35,34,Roasted Family Pack,408.81,0,2025-05-05
8918,35,34,Family Chicken,411.73,0,2025-05-19
8919,35,34,Chicken Family Meal,415.63,0,2025-06-02
8920,35,34,Roasted Family Pack,394.99,1,2025-06-30
8921,35,34,Roasted Family Pack,369.59,1,2025-07-28
8922,35,34,Family Chicken,372.45,0,2025-08-11
8923,35,34,Chicken Family Meal,375.72,0,2025-08-25
8924,35,34,Chicken Family Meal,378.8,0,2025-09-08
8925,35,34,Chicken Family Meal,383.99,0,2025-09-22
8926,35,34,Family Chicken,386.04,0,2025-10-06
8927,35,34,Chicken Family Meal,382.77,0,2025-11-17
8928,35,34,Chicken Family Meal,386.4,0,2025-12-01
8929,35,34,Roasted Family Pack,391.5,0,2025-12-29
8930,35,51,Giblets Sandwich,52.52,1,2024-01-15
8931,35,51,Giblets Sandwich,52.8,0,2024-02-26
8932,35,51,Giblets Sandwich,50.7,1,2024-03-11
8933,35,51,Liver Sandwich,50.98,0,2024-03-25
8934,35,51,Spicy Liver Sub,51.43,0,2024-04-08
8935,35,51,Liver Sandwich,51.96,0,2024-04-22
8936,35,51,Spicy Liver Sub,52.64,0,2024-05-06
8937,35,51,Spicy Liver Sub,49.56,1,2024-05-20
8938,35,51,Giblets Sandwich,50.24,0,2024-06-17
8939,35,51,Liver Sandwich,45.83,1,2024-07-01
8940,35,51,Spicy Liver Sub,43.68,1,2024-07-15
8941,35,51,Giblets Sandwich,43.14,0,2024-08-12
8942,35,51,Giblets Sandwich,39.88,1,2024-08-26
8943,35,51,Giblets Sandwich,39.24,0,2024-09-09
8944,35,51,Giblets Sandwich,39.49,0,2024-09-23
8945,35,51,Liver Sandwich,39.94,0,2024-10-21
8946,35,51,Liver Sandwich,40.2,0,2024-11-04
8947,35,51,Liver Sandwich,40.46,0,2024-11-18
8948,35,51,Giblets Sandwich,40.78,0,2024-12-02
8949,35,51,Spicy Liver Sub,41.21,0,2024-12-16
8950,35,51,Liver Sandwich,41.55,0,2025-01-13
8951,35,51,Giblets Sandwich,42.0,0,2025-01-27
8952,35,51,Spicy Liver Sub,42.57,0,2025-02-10
8953,35,51,Liver Sandwich,38.74,1,2025-03-10
8954,35,51,Liver Sandwich,39.26,0,2025-03-24
8955,35,51,Giblets Sandwich,39.59,0,2025-04-21
8956,35,51,Spicy Liver Sub,40.03,0,2025-05-05
8957,35,51,Giblets Sandwich,40.41,0,2025-05-19
8958,35,51,Spicy Liver Sub,39.5,0,2025-06-02
8959,35,51,Spicy Liver Sub,35.8,1,2025-06-16
8960,35,51,Giblets Sandwich,36.11,0,2025-06-30
8961,35,51,Liver Sandwich,36.54,0,2025-07-14
8962,35,51,Spicy Liver Sub,35.86,0,2025-07-28
8963,35,51,Spicy Liver Sub,36.11,0,2025-08-11
8964,35,51,Spicy Liver Sub,35.1,0,2025-09-08
8965,35,51,Giblets Sandwich,35.41,0,2025-10-06
8966,35,51,Liver Sandwich,35.79,0,2025-10-20
8967,35,51,Spicy Liver Sub,35.03,0,2025-11-03
8968,35,51,Spicy Liver Sub,35.55,0,2025-11-17
8969,35,51,Liver Sandwich,36.03,0,2025-12-01
8970,35,51,Giblets Sandwich,36.21,0,2025-12-15
8971,35,30,Qatayef,78.35,0,2024-01-01
8972,35,30,Qatayef,78.99,0,2024-01-15
8973,35,30,Sweet Qatayef,79.84,0,2024-01-29
8974,35,30,Qatayef,80.77,0,2024-02-12
8975,35,30,Ramadan Pancake,79.14,0,2024-02-26
8976,35,30,Sweet Qatayef,76.27,1,2024-03-25
8977,35,30,Sweet Qatayef,76.9,0,2024-04-08
8978,35,30,Qatayef,78.02,0,2024-04-22
8979,35,30,Qatayef,78.83,0,2024-05-06
8980,35,30,Qatayef,79.97,0,2024-06-03
8981,35,30,Sweet Qatayef,80.98,0,2024-06-17
8982,35,30,Qatayef,81.52,0,2024-07-29
8983,35,30,Ramadan Pancake,81.96,0,2024-08-12
8984,35,30,Ramadan Pancake,77.75,1,2024-08-26
8985,35,30,Ramadan Pancake,78.43,0,2024-09-23
8986,35,30,Qatayef,79.34,0,2024-10-21
8987,35,30,Sweet Qatayef,80.52,0,2024-11-18
8988,35,30,Ramadan Pancake,81.08,0,2024-12-02
8989,35,30,Sweet Qatayef,82.26,0,2024-12-16
8990,35,30,Ramadan Pancake,83.29,0,2025-01-13
8991,35,30,Ramadan Pancake,83.83,0,2025-01-27
8992,35,30,Qatayef,81.64,0,2025-02-10
8993,35,30,Ramadan Pancake,80.37,0,2025-02-24
8994,35,30,Ramadan Pancake,80.94,0,2025-03-10
8995,35,30,Qatayef,81.73,0,2025-03-24
8996,35,30,Qatayef,82.72,0,2025-04-07
8997,35,30,Qatayef,83.59,0,2025-04-21
8998,35,30,Ramadan Pancake,84.25,0,2025-05-19
8999,35,30,Sweet Qatayef,81.5,1,2025-06-02
9000,35,30,Sweet Qatayef,82.56,0,2025-06-16
9001,35,30,Ramadan Pancake,80.65,0,2025-06-30
9002,35,30,Ramadan Pancake,81.27,0,2025-09-22
9003,35,30,Sweet Qatayef,82.03,0,2025-10-20
9004,35,30,Qatayef,82.62,0,2025-11-03
9005,35,30,Ramadan Pancake,83.38,0,2025-11-17
9006,35,30,Qatayef,84.0,0,2025-12-01
9007,35,30,Ramadan Pancake,84.55,0,2025-12-15
9008,35,30,Qatayef,85.43,0,2025-12-29
9009,36,50,Meat Shawarma Wrap,94.54,0,2024-01-01
9010,36,50,Meat Shawarma Wrap,88.47,1,2024-01-15
9011,36,50,Meat Shawarma Wrap,89.61,0,2024-01-29
9012,36,50,Meat Roll,90.47,0,2024-02-12
9013,36,50,Beef Shawarma Sandwich,91.68,0,2024-02-26
9014,36,50,Meat Roll,84.02,1,2024-03-11
9015,36,50,Beef Shawarma Sandwich,85.21,0,2024-03-25
9016,36,50,Meat Shawarma Wrap,85.94,0,2024-04-22
9017,36,50,Meat Shawarma Wrap,86.82,0,2024-05-06
9018,36,50,Beef Shawarma Sandwich,87.68,0,2024-05-20
9019,36,50,Beef Shawarma Sandwich,83.69,1,2024-06-03
9020,36,50,Beef Shawarma Sandwich,75.55,1,2024-06-17
9021,36,50,Meat Shawarma Wrap,76.34,0,2024-07-15
9022,36,50,Meat Shawarma Wrap,77.18,0,2024-07-29
9023,36,50,Meat Roll,78.26,0,2024-08-26
9024,36,50,Meat Roll,79.07,0,2024-10-07
9025,36,50,Meat Roll,74.26,1,2024-10-21
9026,36,50,Beef Shawarma Sandwich,75.02,0,2024-12-02
9027,36,50,Meat Shawarma Wrap,76.04,0,2024-12-30
9028,36,50,Meat Roll,76.46,0,2025-01-13
9029,36,50,Beef Shawarma Sandwich,74.45,0,2025-01-27
9030,36,50,Beef Shawarma Sandwich,75.56,0,2025-02-24
9031,36,50,Beef Shawarma Sandwich,66.87,1,2025-03-24
9032,36,50,Meat Roll,67.25,0,2025-04-07
9033,36,50,Meat Roll,67.85,0,2025-04-21
9034,36,50,Meat Shawarma Wrap,68.26,0,2025-05-05
9035,36,50,Meat Roll,64.1,1,2025-05-19
9036,36,50,Meat Roll,63.09,0,2025-06-02
9037,36,50,Beef Shawarma Sandwich,62.67,0,2025-06-16
9038,36,50,Meat Shawarma Wrap,63.51,0,2025-06-30
9039,36,50,Beef Shawarma Sandwich,64.39,0,2025-07-28
9040,36,50,Meat Roll,64.92,0,2025-08-11
9041,36,50,Meat Shawarma Wrap,63.61,0,2025-08-25
9042,36,50,Meat Shawarma Wrap,63.94,0,2025-09-08
9043,36,50,Meat Roll,58.64,1,2025-10-06
9044,36,50,Meat Roll,59.5,0,2025-10-20
9045,36,50,Meat Roll,60.38,0,2025-11-17
9046,36,50,Meat Roll,58.95,0,2025-12-01
9047,36,50,Meat Shawarma Wrap,55.3,1,2025-12-29
9048,36,1,Grilled Kofta Plate,117.67,1,2024-01-01
9049,36,1,Classic Kofta,119.02,0,2024-01-29
9050,36,1,Classic Kofta,119.67,0,2024-02-26
9051,36,1,Classic Kofta,116.94,0,2024-03-25
9052,36,1,Mixed Kofta,118.16,0,2024-04-08
9053,36,1,Grilled Kofta Plate,114.95,0,2024-05-06
9054,36,1,Classic Kofta,113.39,0,2024-05-20
9055,36,1,Mixed Kofta,109.27,1,2024-06-03
9056,36,1,Classic Kofta,109.94,0,2024-06-17
9057,36,1,Classic Kofta,111.59,0,2024-08-12
9058,36,1,Mixed Kofta,113.16,0,2024-08-26
9059,36,1,Grilled Kofta Plate,114.11,0,2024-09-09
9060,36,1,Classic Kofta,111.38,0,2024-10-07
9061,36,1,Classic Kofta,100.75,1,2024-11-04
9062,36,1,Mixed Kofta,101.89,0,2024-12-02
9063,36,1,Grilled Kofta Plate,93.57,1,2024-12-16
9064,36,1,Classic Kofta,94.69,0,2024-12-30
9065,36,1,Classic Kofta,95.82,0,2025-01-13
9066,36,1,Grilled Kofta Plate,96.42,0,2025-01-27
9067,36,1,Mixed Kofta,90.25,1,2025-02-10
9068,36,1,Mixed Kofta,84.89,1,2025-03-10
9069,36,1,Classic Kofta,85.81,0,2025-04-21
9070,36,1,Mixed Kofta,87.08,0,2025-05-05
9071,36,1,Mixed Kofta,88.24,0,2025-05-19
9072,36,1,Classic Kofta,89.51,0,2025-06-02
9073,36,1,Classic Kofta,90.04,0,2025-06-30
9074,36,1,Grilled Kofta Plate,91.38,0,2025-07-14
9075,36,1,Grilled Kofta Plate,90.57,0,2025-07-28
9076,36,1,Classic Kofta,84.09,1,2025-08-11
9077,36,1,Mixed Kofta,85.34,0,2025-09-08
9078,36,1,Classic Kofta,85.84,0,2025-09-22
9079,36,1,Grilled Kofta Plate,80.39,1,2025-10-06
9080,36,1,Classic Kofta,80.9,0,2025-10-20
9081,36,1,Classic Kofta,82.01,0,2025-11-17
9082,36,1,Classic Kofta,82.76,0,2025-12-01
9083,36,29,Kunafa,65.88,0,2024-01-01
9084,36,29,Kunafa,66.46,0,2024-01-29
9085,36,29,Konafa Plate,67.03,0,2024-02-26
9086,36,29,Sweet Kunafa,61.04,1,2024-03-25
9087,36,29,Kunafa,59.46,0,2024-04-22
9088,36,29,Kunafa,59.84,0,2024-05-06
9089,36,29,Sweet Kunafa,60.46,0,2024-05-20
9090,36,29,Kunafa,61.12,0,2024-06-17
9091,36,29,Sweet Kunafa,56.03,1,2024-07-15
9092,36,29,Kunafa,56.49,0,2024-08-12
9093,36,29,Sweet Kunafa,57.14,0,2024-08-26
9094,36,29,Sweet Kunafa,57.64,0,2024-10-21
9095,36,29,Sweet Kunafa,57.93,0,2024-11-18
9096,36,29,Sweet Kunafa,58.69,0,2024-12-16
9097,36,29,Sweet Kunafa,59.43,0,2024-12-30
9098,36,29,Sweet Kunafa,60.28,0,2025-01-13
9099,36,29,Konafa Plate,61.13,0,2025-01-27
9100,36,29,Konafa Plate,61.99,0,2025-02-10
9101,36,29,Sweet Kunafa,62.81,0,2025-02-24
9102,36,29,Sweet Kunafa,60.29,1,2025-03-24
9103,36,29,Konafa Plate,58.85,0,2025-04-07
9104,36,29,Kunafa,59.63,0,2025-05-19
9105,36,29,Sweet Kunafa,60.16,0,2025-06-02
9106,36,29,Sweet Kunafa,60.58,0,2025-06-30
9107,36,29,Kunafa,61.13,0,2025-08-11
9108,36,29,Konafa Plate,62.04,0,2025-08-25
9109,36,29,Konafa Plate,60.78,0,2025-09-08
9110,36,29,Sweet Kunafa,61.59,0,2025-10-06
9111,36,29,Konafa Plate,62.48,0,2025-11-17
9112,36,29,Konafa Plate,62.89,0,2025-12-15
9113,36,33,Family Grill Box,496.89,0,2024-01-01
9114,36,33,Mixed Grill Family,476.14,1,2024-01-15
9115,36,33,BBQ Family Pack,463.45,0,2024-01-29
9116,36,33,Family Grill Box,469.52,0,2024-02-12
9117,36,33,BBQ Family Pack,452.73,1,2024-02-26
9118,36,33,Mixed Grill Family,429.89,1,2024-03-25
9119,36,33,Mixed Grill Family,434.41,0,2024-04-08
9120,36,33,BBQ Family Pack,422.28,0,2024-06-03
9121,36,33,Mixed Grill Family,400.31,1,2024-06-17
9122,36,33,BBQ Family Pack,402.66,0,2024-07-01
9123,36,33,BBQ Family Pack,408.01,0,2024-07-15
9124,36,33,BBQ Family Pack,373.32,1,2024-07-29
9125,36,33,Family Grill Box,377.69,0,2024-08-12
9126,36,33,Family Grill Box,373.58,0,2024-08-26
9127,36,33,BBQ Family Pack,378.39,0,2024-09-09
9128,36,33,BBQ Family Pack,383.02,0,2024-09-23
9129,36,33,Family Grill Box,386.21,0,2024-10-07
9130,36,33,Family Grill Box,391.89,0,2024-11-04
9131,36,33,Family Grill Box,380.92,0,2024-12-16
9132,36,33,BBQ Family Pack,385.18,0,2025-03-10
9133,36,33,Family Grill Box,365.84,1,2025-03-24
9134,36,33,BBQ Family Pack,367.89,0,2025-04-21
9135,36,33,Mixed Grill Family,335.49,1,2025-05-05
9136,36,33,Mixed Grill Family,340.51,0,2025-05-19
9137,36,33,BBQ Family Pack,324.74,1,2025-06-02
9138,36,33,Family Grill Box,300.29,1,2025-06-16
9139,36,33,BBQ Family Pack,303.12,0,2025-06-30
9140,36,33,BBQ Family Pack,306.09,0,2025-07-14
9141,36,33,Family Grill Box,308.77,0,2025-07-28
9142,36,33,Family Grill Box,298.85,1,2025-08-11
9143,36,33,Family Grill Box,301.49,0,2025-09-08
9144,36,33,Mixed Grill Family,305.4,0,2025-09-22
9145,36,33,Family Grill Box,308.77,0,2025-10-06
9146,36,33,BBQ Family Pack,312.02,0,2025-11-03
9147,36,33,Family Grill Box,313.66,0,2025-12-01
9148,36,3,Half Chicken,117.73,0,2024-01-01
9149,36,3,Grilled Chicken,118.54,0,2024-01-15
9150,36,3,Grilled Chicken,119.41,0,2024-02-26
9151,36,3,Grilled Chicken,108.98,1,2024-03-11
9152,36,3,Roasted Chicken,96.26,1,2024-03-25
9153,36,3,Half Chicken,92.7,1,2024-04-08
9154,36,3,Half Chicken,86.11,1,2024-04-22
9155,36,3,Half Chicken,87.38,0,2024-05-20
9156,36,3,Grilled Chicken,88.47,0,2024-06-03
9157,36,3,Grilled Chicken,89.67,0,2024-06-17
9158,36,3,Half Chicken,90.98,0,2024-07-01
9159,36,3,Grilled Chicken,87.1,1,2024-07-15
9160,36,3,Half Chicken,87.58,0,2024-08-12
9161,36,3,Roasted Chicken,88.11,0,2024-10-21
9162,36,3,Half Chicken,89.42,0,2024-11-18
9163,36,3,Roasted Chicken,90.26,0,2024-12-02
9164,36,3,Half Chicken,89.52,0,2024-12-16
9165,36,3,Roasted Chicken,90.85,0,2024-12-30
9166,36,3,Half Chicken,91.72,0,2025-01-13
9167,36,3,Grilled Chicken,90.74,0,2025-01-27
9168,36,3,Half Chicken,89.85,0,2025-02-10
9169,36,3,Half Chicken,90.58,0,2025-03-10
9170,36,3,Roasted Chicken,84.21,1,2025-03-24
9171,36,3,Half Chicken,85.47,0,2025-04-21
9172,36,3,Roasted Chicken,86.34,0,2025-07-14
9173,36,3,Half Chicken,78.09,1,2025-08-11
9174,36,3,Grilled Chicken,78.95,0,2025-08-25
9175,36,3,Roasted Chicken,72.22,1,2025-09-08
9176,36,3,Half Chicken,72.79,0,2025-09-22
9177,36,3,Half Chicken,70.89,0,2025-10-06
9178,36,3,Grilled Chicken,71.83,0,2025-11-03
9179,36,3,Roasted Chicken,72.24,0,2025-11-17
9180,36,3,Roasted Chicken,72.93,0,2025-12-15
9181,36,60,Family Lamb Platter,709.61,0,2024-01-29
9182,36,60,Family Lamb Platter,718.37,0,2024-02-26
9183,36,60,Family Lamb Platter,725.19,0,2024-03-11
9184,36,60,Family Lamb Platter,733.62,0,2024-04-22
9185,36,60,Lamb Feast,742.37,0,2024-05-06
9186,36,60,Lamb Feast,749.26,0,2024-05-20
9187,36,60,Family Lamb Platter,692.98,1,2024-06-03
9188,36,60,Lamb Family Meal,698.19,0,2024-06-17
9189,36,60,Lamb Family Meal,708.64,0,2024-07-01
9190,36,60,Family Lamb Platter,714.77,0,2024-07-15
9191,36,60,Lamb Feast,722.11,0,2024-08-12
9192,36,60,Lamb Feast,728.89,0,2024-08-26
9193,36,60,Lamb Family Meal,739.73,0,2024-09-09
9194,36,60,Family Lamb Platter,749.54,0,2024-09-23
9195,36,60,Family Lamb Platter,759.66,0,2024-10-07
9196,36,60,Lamb Feast,763.58,0,2024-10-21
9197,36,60,Family Lamb Platter,771.67,0,2024-11-04
9198,36,60,Lamb Feast,763.51,0,2024-11-18
9199,36,60,Lamb Feast,774.94,0,2024-12-16
9200,36,60,Lamb Feast,780.12,0,2025-01-27
9201,36,60,Lamb Feast,786.63,0,2025-02-10
9202,36,60,Lamb Feast,797.39,0,2025-02-24
9203,36,60,Lamb Family Meal,803.59,0,2025-03-24
9204,36,60,Lamb Feast,813.82,0,2025-04-07
9205,36,60,Family Lamb Platter,820.24,0,2025-04-21
9206,36,60,Lamb Feast,828.06,0,2025-05-05
9207,36,60,Family Lamb Platter,840.0,0,2025-05-19
9208,36,60,Lamb Family Meal,851.39,0,2025-06-30
9209,36,60,Lamb Feast,856.79,0,2025-07-14
9210,36,60,Lamb Feast,863.86,0,2025-07-28
9211,36,60,Lamb Family Meal,814.06,1,2025-08-25
9212,36,60,Lamb Family Meal,818.19,0,2025-09-22
9213,36,60,Lamb Feast,830.22,0,2025-10-06
9214,36,60,Family Lamb Platter,840.08,0,2025-10-20
9215,36,60,Lamb Family Meal,847.37,0,2025-11-17
9216,36,60,Family Lamb Platter,774.69,1,2025-12-01
9217,36,60,Family Lamb Platter,783.42,0,2025-12-29
9218,36,14,Pigeon Dish,137.97,0,2024-01-01
9219,36,14,Pigeon Dish,139.72,0,2024-01-15
9220,36,14,Pigeon Dish,141.27,0,2024-01-29
9221,36,14,Pigeon Dish,142.53,0,2024-02-12
9222,36,14,Pigeon Dish,144.02,0,2024-03-11
9223,36,14,Pigeon Dish,145.76,0,2024-03-25
9224,36,14,Hamam Mahshi,130.47,1,2024-04-08
9225,36,14,Hamam Mahshi,131.54,0,2024-04-22
9226,36,14,Pigeon Dish,133.47,0,2024-05-20
9227,36,14,Hamam Mahshi,135.2,0,2024-06-17
9228,36,14,Stuffed Pigeon,136.26,0,2024-07-29
9229,36,14,Pigeon Dish,137.0,0,2024-08-12
9230,36,14,Pigeon Dish,138.26,0,2024-08-26
9231,36,14,Hamam Mahshi,139.6,0,2024-09-09
9232,36,14,Pigeon Dish,141.15,0,2024-10-07
9233,36,14,Pigeon Dish,140.37,0,2024-11-04
9234,36,14,Hamam Mahshi,141.14,0,2024-11-18
9235,36,14,Stuffed Pigeon,143.24,0,2024-12-02
9236,36,14,Hamam Mahshi,145.01,0,2024-12-16
9237,36,14,Pigeon Dish,147.09,0,2024-12-30
9238,36,14,Pigeon Dish,137.64,1,2025-01-13
9239,36,14,Pigeon Dish,131.54,1,2025-02-10
9240,36,14,Pigeon Dish,132.33,0,2025-02-24
9241,36,14,Hamam Mahshi,122.12,1,2025-03-24
9242,36,14,Hamam Mahshi,121.01,0,2025-04-07
9243,36,14,Stuffed Pigeon,121.63,0,2025-04-21
9244,36,14,Hamam Mahshi,122.66,0,2025-06-16
9245,36,14,Stuffed Pigeon,124.13,0,2025-06-30
9246,36,14,Stuffed Pigeon,124.97,0,2025-07-14
9247,36,14,Hamam Mahshi,126.53,0,2025-09-08
9248,36,14,Pigeon Dish,127.17,0,2025-09-22
9249,36,14,Stuffed Pigeon,128.18,0,2025-10-06
9250,36,14,Pigeon Dish,129.48,0,2025-10-20
9251,36,14,Hamam Mahshi,131.14,0,2025-11-17
9252,36,14,Hamam Mahshi,132.99,0,2025-12-01
9253,36,14,Hamam Mahshi,134.35,0,2025-12-15
9254,36,14,Stuffed Pigeon,135.42,0,2025-12-29
9255,36,10,Falafel Plate,35.89,0,2024-01-29
9256,36,10,Taameya,36.37,0,2024-02-12
9257,36,10,Falafel,36.56,0,2024-02-26
9258,36,10,Falafel Plate,36.78,0,2024-03-11
9259,36,10,Falafel Plate,33.72,1,2024-04-08
9260,36,10,Taameya,33.91,0,2024-05-20
9261,36,10,Taameya,34.31,0,2024-06-03
9262,36,10,Falafel Plate,34.61,0,2024-06-17
9263,36,10,Falafel Plate,34.92,0,2024-08-12
9264,36,10,Falafel,35.39,0,2024-09-09
9265,36,10,Falafel,35.61,0,2024-10-07
9266,36,10,Falafel Plate,36.0,0,2024-10-21
9267,36,10,Falafel,35.14,0,2024-12-02
9268,36,10,Taameya,35.44,0,2024-12-30
9269,36,10,Falafel Plate,35.72,0,2025-01-13
9270,36,10,Falafel Plate,36.17,0,2025-01-27
9271,36,10,Falafel Plate,35.96,0,2025-02-10
9272,36,10,Falafel Plate,36.47,0,2025-03-10
9273,36,10,Taameya,35.28,1,2025-03-24
9274,36,10,Falafel Plate,35.7,0,2025-04-07
9275,36,10,Falafel Plate,36.0,0,2025-04-21
9276,36,10,Falafel Plate,36.41,0,2025-05-05
9277,36,10,Taameya,34.79,1,2025-06-30
9278,36,10,Falafel,35.24,0,2025-07-14
9279,36,10,Taameya,35.65,0,2025-07-28
9280,36,10,Taameya,34.66,0,2025-08-11
9281,36,10,Falafel,34.11,0,2025-09-08
9282,36,10,Falafel,32.14,1,2025-09-22
9283,36,10,Falafel,32.4,0,2025-10-06
9284,36,10,Falafel Plate,31.13,1,2025-11-17
9285,36,10,Falafel Plate,31.29,0,2025-12-15
9286,36,53,Taameya Sandwich,27.53,1,2024-01-01
9287,36,53,Falafel Sandwich,25.67,1,2024-01-15
9288,36,53,Falafel Sub,25.96,0,2024-01-29
9289,36,53,Falafel Sub,23.75,1,2024-02-26
9290,36,53,Falafel Sandwich,23.48,0,2024-03-11
9291,36,53,Falafel Sandwich,21.27,1,2024-03-25
9292,36,53,Falafel Sub,21.47,0,2024-04-08
9293,36,53,Taameya Sandwich,21.66,0,2024-04-22
9294,36,53,Taameya Sandwich,21.12,0,2024-05-06
9295,36,53,Falafel Sub,21.43,0,2024-05-20
9296,36,53,Taameya Sandwich,21.65,0,2024-06-03
9297,36,53,Taameya Sandwich,21.86,0,2024-06-17
9298,36,53,Taameya Sandwich,20.49,1,2024-07-15
9299,36,53,Falafel Sub,20.69,0,2024-07-29
9300,36,53,Falafel Sub,20.82,0,2024-08-26
9301,36,53,Taameya Sandwich,21.06,0,2024-09-23
9302,36,53,Falafel Sandwich,21.33,0,2024-10-07
9303,36,53,Taameya Sandwich,21.58,0,2024-10-21
9304,36,53,Taameya Sandwich,21.77,0,2024-11-04
9305,36,53,Falafel Sub,19.6,1,2024-11-18
9306,36,53,Falafel Sandwich,19.88,0,2024-12-30
9307,36,53,Taameya Sandwich,18.1,1,2025-01-13
9308,36,53,Taameya Sandwich,18.33,0,2025-01-27
9309,36,53,Falafel Sub,18.49,0,2025-02-10
9310,36,53,Falafel Sandwich,18.59,0,2025-02-24
9311,36,53,Falafel Sandwich,18.81,0,2025-03-24
9312,36,53,Taameya Sandwich,19.03,0,2025-04-07
9313,36,53,Taameya Sandwich,19.13,0,2025-04-21
9314,36,53,Taameya Sandwich,19.39,0,2025-06-02
9315,36,53,Falafel Sandwich,19.58,0,2025-06-16
9316,36,53,Taameya Sandwich,18.31,1,2025-06-30
9317,36,53,Falafel Sandwich,18.43,0,2025-07-14
9318,36,53,Taameya Sandwich,18.61,0,2025-07-28
9319,36,53,Falafel Sub,18.88,0,2025-08-11
9320,36,53,Falafel Sandwich,17.35,1,2025-08-25
9321,36,53,Falafel Sandwich,17.58,0,2025-09-22
9322,36,53,Falafel Sandwich,17.7,0,2025-10-06
9323,36,53,Falafel Sub,16.87,1,2025-10-20
9324,36,53,Taameya Sandwich,16.44,0,2025-11-03
9325,36,53,Falafel Sandwich,16.67,0,2025-11-17
9326,36,53,Falafel Sub,16.8,0,2025-12-01
9327,36,53,Falafel Sub,15.9,1,2025-12-29
9328,38,1,Grilled Kofta Plate,108.46,0,2024-01-01
9329,38,1,Classic Kofta,109.08,0,2024-02-12
9330,38,1,Mixed Kofta,110.63,0,2024-03-11
9331,38,1,Mixed Kofta,98.64,1,2024-03-25
9332,38,1,Mixed Kofta,96.0,0,2024-04-08
9333,38,1,Mixed Kofta,97.41,0,2024-04-22
9334,38,1,Classic Kofta,93.0,1,2024-05-06
9335,38,1,Grilled Kofta Plate,88.13,1,2024-05-20
9336,38,1,Grilled Kofta Plate,88.61,0,2024-06-03
9337,38,1,Mixed Kofta,84.26,1,2024-06-17
9338,38,1,Grilled Kofta Plate,85.24,0,2024-07-29
9339,38,1,Classic Kofta,86.09,0,2024-08-12
9340,38,1,Classic Kofta,86.57,0,2024-08-26
9341,38,1,Classic Kofta,79.3,1,2024-09-09
9342,38,1,Mixed Kofta,72.32,1,2024-09-23
9343,38,1,Classic Kofta,73.19,0,2024-10-07
9344,38,1,Mixed Kofta,73.61,0,2024-10-21
9345,38,1,Mixed Kofta,69.48,1,2024-11-18
9346,38,1,Classic Kofta,70.52,0,2024-12-16
9347,38,1,Classic Kofta,71.4,0,2024-12-30
9348,38,1,Classic Kofta,72.01,0,2025-02-10
9349,38,1,Mixed Kofta,72.81,0,2025-02-24
9350,38,1,Grilled Kofta Plate,73.44,0,2025-03-24
9351,38,1,Classic Kofta,74.42,0,2025-04-07
9352,38,1,Classic Kofta,75.46,0,2025-04-21
9353,38,1,Grilled Kofta Plate,72.96,1,2025-05-05
9354,38,1,Mixed Kofta,73.91,0,2025-05-19
9355,38,1,Mixed Kofta,75.0,0,2025-06-02
9356,38,1,Grilled Kofta Plate,75.47,0,2025-06-16
9357,38,1,Grilled Kofta Plate,72.12,1,2025-06-30
9358,38,1,Classic Kofta,72.77,0,2025-07-14
9359,38,1,Mixed Kofta,73.51,0,2025-07-28
9360,38,1,Mixed Kofta,74.49,0,2025-08-11
9361,38,1,Mixed Kofta,75.09,0,2025-09-08
9362,38,1,Classic Kofta,76.19,0,2025-09-22
9363,38,1,Classic Kofta,76.66,0,2025-10-06
9364,38,1,Classic Kofta,77.14,0,2025-10-20
9365,38,1,Grilled Kofta Plate,78.14,0,2025-12-01
9366,38,1,Classic Kofta,79.01,0,2025-12-15
9367,38,1,Mixed Kofta,79.43,0,2025-12-29
9368,38,39,Fried Chicken,89.57,1,2024-01-01
9369,38,39,Crunchy Chicken,90.65,0,2024-01-15
9370,38,39,Fried Chicken,91.79,0,2024-01-29
9371,38,39,Crunchy Chicken,92.95,0,2024-02-12
9372,38,39,Crunchy Chicken,94.32,0,2024-03-11
9373,38,39,Crispy Chicken,83.14,1,2024-03-25
9374,38,39,Crispy Chicken,83.72,0,2024-05-06
9375,38,39,Fried Chicken,84.2,0,2024-05-20
9376,38,39,Fried Chicken,85.38,0,2024-08-12
9377,38,39,Crunchy Chicken,81.84,1,2024-08-26
9378,38,39,Crispy Chicken,82.48,0,2024-09-23
9379,38,39,Fried Chicken,75.06,1,2024-11-18
9380,38,39,Crunchy Chicken,75.89,0,2024-12-16
9381,38,39,Crunchy Chicken,76.59,0,2024-12-30
9382,38,39,Crispy Chicken,77.15,0,2025-03-10
9383,38,39,Crunchy Chicken,77.68,0,2025-04-07
9384,38,39,Crunchy Chicken,78.65,0,2025-06-02
9385,38,39,Crunchy Chicken,79.46,0,2025-08-11
9386,38,39,Crispy Chicken,80.11,0,2025-08-25
9387,38,39,Fried Chicken,80.59,0,2025-09-08
9388,38,39,Crispy Chicken,81.72,0,2025-09-22
9389,38,39,Crunchy Chicken,82.22,0,2025-10-06
9390,38,39,Fried Chicken,83.41,0,2025-11-03
9391,38,39,Crunchy Chicken,84.51,0,2025-11-17
9392,38,39,Fried Chicken,85.14,0,2025-12-01
9393,38,39,Crunchy Chicken,85.93,0,2025-12-29
9394,38,13,Macarona Bechamel,86.61,0,2024-01-01
9395,38,13,Bechamel Pasta,87.61,0,2024-01-15
9396,38,13,Macarona Bechamel,79.96,1,2024-01-29
9397,38,13,Macarona Bechamel,80.46,0,2024-02-12
9398,38,13,Baked Pasta,80.98,0,2024-02-26
9399,38,13,Bechamel Pasta,73.76,1,2024-03-11
9400,38,13,Bechamel Pasta,74.84,0,2024-03-25
9401,38,13,Bechamel Pasta,75.82,0,2024-04-22
9402,38,13,Bechamel Pasta,74.56,0,2024-05-20
9403,38,13,Bechamel Pasta,75.29,0,2024-06-03
9404,38,13,Baked Pasta,75.99,0,2024-08-12
9405,38,13,Bechamel Pasta,76.39,0,2024-09-09
9406,38,13,Baked Pasta,70.83,1,2024-09-23
9407,38,13,Macarona Bechamel,65.59,1,2024-10-07
9408,38,13,Bechamel Pasta,66.39,0,2024-11-04
9409,38,13,Baked Pasta,67.11,0,2024-12-02
9410,38,13,Bechamel Pasta,67.82,0,2024-12-16
9411,38,13,Baked Pasta,68.52,0,2024-12-30
9412,38,13,Baked Pasta,69.55,0,2025-01-13
9413,38,13,Macarona Bechamel,63.19,1,2025-01-27
9414,38,13,Baked Pasta,63.6,0,2025-02-10
9415,38,13,Bechamel Pasta,64.1,0,2025-02-24
9416,38,13,Baked Pasta,64.68,0,2025-03-10
9417,38,13,Macarona Bechamel,59.98,1,2025-03-24
9418,38,13,Baked Pasta,60.73,0,2025-04-07
9419,38,13,Bechamel Pasta,61.45,0,2025-04-21
9420,38,13,Baked Pasta,61.82,0,2025-05-05
9421,38,13,Bechamel Pasta,62.3,0,2025-06-02
9422,38,13,Baked Pasta,61.01,0,2025-07-14
9423,38,13,Macarona Bechamel,61.37,0,2025-07-28
9424,38,13,Baked Pasta,61.93,0,2025-08-11
9425,38,13,Baked Pasta,62.29,0,2025-09-22
9426,38,13,Baked Pasta,61.95,0,2025-10-20
9427,38,13,Macarona Bechamel,60.85,0,2025-11-17
9428,38,13,Bechamel Pasta,61.36,0,2025-12-01
9429,38,13,Macarona Bechamel,61.69,0,2025-12-15
9430,38,33,Family Grill Box,622.33,0,2024-01-01
9431,38,33,BBQ Family Pack,626.53,0,2024-01-15
9432,38,33,Mixed Grill Family,633.51,0,2024-01-29
9433,38,33,BBQ Family Pack,642.1,0,2024-02-12
9434,38,33,Family Grill Box,648.46,0,2024-02-26
9435,38,33,Mixed Grill Family,656.88,0,2024-03-11
9436,38,33,Family Grill Box,626.51,1,2024-03-25
9437,38,33,BBQ Family Pack,612.24,0,2024-04-08
9438,38,33,Family Grill Box,617.34,0,2024-04-22
9439,38,33,Family Grill Box,624.28,0,2024-05-06
9440,38,33,Mixed Grill Family,566.51,1,2024-06-17
9441,38,33,Mixed Grill Family,538.45,1,2024-07-29
9442,38,33,BBQ Family Pack,544.59,0,2024-08-12
9443,38,33,Mixed Grill Family,503.53,1,2024-09-09
9444,38,33,BBQ Family Pack,509.51,0,2024-09-23
9445,38,33,Family Grill Box,514.77,0,2024-10-07
9446,38,33,BBQ Family Pack,471.4,1,2024-10-21
9447,38,33,Mixed Grill Family,475.02,0,2024-11-04
9448,38,33,Mixed Grill Family,481.87,0,2024-11-18
9449,38,33,BBQ Family Pack,486.26,0,2024-12-02
9450,38,33,Mixed Grill Family,490.12,0,2024-12-30
9451,38,33,Mixed Grill Family,493.45,0,2025-01-27
9452,38,33,BBQ Family Pack,498.8,0,2025-03-10
9453,38,33,BBQ Family Pack,473.66,1,2025-03-24
9454,38,33,Family Grill Box,478.61,0,2025-04-07
9455,38,33,Family Grill Box,481.62,0,2025-04-21
9456,38,33,BBQ Family Pack,484.54,0,2025-05-19
9457,38,33,BBQ Family Pack,451.48,1,2025-06-16
9458,38,33,BBQ Family Pack,418.23,1,2025-06-30
9459,38,33,BBQ Family Pack,420.67,0,2025-07-28
9460,38,33,Family Grill Box,392.49,1,2025-09-08
9461,38,33,BBQ Family Pack,397.7,0,2025-10-06
9462,38,33,BBQ Family Pack,401.64,0,2025-10-20
9463,38,33,Family Grill Box,405.52,0,2025-11-03
9464,38,33,Mixed Grill Family,411.12,0,2025-11-17
9465,38,33,BBQ Family Pack,413.65,0,2025-12-15
9466,38,29,Sweet Kunafa,71.81,0,2024-01-01
9467,38,29,Sweet Kunafa,72.34,0,2024-01-29
9468,38,29,Sweet Kunafa,71.71,0,2024-02-26
9469,38,29,Sweet Kunafa,72.49,0,2024-04-08
9470,38,29,Kunafa,70.31,1,2024-05-06
9471,38,29,Sweet Kunafa,71.06,0,2024-05-20
9472,38,29,Kunafa,71.64,0,2024-06-17
9473,38,29,Konafa Plate,72.63,0,2024-07-01
9474,38,29,Sweet Kunafa,73.45,0,2024-07-15
9475,38,29,Sweet Kunafa,74.07,0,2024-07-29
9476,38,29,Kunafa,74.95,0,2024-09-09
9477,38,29,Konafa Plate,67.86,1,2024-10-07
9478,38,29,Kunafa,68.84,0,2024-10-21
9479,38,29,Konafa Plate,69.75,0,2024-11-04
9480,38,29,Sweet Kunafa,70.48,0,2024-11-18
9481,38,29,Sweet Kunafa,71.37,0,2024-12-02
9482,38,29,Sweet Kunafa,72.23,0,2025-01-13
9483,38,29,Konafa Plate,72.93,0,2025-01-27
9484,38,29,Sweet Kunafa,73.49,0,2025-02-10
9485,38,29,Sweet Kunafa,70.08,1,2025-03-10
9486,38,29,Konafa Plate,63.64,1,2025-04-07
9487,38,29,Sweet Kunafa,59.23,1,2025-04-21
9488,38,29,Konafa Plate,59.55,0,2025-05-05
9489,38,29,Konafa Plate,60.34,0,2025-06-02
9490,38,29,Kunafa,61.01,0,2025-06-16
9491,38,29,Konafa Plate,61.6,0,2025-07-28
9492,38,29,Konafa Plate,62.37,0,2025-09-08
9493,38,29,Kunafa,63.07,0,2025-09-22
9494,38,29,Konafa Plate,64.0,0,2025-10-06
9495,38,29,Sweet Kunafa,64.68,0,2025-10-20
9496,38,29,Konafa Plate,65.07,0,2025-11-03
9497,38,29,Kunafa,65.81,0,2025-11-17
9498,38,29,Sweet Kunafa,66.38,0,2025-12-01
9499,38,29,Konafa Plate,67.16,0,2025-12-29
9500,38,2,Kabab Platter,141.87,0,2024-01-15
9501,38,2,Kabab Platter,135.57,1,2024-01-29
9502,38,2,Grilled Kabab,136.7,0,2024-02-12
9503,38,2,Kabab Platter,125.37,1,2024-03-11
9504,38,2,Kabab Platter,117.12,1,2024-03-25
9505,38,2,Halal Kabab,117.8,0,2024-04-22
9506,38,2,Kabab Platter,119.14,0,2024-05-06
9507,38,2,Kabab Platter,116.01,0,2024-06-03
9508,38,2,Kabab Platter,117.74,0,2024-06-17
9509,38,2,Halal Kabab,118.66,0,2024-07-15
9510,38,2,Kabab Platter,120.18,0,2024-08-12
9511,38,2,Kabab Platter,110.66,1,2024-09-09
9512,38,2,Grilled Kabab,111.33,0,2024-10-07
9513,38,2,Grilled Kabab,112.43,0,2024-10-21
9514,38,2,Grilled Kabab,113.94,0,2024-11-04
9515,38,2,Grilled Kabab,114.63,0,2024-11-18
9516,38,2,Halal Kabab,115.67,0,2024-12-02
9517,38,2,Halal Kabab,116.46,0,2024-12-16
9518,38,2,Halal Kabab,117.75,0,2025-01-13
9519,38,2,Kabab Platter,110.15,1,2025-01-27
9520,38,2,Halal Kabab,111.3,0,2025-02-10
9521,38,2,Halal Kabab,107.25,1,2025-03-10
9522,38,2,Kabab Platter,106.55,0,2025-03-24
9523,38,2,Halal Kabab,107.7,0,2025-04-07
9524,38,2,Halal Kabab,108.33,0,2025-04-21
9525,38,2,Halal Kabab,108.97,0,2025-05-19
9526,38,2,Halal Kabab,103.76,1,2025-06-02
9527,38,2,Kabab Platter,104.51,0,2025-06-16
9528,38,2,Grilled Kabab,105.72,0,2025-06-30
9529,38,2,Halal Kabab,106.32,0,2025-07-14
9530,38,2,Kabab Platter,107.3,0,2025-07-28
9531,38,2,Kabab Platter,108.78,0,2025-08-11
9532,38,2,Kabab Platter,109.67,0,2025-10-06
9533,38,2,Halal Kabab,111.11,0,2025-10-20
9534,38,2,Grilled Kabab,101.56,1,2025-11-03
9535,38,2,Kabab Platter,96.87,1,2025-12-01
9536,38,2,Kabab Platter,98.2,0,2025-12-15
9537,38,2,Halal Kabab,99.26,0,2025-12-29
9538,38,28,Egyptian Bread Pudding,70.67,0,2024-01-01
9539,38,28,Om Ali Dessert,71.05,0,2024-01-15
9540,38,28,Egyptian Bread Pudding,71.49,0,2024-01-29
9541,38,28,Om Ali,72.16,0,2024-02-26
9542,38,28,Om Ali,72.97,0,2024-03-11
9543,38,28,Egyptian Bread Pudding,69.61,1,2024-03-25
9544,38,28,Egyptian Bread Pudding,68.33,0,2024-04-08
9545,38,28,Om Ali Dessert,66.85,0,2024-04-22
9546,38,28,Egyptian Bread Pudding,67.27,0,2024-05-20
9547,38,28,Om Ali,67.64,0,2024-06-03
9548,38,28,Om Ali Dessert,68.29,0,2024-06-17
9549,38,28,Om Ali,69.14,0,2024-07-15
9550,38,28,Egyptian Bread Pudding,69.5,0,2024-07-29
9551,38,28,Om Ali,64.27,1,2024-08-12
9552,38,28,Om Ali,64.65,0,2024-08-26
9553,38,28,Om Ali Dessert,65.22,0,2024-09-09
9554,38,28,Egyptian Bread Pudding,66.0,0,2024-09-23
9555,38,28,Om Ali Dessert,61.7,1,2024-11-04
9556,38,28,Egyptian Bread Pudding,62.61,0,2024-11-18
9557,38,28,Egyptian Bread Pudding,58.59,1,2024-12-16
9558,38,28,Egyptian Bread Pudding,59.26,0,2025-01-13
9559,38,28,Egyptian Bread Pudding,57.89,0,2025-01-27
9560,38,28,Om Ali Dessert,58.69,0,2025-02-10
9561,38,28,Egyptian Bread Pudding,53.3,1,2025-03-24
9562,38,28,Egyptian Bread Pudding,48.82,1,2025-04-07
9563,38,28,Egyptian Bread Pudding,49.38,0,2025-05-05
9564,38,28,Om Ali,49.71,0,2025-05-19
9565,38,28,Egyptian Bread Pudding,50.13,0,2025-06-02
9566,38,28,Om Ali Dessert,50.49,0,2025-06-16
9567,38,28,Egyptian Bread Pudding,47.7,1,2025-06-30
9568,38,28,Om Ali,48.02,0,2025-07-28
9569,38,28,Om Ali Dessert,47.25,0,2025-08-11
9570,38,28,Om Ali,47.52,0,2025-09-08
9571,38,28,Om Ali Dessert,47.81,0,2025-09-22
9572,38,28,Om Ali Dessert,48.1,0,2025-10-20
9573,38,28,Egyptian Bread Pudding,48.35,0,2025-11-03
9574,38,28,Egyptian Bread Pudding,48.9,0,2025-11-17
9575,38,28,Om Ali Dessert,47.62,0,2025-12-01
9576,38,28,Egyptian Bread Pudding,48.08,0,2025-12-15
9577,39,39,Fried Chicken,125.8,0,2024-02-12
9578,39,39,Crispy Chicken,122.54,0,2024-02-26
9579,39,39,Fried Chicken,124.16,0,2024-03-11
9580,39,39,Crispy Chicken,116.11,1,2024-03-25
9581,39,39,Fried Chicken,113.94,0,2024-04-08
9582,39,39,Crispy Chicken,115.54,0,2024-04-22
9583,39,39,Fried Chicken,116.63,0,2024-05-06
9584,39,39,Crunchy Chicken,115.24,0,2024-05-20
9585,39,39,Fried Chicken,116.86,0,2024-06-03
9586,39,39,Crunchy Chicken,118.39,0,2024-06-17
9587,39,39,Crunchy Chicken,119.31,0,2024-07-01
9588,39,39,Crispy Chicken,120.36,0,2024-07-15
9589,39,39,Fried Chicken,121.23,0,2024-07-29
9590,39,39,Fried Chicken,122.09,0,2024-08-12
9591,39,39,Crunchy Chicken,123.91,0,2024-09-09
9592,39,39,Crispy Chicken,120.54,0,2024-09-23
9593,39,39,Crispy Chicken,121.76,0,2024-10-21
9594,39,39,Fried Chicken,122.79,0,2024-11-04
9595,39,39,Fried Chicken,124.46,0,2024-11-18
9596,39,39,Fried Chicken,125.62,0,2024-12-02
9597,39,39,Fried Chicken,126.5,0,2024-12-30
9598,39,39,Crunchy Chicken,128.39,0,2025-01-13
9599,39,39,Fried Chicken,129.59,0,2025-02-10
9600,39,39,Crispy Chicken,123.12,1,2025-03-10
9601,39,39,Crunchy Chicken,124.2,0,2025-04-07
9602,39,39,Crispy Chicken,124.84,0,2025-04-21
9603,39,39,Crispy Chicken,126.24,0,2025-05-05
9604,39,39,Fried Chicken,127.83,0,2025-05-19
9605,39,39,Crunchy Chicken,128.81,0,2025-06-02
9606,39,39,Crispy Chicken,130.0,0,2025-06-16
9607,39,39,Crunchy Chicken,131.51,0,2025-06-30
9608,39,39,Crunchy Chicken,133.46,0,2025-07-28
9609,39,39,Crunchy Chicken,123.65,1,2025-08-11
9610,39,39,Crunchy Chicken,124.63,0,2025-08-25
9611,39,39,Crispy Chicken,126.12,0,2025-09-08
9612,39,39,Fried Chicken,127.63,0,2025-09-22
9613,39,39,Crunchy Chicken,128.58,0,2025-10-06
9614,39,39,Crunchy Chicken,130.44,0,2025-10-20
9615,39,39,Crispy Chicken,131.29,0,2025-11-03
9616,39,39,Fried Chicken,132.86,0,2025-11-17
9617,39,39,Fried Chicken,133.9,0,2025-12-01
9618,39,39,Crispy Chicken,132.59,0,2025-12-29
9619,39,11,Classic Koshari,63.15,0,2024-01-15
9620,39,11,Egyptian Koshari,63.95,0,2024-01-29
9621,39,11,Koshari,64.6,0,2024-02-12
9622,39,11,Classic Koshari,61.12,1,2024-03-11
9623,39,11,Koshari,56.0,1,2024-04-08
9624,39,11,Egyptian Koshari,56.43,0,2024-04-22
9625,39,11,Koshari,56.75,0,2024-05-06
9626,39,11,Egyptian Koshari,57.33,0,2024-06-03
9627,39,11,Egyptian Koshari,56.85,0,2024-06-17
9628,39,11,Classic Koshari,57.6,0,2024-07-15
9629,39,11,Classic Koshari,58.4,0,2024-07-29
9630,39,11,Egyptian Koshari,59.03,0,2024-08-12
9631,39,11,Egyptian Koshari,59.38,0,2024-08-26
9632,39,11,Koshari,58.7,0,2024-09-09
9633,39,11,Classic Koshari,57.79,0,2024-09-23
9634,39,11,Classic Koshari,58.57,0,2024-10-07
9635,39,11,Classic Koshari,59.13,0,2024-10-21
9636,39,11,Koshari,59.7,0,2024-11-04
9637,39,11,Koshari,60.19,0,2024-11-18
9638,39,11,Egyptian Koshari,59.28,0,2024-12-02
9639,39,11,Egyptian Koshari,59.89,0,2024-12-16
9640,39,11,Classic Koshari,60.53,0,2024-12-30
9641,39,11,Classic Koshari,60.95,0,2025-01-13
9642,39,11,Egyptian Koshari,61.57,0,2025-02-10
9643,39,11,Classic Koshari,55.68,1,2025-03-10
9644,39,11,Egyptian Koshari,49.28,1,2025-03-24
9645,39,11,Egyptian Koshari,50.01,0,2025-04-07
9646,39,11,Egyptian Koshari,47.27,1,2025-04-21
9647,39,11,Egyptian Koshari,47.7,0,2025-05-19
9648,39,11,Classic Koshari,44.74,1,2025-06-02
9649,39,11,Classic Koshari,45.18,0,2025-06-16
9650,39,11,Egyptian Koshari,40.75,1,2025-06-30
9651,39,11,Egyptian Koshari,41.27,0,2025-07-14
9652,39,11,Koshari,41.53,0,2025-07-28
9653,39,11,Koshari,40.93,0,2025-08-11
9654,39,11,Egyptian Koshari,41.2,0,2025-08-25
9655,39,11,Classic Koshari,41.5,0,2025-09-08
9656,39,11,Classic Koshari,39.15,1,2025-09-22
9657,39,11,Koshari,39.45,0,2025-10-06
9658,39,11,Classic Koshari,39.88,0,2025-11-03
9659,39,11,Egyptian Koshari,37.61,1,2025-11-17
9660,39,11,Egyptian Koshari,37.95,0,2025-12-01
9661,39,11,Koshari,38.22,0,2025-12-15
9662,39,51,Liver Sandwich,77.63,0,2024-01-01
9663,39,51,Giblets Sandwich,78.52,0,2024-01-29
9664,39,51,Giblets Sandwich,79.25,0,2024-02-12
9665,39,51,Spicy Liver Sub,80.31,0,2024-02-26
9666,39,51,Giblets Sandwich,80.83,0,2024-03-11
9667,39,51,Giblets Sandwich,77.26,1,2024-03-25
9668,39,51,Giblets Sandwich,72.39,1,2024-04-08
9669,39,51,Giblets Sandwich,72.86,0,2024-05-06
9670,39,51,Giblets Sandwich,73.38,0,2024-05-20
9671,39,51,Giblets Sandwich,74.11,0,2024-07-01
9672,39,51,Spicy Liver Sub,74.67,0,2024-07-15
9673,39,51,Spicy Liver Sub,75.4,0,2024-07-29
9674,39,51,Giblets Sandwich,74.58,0,2024-08-12
9675,39,51,Spicy Liver Sub,72.5,0,2024-08-26
9676,39,51,Spicy Liver Sub,73.27,0,2024-09-09
9677,39,51,Spicy Liver Sub,74.16,0,2024-09-23
9678,39,51,Giblets Sandwich,74.99,0,2024-10-07
9679,39,51,Giblets Sandwich,75.81,0,2024-10-21
9680,39,51,Giblets Sandwich,72.01,1,2024-11-04
9681,39,51,Liver Sandwich,72.53,0,2024-11-18
9682,39,51,Spicy Liver Sub,73.26,0,2024-12-02
9683,39,51,Spicy Liver Sub,74.11,0,2024-12-30
9684,39,51,Giblets Sandwich,74.88,0,2025-01-13
9685,39,51,Spicy Liver Sub,75.59,0,2025-01-27
9686,39,51,Giblets Sandwich,73.56,0,2025-02-10
9687,39,51,Giblets Sandwich,74.4,0,2025-02-24
9688,39,51,Liver Sandwich,65.81,1,2025-03-24
9689,39,51,Liver Sandwich,66.14,0,2025-05-05
9690,39,51,Liver Sandwich,66.71,0,2025-06-02
9691,39,51,Spicy Liver Sub,67.66,0,2025-06-16
9692,39,51,Spicy Liver Sub,68.28,0,2025-06-30
9693,39,51,Spicy Liver Sub,68.85,0,2025-07-14
9694,39,51,Giblets Sandwich,69.4,0,2025-07-28
9695,39,51,Liver Sandwich,69.87,0,2025-08-11
9696,39,51,Giblets Sandwich,70.31,0,2025-08-25
9697,39,51,Giblets Sandwich,64.01,1,2025-09-08
9698,39,51,Liver Sandwich,64.88,0,2025-09-22
9699,39,51,Liver Sandwich,65.49,0,2025-10-06
9700,39,51,Liver Sandwich,66.02,0,2025-10-20
9701,39,51,Liver Sandwich,66.62,0,2025-11-03
9702,39,51,Spicy Liver Sub,67.19,0,2025-11-17
9703,39,51,Spicy Liver Sub,68.16,0,2025-12-01
9704,39,2,Halal Kabab,141.8,0,2024-01-15
9705,39,2,Kabab Platter,143.21,0,2024-01-29
9706,39,2,Kabab Platter,145.28,0,2024-02-12
9707,39,2,Grilled Kabab,147.05,0,2024-03-11
9708,39,2,Grilled Kabab,149.1,0,2024-03-25
9709,39,2,Kabab Platter,150.57,0,2024-04-08
9710,39,2,Kabab Platter,141.79,1,2024-05-06
9711,39,2,Kabab Platter,143.61,0,2024-05-20
9712,39,2,Kabab Platter,145.3,0,2024-06-03
9713,39,2,Halal Kabab,146.76,0,2024-06-17
9714,39,2,Grilled Kabab,148.51,0,2024-07-01
9715,39,2,Grilled Kabab,149.57,0,2024-07-29
9716,39,2,Grilled Kabab,141.45,1,2024-08-12
9717,39,2,Halal Kabab,142.19,0,2024-08-26
9718,39,2,Grilled Kabab,143.11,0,2024-09-09
9719,39,2,Grilled Kabab,145.2,0,2024-09-23
9720,39,2,Grilled Kabab,146.89,0,2024-10-07
9721,39,2,Halal Kabab,147.67,0,2024-10-21
9722,39,2,Kabab Platter,148.75,0,2024-11-04
9723,39,2,Halal Kabab,149.98,0,2024-12-02
9724,39,2,Kabab Platter,150.83,0,2024-12-16
9725,39,2,Kabab Platter,151.92,0,2024-12-30
9726,39,2,Kabab Platter,152.78,0,2025-01-13
9727,39,2,Kabab Platter,142.63,1,2025-01-27
9728,39,2,Kabab Platter,144.2,0,2025-02-10
9729,39,2,Grilled Kabab,134.93,1,2025-03-24
9730,39,2,Halal Kabab,136.28,0,2025-04-07
9731,39,2,Kabab Platter,137.97,0,2025-04-21
9732,39,2,Kabab Platter,139.1,0,2025-05-05
9733,39,2,Kabab Platter,140.11,0,2025-06-02
9734,39,2,Halal Kabab,137.48,0,2025-06-30
9735,39,2,Halal Kabab,138.2,0,2025-07-14
9736,39,2,Halal Kabab,133.34,1,2025-07-28
9737,39,2,Kabab Platter,134.74,0,2025-08-25
9738,39,2,Halal Kabab,136.56,0,2025-09-08
9739,39,2,Kabab Platter,137.93,0,2025-09-22
9740,39,2,Halal Kabab,137.11,0,2025-10-06
9741,39,2,Grilled Kabab,139.01,0,2025-10-20
9742,39,2,Grilled Kabab,140.0,0,2025-11-03
9743,39,2,Halal Kabab,140.92,0,2025-12-01
9744,39,2,Kabab Platter,128.05,1,2025-12-15
9745,39,2,Kabab Platter,129.5,0,2025-12-29
9746,39,30,Qatayef,68.27,0,2024-01-15
9747,39,30,Ramadan Pancake,68.81,0,2024-01-29
9748,39,30,Sweet Qatayef,69.42,0,2024-02-12
9749,39,30,Ramadan Pancake,70.24,0,2024-03-25
9750,39,30,Sweet Qatayef,70.98,0,2024-04-08
9751,39,30,Ramadan Pancake,71.96,0,2024-05-06
9752,39,30,Sweet Qatayef,70.91,0,2024-05-20
9753,39,30,Sweet Qatayef,71.71,0,2024-06-03
9754,39,30,Qatayef,72.71,0,2024-06-17
9755,39,30,Sweet Qatayef,73.39,0,2024-07-01
9756,39,30,Qatayef,74.22,0,2024-07-15
9757,39,30,Ramadan Pancake,75.05,0,2024-08-12
9758,39,30,Qatayef,75.72,0,2024-08-26
9759,39,30,Ramadan Pancake,76.46,0,2024-09-09
9760,39,30,Qatayef,77.36,0,2024-09-23
9761,39,30,Ramadan Pancake,78.11,0,2024-10-21
9762,39,30,Sweet Qatayef,78.9,0,2024-11-18
9763,39,30,Ramadan Pancake,74.14,1,2024-12-02
9764,39,30,Ramadan Pancake,72.86,0,2024-12-16
9765,39,30,Sweet Qatayef,73.83,0,2025-01-13
9766,39,30,Qatayef,74.22,0,2025-01-27
9767,39,30,Ramadan Pancake,69.38,1,2025-02-10
9768,39,30,Ramadan Pancake,70.17,0,2025-02-24
9769,39,30,Sweet Qatayef,70.85,0,2025-03-24
9770,39,30,Sweet Qatayef,71.49,0,2025-04-07
9771,39,30,Qatayef,72.35,0,2025-04-21
9772,39,30,Sweet Qatayef,72.76,0,2025-05-05
9773,39,30,Ramadan Pancake,73.59,0,2025-05-19
9774,39,30,Qatayef,74.3,0,2025-06-02
9775,39,30,Ramadan Pancake,75.37,0,2025-06-16
9776,39,30,Sweet Qatayef,75.88,0,2025-06-30
9777,39,30,Ramadan Pancake,76.31,0,2025-07-14
9778,39,30,Sweet Qatayef,76.78,0,2025-07-28
9779,39,30,Sweet Qatayef,77.25,0,2025-08-25
9780,39,30,Qatayef,78.12,0,2025-09-08
9781,39,30,Qatayef,78.87,0,2025-09-22
9782,39,30,Ramadan Pancake,79.29,0,2025-10-20
9783,39,30,Sweet Qatayef,76.96,0,2025-11-03
9784,39,30,Ramadan Pancake,77.92,0,2025-11-17
9785,39,30,Qatayef,79.07,0,2025-12-01
9786,39,30,Qatayef,80.06,0,2025-12-29
9787,39,29,Kunafa,72.87,0,2024-01-01
9788,39,29,Sweet Kunafa,73.61,0,2024-01-15
9789,39,29,Sweet Kunafa,74.08,0,2024-01-29
9790,39,29,Konafa Plate,74.67,0,2024-02-12
9791,39,29,Kunafa,75.17,0,2024-02-26
9792,39,29,Sweet Kunafa,73.19,0,2024-03-11
9793,39,29,Kunafa,65.92,1,2024-03-25
9794,39,29,Konafa Plate,66.5,0,2024-04-22
9795,39,29,Konafa Plate,66.86,0,2024-05-06
9796,39,29,Kunafa,65.69,0,2024-05-20
9797,39,29,Konafa Plate,66.42,0,2024-07-01
9798,39,29,Kunafa,67.32,0,2024-07-15
9799,39,29,Konafa Plate,68.25,0,2024-08-26
9800,39,29,Sweet Kunafa,67.82,0,2024-09-09
9801,39,29,Kunafa,68.43,0,2024-09-23
9802,39,29,Konafa Plate,66.96,0,2024-10-07
9803,39,29,Kunafa,67.69,0,2024-11-18
9804,39,29,Konafa Plate,68.31,0,2024-12-02
9805,39,29,Konafa Plate,68.68,0,2024-12-16
9806,39,29,Kunafa,69.04,0,2025-01-13
9807,39,29,Sweet Kunafa,66.99,0,2025-02-10
9808,39,29,Sweet Kunafa,63.56,1,2025-03-10
9809,39,29,Sweet Kunafa,64.37,0,2025-03-24
9810,39,29,Konafa Plate,61.05,1,2025-04-07
9811,39,29,Konafa Plate,61.92,0,2025-04-21
9812,39,29,Kunafa,62.63,0,2025-05-19
9813,39,29,Sweet Kunafa,62.12,0,2025-06-30
9814,39,29,Konafa Plate,62.49,0,2025-07-14
9815,39,29,Sweet Kunafa,58.56,1,2025-07-28
9816,39,29,Kunafa,56.98,0,2025-08-11
9817,39,29,Sweet Kunafa,57.69,0,2025-08-25
9818,39,29,Sweet Kunafa,58.25,0,2025-09-08
9819,39,29,Kunafa,56.61,0,2025-09-22
9820,39,29,Konafa Plate,51.45,1,2025-10-20
9821,39,29,Konafa Plate,52.16,0,2025-11-17
9822,39,29,Sweet Kunafa,52.68,0,2025-12-29
9823,39,9,Foul Medames,48.3,1,2024-01-01
9824,39,9,Foul Medames,43.51,1,2024-02-12
9825,39,9,Ful Plate,43.74,0,2024-03-25
9826,39,9,Ful Plate,44.07,0,2024-04-22
9827,39,9,Ful Plate,44.48,0,2024-05-20
9828,39,9,Egyptian Ful,43.33,0,2024-06-03
9829,39,9,Foul Medames,43.6,0,2024-06-17
9830,39,9,Ful Plate,44.0,0,2024-07-01
9831,39,9,Foul Medames,44.58,0,2024-07-29
9832,39,9,Foul Medames,44.25,0,2024-08-12
9833,39,9,Egyptian Ful,44.7,0,2024-08-26
9834,39,9,Foul Medames,43.95,0,2024-10-07
9835,39,9,Egyptian Ful,44.58,0,2024-10-21
9836,39,9,Foul Medames,45.04,0,2024-11-04
9837,39,9,Ful Plate,45.44,0,2024-12-02
9838,39,9,Egyptian Ful,46.06,0,2024-12-16
9839,39,9,Egyptian Ful,46.49,0,2024-12-30
9840,39,9,Ful Plate,47.01,0,2025-01-13
9841,39,9,Foul Medames,47.36,0,2025-01-27
9842,39,9,Egyptian Ful,47.78,0,2025-04-07
9843,39,9,Foul Medames,48.18,0,2025-04-21
9844,39,9,Egyptian Ful,45.85,1,2025-05-05
9845,39,9,Egyptian Ful,46.52,0,2025-05-19
9846,39,9,Egyptian Ful,47.05,0,2025-06-02
9847,39,9,Foul Medames,47.44,0,2025-06-16
9848,39,9,Ful Plate,48.05,0,2025-07-14
9849,39,9,Foul Medames,47.5,0,2025-07-28
9850,39,9,Egyptian Ful,48.21,0,2025-08-11
9851,39,9,Foul Medames,48.85,0,2025-08-25
9852,39,9,Foul Medames,49.52,0,2025-09-22
9853,39,9,Ful Plate,50.02,0,2025-10-20
9854,39,9,Ful Plate,48.57,0,2025-12-15
9855,39,9,Ful Plate,49.17,0,2025-12-29
9856,39,55,Lamb Chops,257.55,0,2024-01-01
9857,39,55,Lamb Ribs,259.95,0,2024-01-15
9858,39,55,Grilled Lamb,262.22,0,2024-02-26
9859,39,55,Grilled Lamb,253.98,1,2024-03-11
9860,39,55,Grilled Lamb,256.59,0,2024-03-25
9861,39,55,Lamb Ribs,226.46,1,2024-04-08
9862,39,55,Grilled Lamb,228.84,0,2024-05-06
9863,39,55,Lamb Chops,231.58,0,2024-05-20
9864,39,55,Lamb Chops,233.24,0,2024-06-17
9865,39,55,Lamb Ribs,219.23,1,2024-07-01
9866,39,55,Lamb Ribs,221.82,0,2024-07-15
9867,39,55,Lamb Ribs,225.0,0,2024-07-29
9868,39,55,Lamb Ribs,226.75,0,2024-08-26
9869,39,55,Lamb Chops,229.07,0,2024-09-09
9870,39,55,Grilled Lamb,210.24,1,2024-09-23
9871,39,55,Lamb Chops,212.56,0,2024-10-07
9872,39,55,Lamb Ribs,214.61,0,2024-11-04
9873,39,55,Lamb Ribs,217.2,0,2024-12-02
9874,39,55,Grilled Lamb,220.05,0,2024-12-16
9875,39,55,Lamb Ribs,221.61,0,2024-12-30
9876,39,55,Grilled Lamb,223.1,0,2025-01-27
9877,39,55,Lamb Ribs,225.67,0,2025-03-24
9878,39,55,Lamb Ribs,228.04,0,2025-04-21
9879,39,55,Grilled Lamb,229.91,0,2025-05-19
9880,39,55,Lamb Ribs,207.82,1,2025-06-16
9881,39,55,Lamb Chops,209.37,0,2025-06-30
9882,39,55,Lamb Ribs,212.1,0,2025-07-14
9883,39,55,Lamb Ribs,214.38,0,2025-07-28
9884,39,55,Grilled Lamb,216.35,0,2025-08-11
9885,39,55,Grilled Lamb,202.57,1,2025-08-25
9886,39,55,Lamb Ribs,205.16,0,2025-09-08
9887,39,55,Lamb Chops,206.76,0,2025-09-22
9888,39,55,Lamb Chops,208.52,0,2025-10-20
9889,39,55,Lamb Ribs,211.01,0,2025-12-01
9890,39,1,Classic Kofta,141.5,0,2024-01-01
9891,39,1,Classic Kofta,143.51,0,2024-01-15
9892,39,1,Classic Kofta,144.82,0,2024-01-29
9893,39,1,Grilled Kofta Plate,135.01,1,2024-02-12
9894,39,1,Classic Kofta,136.32,0,2024-02-26
9895,39,1,Grilled Kofta Plate,127.93,1,2024-03-25
9896,39,1,Classic Kofta,129.53,0,2024-04-08
9897,39,1,Classic Kofta,126.42,0,2024-05-20
9898,39,1,Grilled Kofta Plate,128.2,0,2024-06-03
9899,39,1,Grilled Kofta Plate,128.95,0,2024-06-17
9900,39,1,Mixed Kofta,125.42,0,2024-07-01
9901,39,1,Grilled Kofta Plate,118.58,1,2024-07-29
9902,39,1,Mixed Kofta,110.71,1,2024-08-12
9903,39,1,Classic Kofta,111.62,0,2024-11-04
9904,39,1,Classic Kofta,112.21,0,2024-11-18
9905,39,1,Classic Kofta,113.26,0,2024-12-02
9906,39,1,Mixed Kofta,110.5,0,2024-12-16
9907,39,1,Mixed Kofta,112.02,0,2025-01-13
9908,39,1,Grilled Kofta Plate,113.16,0,2025-01-27
9909,39,1,Mixed Kofta,104.36,1,2025-02-24
9910,39,1,Grilled Kofta Plate,96.79,1,2025-03-10
9911,39,1,Classic Kofta,97.71,0,2025-03-24
9912,39,1,Mixed Kofta,92.99,1,2025-04-07
9913,39,1,Grilled Kofta Plate,93.82,0,2025-05-19
9914,39,1,Classic Kofta,85.7,1,2025-07-14
9915,39,1,Mixed Kofta,86.3,0,2025-07-28
9916,39,1,Grilled Kofta Plate,86.89,0,2025-08-11
9917,39,1,Classic Kofta,81.04,1,2025-09-08
9918,39,1,Grilled Kofta Plate,81.81,0,2025-09-22
9919,39,1,Grilled Kofta Plate,75.17,1,2025-10-06
9920,39,1,Mixed Kofta,76.11,0,2025-11-03
9921,39,1,Classic Kofta,71.73,1,2025-11-17
9922,39,1,Classic Kofta,72.8,0,2025-12-01
9923,39,1,Mixed Kofta,65.62,1,2025-12-15
9924,39,1,Classic Kofta,66.44,0,2025-12-29
9925,39,60,Lamb Family Meal,788.15,0,2024-01-01
9926,39,60,Family Lamb Platter,793.3,0,2024-01-15
9927,39,60,Lamb Family Meal,800.04,0,2024-01-29
9928,39,60,Lamb Feast,810.13,0,2024-02-12
9929,39,60,Family Lamb Platter,814.73,0,2024-02-26
9930,39,60,Lamb Feast,826.79,0,2024-03-11
9931,39,60,Lamb Family Meal,811.4,0,2024-04-08
9932,39,60,Lamb Feast,819.93,0,2024-05-06
9933,39,60,Lamb Family Meal,830.53,0,2024-06-17
9934,39,60,Family Lamb Platter,835.78,0,2024-07-01
9935,39,60,Lamb Feast,841.15,0,2024-07-15
9936,39,60,Lamb Feast,836.84,0,2024-07-29
9937,39,60,Family Lamb Platter,827.58,0,2024-08-26
9938,39,60,Lamb Feast,837.73,0,2024-09-09
9939,39,60,Lamb Feast,844.75,0,2024-10-07
9940,39,60,Lamb Family Meal,851.14,0,2024-10-21
9941,39,60,Lamb Family Meal,857.22,0,2024-11-18
9942,39,60,Lamb Family Meal,864.32,0,2024-12-02
9943,39,60,Lamb Feast,875.89,0,2024-12-16
9944,39,60,Family Lamb Platter,822.03,1,2025-01-13
9945,39,60,Family Lamb Platter,827.5,0,2025-02-10
9946,39,60,Lamb Feast,838.37,0,2025-02-24
9947,39,60,Family Lamb Platter,810.13,1,2025-03-24
9948,39,60,Lamb Family Meal,745.29,1,2025-04-07
9949,39,60,Family Lamb Platter,756.28,0,2025-04-21
9950,39,60,Lamb Feast,764.42,0,2025-05-19
9951,39,60,Lamb Family Meal,771.95,0,2025-06-16
9952,39,60,Lamb Feast,775.83,0,2025-06-30
9953,39,60,Lamb Feast,715.38,1,2025-07-14
9954,39,60,Family Lamb Platter,721.98,0,2025-07-28
9955,39,60,Lamb Family Meal,730.03,0,2025-08-11
9956,39,60,Lamb Family Meal,735.88,0,2025-08-25
9957,39,60,Lamb Family Meal,740.14,0,2025-09-22
9958,39,60,Lamb Family Meal,744.9,0,2025-10-06
9959,39,60,Lamb Family Meal,749.38,0,2025-10-20
9960,39,60,Family Lamb Platter,760.07,0,2025-11-03
9961,39,60,Family Lamb Platter,767.18,0,2025-11-17
9962,39,60,Lamb Family Meal,771.08,0,2025-12-01
9963,39,60,Lamb Feast,779.87,0,2025-12-29
9964,40,53,Falafel Sub,40.46,0,2024-01-15
9965,40,53,Taameya Sandwich,41.02,0,2024-01-29
9966,40,53,Falafel Sandwich,41.47,0,2024-02-12
9967,40,53,Falafel Sub,41.26,0,2024-02-26
9968,40,53,Falafel Sub,38.97,1,2024-03-25
9969,40,53,Falafel Sandwich,39.32,0,2024-04-22
9970,40,53,Falafel Sandwich,36.25,1,2024-05-06
9971,40,53,Falafel Sub,36.58,0,2024-06-03
9972,40,53,Falafel Sub,37.11,0,2024-07-01
9973,40,53,Taameya Sandwich,37.56,0,2024-07-15
9974,40,53,Falafel Sandwich,33.85,1,2024-07-29
9975,40,53,Falafel Sub,33.38,0,2024-09-09
9976,40,53,Falafel Sub,33.79,0,2024-09-23
9977,40,53,Falafel Sub,34.07,0,2024-10-07
9978,40,53,Taameya Sandwich,34.29,0,2024-10-21
9979,40,53,Falafel Sub,34.71,0,2024-11-04
9980,40,53,Falafel Sub,34.9,0,2024-11-18
9981,40,53,Falafel Sub,35.2,0,2024-12-02
9982,40,53,Falafel Sandwich,35.43,0,2024-12-16
9983,40,53,Falafel Sandwich,35.93,0,2025-01-13
9984,40,53,Taameya Sandwich,32.35,1,2025-02-10
9985,40,53,Falafel Sub,32.55,0,2025-02-24
9986,40,53,Taameya Sandwich,32.74,0,2025-03-24
9987,40,53,Falafel Sandwich,33.21,0,2025-04-07
9988,40,53,Falafel Sub,33.58,0,2025-04-21
9989,40,53,Falafel Sandwich,33.84,0,2025-05-19
9990,40,53,Falafel Sandwich,34.16,0,2025-06-02
9991,40,53,Falafel Sub,34.51,0,2025-06-30
9992,40,53,Falafel Sub,34.89,0,2025-07-28
9993,40,53,Falafel Sandwich,35.27,0,2025-08-11
9994,40,53,Taameya Sandwich,35.53,0,2025-08-25
9995,40,53,Falafel Sub,35.76,0,2025-09-22
9996,40,53,Falafel Sandwich,33.58,1,2025-10-20
9997,40,53,Taameya Sandwich,33.23,0,2025-11-17
9998,40,53,Taameya Sandwich,33.51,0,2025-12-01
9999,40,53,Taameya Sandwich,33.85,0,2025-12-15
10000,40,53,Taameya Sandwich,34.03,0,2025-12-29
10001,40,33,Mixed Grill Family,553.56,0,2024-01-15
10002,40,33,BBQ Family Pack,557.62,0,2024-02-12
10003,40,33,BBQ Family Pack,565.36,0,2024-02-26
10004,40,33,Mixed Grill Family,568.26,0,2024-03-11
10005,40,33,Family Grill Box,573.06,0,2024-03-25
10006,40,33,Family Grill Box,568.88,0,2024-04-22
10007,40,33,Family Grill Box,574.22,0,2024-05-06
10008,40,33,Family Grill Box,581.11,0,2024-05-20
10009,40,33,Mixed Grill Family,548.84,1,2024-06-03
10010,40,33,Family Grill Box,553.26,0,2024-06-17
10011,40,33,Mixed Grill Family,557.62,0,2024-07-01
10012,40,33,BBQ Family Pack,560.45,0,2024-08-12
10013,40,33,Family Grill Box,565.82,0,2024-08-26
10014,40,33,Family Grill Box,572.27,0,2024-09-09
10015,40,33,Mixed Grill Family,560.28,0,2024-10-07
10016,40,33,BBQ Family Pack,524.19,1,2024-11-04
10017,40,33,Family Grill Box,531.93,0,2024-12-02
10018,40,33,Mixed Grill Family,536.19,0,2024-12-16
10019,40,33,BBQ Family Pack,542.41,0,2025-01-27
10020,40,33,Family Grill Box,547.26,0,2025-02-24
10021,40,33,BBQ Family Pack,550.14,0,2025-03-10
10022,40,33,Family Grill Box,557.4,0,2025-03-24
10023,40,33,Mixed Grill Family,563.05,0,2025-04-21
10024,40,33,Family Grill Box,566.28,0,2025-06-02
10025,40,33,Mixed Grill Family,572.77,0,2025-06-16
10026,40,33,BBQ Family Pack,579.96,0,2025-06-30
10027,40,33,Mixed Grill Family,583.75,0,2025-07-14
10028,40,33,Family Grill Box,586.93,0,2025-07-28
10029,40,33,Mixed Grill Family,590.17,0,2025-08-11
10030,40,33,Family Grill Box,594.08,0,2025-09-08
10031,40,33,BBQ Family Pack,601.33,0,2025-10-06
10032,40,33,Family Grill Box,608.24,0,2025-10-20
10033,40,33,BBQ Family Pack,614.73,0,2025-12-01
10034,40,33,BBQ Family Pack,620.89,0,2025-12-15
10035,40,33,Mixed Grill Family,625.89,0,2025-12-29
10036,40,37,Crispy Chicken Burger,92.07,0,2024-01-01
10037,40,37,Spicy Chicken Burger,92.86,0,2024-01-15
10038,40,37,Spicy Chicken Burger,93.61,0,2024-02-26
10039,40,37,Chicken Burger,94.57,0,2024-03-11
10040,40,37,Crispy Chicken Burger,95.45,0,2024-04-08
10041,40,37,Spicy Chicken Burger,96.49,0,2024-04-22
10042,40,37,Spicy Chicken Burger,96.98,0,2024-05-06
10043,40,37,Spicy Chicken Burger,97.68,0,2024-05-20
10044,40,37,Chicken Burger,98.52,0,2024-06-17
10045,40,37,Spicy Chicken Burger,89.36,1,2024-07-29
10046,40,37,Chicken Burger,83.35,1,2024-08-12
10047,40,37,Crispy Chicken Burger,84.36,0,2024-09-09
10048,40,37,Spicy Chicken Burger,85.12,0,2024-10-07
10049,40,37,Chicken Burger,85.94,0,2024-10-21
10050,40,37,Spicy Chicken Burger,85.45,0,2024-11-04
10051,40,37,Crispy Chicken Burger,86.22,0,2024-11-18
10052,40,37,Spicy Chicken Burger,86.77,0,2024-12-02
10053,40,37,Spicy Chicken Burger,87.93,0,2024-12-30
10054,40,37,Spicy Chicken Burger,79.8,1,2025-01-13
10055,40,37,Crispy Chicken Burger,80.5,0,2025-01-27
10056,40,37,Crispy Chicken Burger,79.07,0,2025-02-10
10057,40,37,Crispy Chicken Burger,79.69,0,2025-02-24
10058,40,37,Spicy Chicken Burger,70.37,1,2025-03-10
10059,40,37,Crispy Chicken Burger,70.8,0,2025-03-24
10060,40,37,Spicy Chicken Burger,71.71,0,2025-04-07
10061,40,37,Chicken Burger,72.58,0,2025-04-21
10062,40,37,Spicy Chicken Burger,72.98,0,2025-05-05
10063,40,37,Chicken Burger,74.04,0,2025-05-19
10064,40,37,Crispy Chicken Burger,74.98,0,2025-06-02
10065,40,37,Chicken Burger,68.6,1,2025-07-14
10066,40,37,Crispy Chicken Burger,64.93,1,2025-08-11
10067,40,37,Spicy Chicken Burger,65.78,0,2025-09-22
10068,40,37,Crispy Chicken Burger,66.6,0,2025-10-06
10069,40,37,Crispy Chicken Burger,63.54,1,2025-11-03
10070,40,37,Crispy Chicken Burger,64.29,0,2025-11-17
10071,40,37,Spicy Chicken Burger,65.2,0,2025-12-15
10072,40,37,Crispy Chicken Burger,61.57,1,2025-12-29
10073,40,52,Grilled Kofta Sub,72.56,0,2024-01-15
10074,40,52,Kofta Roll,71.81,0,2024-01-29
10075,40,52,Kofta Roll,68.94,1,2024-02-26
10076,40,52,Kofta Roll,69.31,0,2024-03-11
10077,40,52,Grilled Kofta Sub,69.93,0,2024-03-25
10078,40,52,Kofta Roll,67.28,1,2024-04-08
10079,40,52,Grilled Kofta Sub,68.12,0,2024-05-06
10080,40,52,Kofta Sandwich,68.98,0,2024-05-20
10081,40,52,Grilled Kofta Sub,69.95,0,2024-06-03
10082,40,52,Kofta Sandwich,70.3,0,2024-07-01
10083,40,52,Kofta Roll,66.56,1,2024-07-15
10084,40,52,Grilled Kofta Sub,65.92,0,2024-07-29
10085,40,52,Kofta Roll,66.39,0,2024-09-23
10086,40,52,Kofta Sandwich,67.38,0,2024-10-07
10087,40,52,Grilled Kofta Sub,65.71,0,2024-11-04
10088,40,52,Grilled Kofta Sub,66.1,0,2024-12-02
10089,40,52,Kofta Roll,67.08,0,2024-12-30
10090,40,52,Kofta Roll,67.95,0,2025-01-13
10091,40,52,Kofta Sandwich,68.81,0,2025-01-27
10092,40,52,Kofta Roll,69.58,0,2025-02-10
10093,40,52,Kofta Sandwich,70.09,0,2025-02-24
10094,40,52,Grilled Kofta Sub,65.8,1,2025-03-10
10095,40,52,Grilled Kofta Sub,62.37,1,2025-04-07
10096,40,52,Grilled Kofta Sub,62.97,0,2025-04-21
10097,40,52,Grilled Kofta Sub,63.69,0,2025-05-05
10098,40,52,Kofta Roll,64.27,0,2025-05-19
10099,40,52,Grilled Kofta Sub,58.28,1,2025-06-02
10100,40,52,Grilled Kofta Sub,59.0,0,2025-06-30
10101,40,52,Kofta Roll,59.78,0,2025-07-14
10102,40,52,Kofta Sandwich,60.59,0,2025-07-28
10103,40,52,Grilled Kofta Sub,59.03,0,2025-08-25
10104,40,52,Kofta Sandwich,59.6,0,2025-09-08
10105,40,52,Kofta Roll,60.0,0,2025-10-06
10106,40,52,Kofta Sandwich,55.28,1,2025-10-20
10107,40,52,Kofta Sandwich,55.73,0,2025-11-03
10108,40,52,Kofta Roll,56.09,0,2025-11-17
10109,40,52,Kofta Sandwich,55.69,0,2025-12-01
10110,40,52,Kofta Sandwich,56.07,0,2025-12-15
10111,40,1,Classic Kofta,118.7,0,2024-01-01
10112,40,1,Grilled Kofta Plate,120.12,0,2024-01-29
10113,40,1,Mixed Kofta,121.3,0,2024-02-26
10114,40,1,Grilled Kofta Plate,122.4,0,2024-03-11
10115,40,1,Grilled Kofta Plate,123.05,0,2024-03-25
10116,40,1,Classic Kofta,124.19,0,2024-05-06
10117,40,1,Classic Kofta,125.35,0,2024-05-20
10118,40,1,Mixed Kofta,126.42,0,2024-06-03
10119,40,1,Classic Kofta,127.1,0,2024-06-17
10120,40,1,Classic Kofta,119.38,1,2024-07-01
10121,40,1,Mixed Kofta,121.02,0,2024-08-26
10122,40,1,Grilled Kofta Plate,121.93,0,2024-09-09
10123,40,1,Mixed Kofta,123.59,0,2024-09-23
10124,40,1,Mixed Kofta,125.23,0,2024-10-21
10125,40,1,Classic Kofta,126.13,0,2024-11-04
10126,40,1,Classic Kofta,123.82,0,2024-11-18
10127,40,1,Grilled Kofta Plate,124.98,0,2024-12-02
10128,40,1,Classic Kofta,126.06,0,2024-12-30
10129,40,1,Classic Kofta,127.79,0,2025-01-13
10130,40,1,Classic Kofta,128.88,0,2025-01-27
10131,40,1,Mixed Kofta,130.01,0,2025-03-10
10132,40,1,Grilled Kofta Plate,123.39,1,2025-04-21
10133,40,1,Mixed Kofta,118.4,1,2025-05-05
10134,40,1,Grilled Kofta Plate,120.0,0,2025-05-19
10135,40,1,Mixed Kofta,121.54,0,2025-06-16
10136,40,1,Classic Kofta,122.31,0,2025-06-30
10137,40,1,Grilled Kofta Plate,116.66,1,2025-07-14
10138,40,1,Classic Kofta,117.26,0,2025-07-28
10139,40,1,Classic Kofta,115.07,0,2025-08-11
10140,40,1,Mixed Kofta,115.8,0,2025-08-25
10141,40,1,Mixed Kofta,117.51,0,2025-09-08
10142,40,1,Classic Kofta,116.11,0,2025-09-22
10143,40,1,Classic Kofta,117.02,0,2025-10-06
10144,40,1,Mixed Kofta,118.04,0,2025-10-20
10145,40,1,Grilled Kofta Plate,119.04,0,2025-11-03
10146,40,1,Grilled Kofta Plate,119.82,0,2025-12-01
10147,40,4,Grilled Liver,114.02,0,2024-01-01
10148,40,4,Spicy Liver,106.33,1,2024-01-29
10149,40,4,Liver Sandwich Platter,107.41,0,2024-02-12
10150,40,4,Grilled Liver,108.3,0,2024-03-11
10151,40,4,Spicy Liver,109.03,0,2024-03-25
10152,40,4,Grilled Liver,110.07,0,2024-04-08
10153,40,4,Liver Sandwich Platter,111.68,0,2024-04-22
10154,40,4,Liver Sandwich Platter,113.33,0,2024-05-06
10155,40,4,Grilled Liver,109.86,1,2024-06-03
10156,40,4,Grilled Liver,111.05,0,2024-06-17
10157,40,4,Liver Sandwich Platter,108.23,0,2024-07-01
10158,40,4,Spicy Liver,109.81,0,2024-07-15
10159,40,4,Grilled Liver,110.85,0,2024-07-29
10160,40,4,Liver Sandwich Platter,107.83,0,2024-08-26
10161,40,4,Grilled Liver,109.19,0,2024-09-09
10162,40,4,Liver Sandwich Platter,110.79,0,2024-09-23
10163,40,4,Liver Sandwich Platter,111.75,0,2024-10-07
10164,40,4,Spicy Liver,112.9,0,2024-10-21
10165,40,4,Grilled Liver,111.09,0,2024-11-04
10166,40,4,Liver Sandwich Platter,111.98,0,2024-11-18
10167,40,4,Liver Sandwich Platter,113.12,0,2025-01-13
10168,40,4,Spicy Liver,113.77,0,2025-01-27
10169,40,4,Grilled Liver,114.39,0,2025-02-10
10170,40,4,Grilled Liver,115.43,0,2025-03-24
10171,40,4,Spicy Liver,105.08,1,2025-04-07
10172,40,4,Liver Sandwich Platter,104.32,0,2025-05-05
10173,40,4,Grilled Liver,105.65,0,2025-05-19
10174,40,4,Grilled Liver,107.02,0,2025-06-02
10175,40,4,Spicy Liver,107.85,0,2025-07-14
10176,40,4,Liver Sandwich Platter,109.41,0,2025-08-11
10177,40,4,Spicy Liver,110.76,0,2025-08-25
10178,40,4,Grilled Liver,111.42,0,2025-09-08
10179,40,4,Liver Sandwich Platter,112.49,0,2025-09-22
10180,40,4,Liver Sandwich Platter,113.96,0,2025-11-03
10181,40,4,Spicy Liver,115.22,0,2025-11-17
10182,40,4,Spicy Liver,115.81,0,2025-12-15
10183,41,37,Spicy Chicken Burger,87.24,1,2024-01-01
10184,41,37,Crispy Chicken Burger,85.26,0,2024-01-15
10185,41,37,Chicken Burger,85.88,0,2024-01-29
10186,41,37,Spicy Chicken Burger,86.52,0,2024-03-11
10187,41,37,Spicy Chicken Burger,87.69,0,2024-03-25
10188,41,37,Crispy Chicken Burger,86.36,0,2024-04-22
10189,41,37,Spicy Chicken Burger,87.21,0,2024-05-20
10190,41,37,Crispy Chicken Burger,87.82,0,2024-06-03
10191,41,37,Chicken Burger,88.3,0,2024-06-17
10192,41,37,Crispy Chicken Burger,81.05,1,2024-07-01
10193,41,37,Chicken Burger,82.25,0,2024-07-15
10194,41,37,Spicy Chicken Burger,83.25,0,2024-07-29
10195,41,37,Crispy Chicken Burger,83.92,0,2024-08-12
10196,41,37,Chicken Burger,80.59,1,2024-08-26
10197,41,37,Spicy Chicken Burger,81.6,0,2024-09-09
10198,41,37,Spicy Chicken Burger,82.07,0,2024-09-23
10199,41,37,Chicken Burger,83.07,0,2024-11-04
10200,41,37,Crispy Chicken Burger,84.15,0,2024-12-02
10201,41,37,Crispy Chicken Burger,85.04,0,2024-12-16
10202,41,37,Chicken Burger,85.73,0,2025-01-13
10203,41,37,Crispy Chicken Burger,78.17,1,2025-03-10
10204,41,37,Spicy Chicken Burger,78.9,0,2025-03-24
10205,41,37,Crispy Chicken Burger,79.66,0,2025-04-21
10206,41,37,Chicken Burger,80.28,0,2025-06-02
10207,41,37,Crispy Chicken Burger,72.48,1,2025-06-16
10208,41,37,Spicy Chicken Burger,73.19,0,2025-06-30
10209,41,37,Chicken Burger,66.22,1,2025-07-14
10210,41,37,Chicken Burger,66.99,0,2025-07-28
10211,41,37,Chicken Burger,67.34,0,2025-08-11
10212,41,37,Crispy Chicken Burger,68.31,0,2025-08-25
10213,41,37,Chicken Burger,69.14,0,2025-09-08
10214,41,37,Chicken Burger,69.86,0,2025-09-22
10215,41,37,Chicken Burger,68.31,0,2025-10-06
10216,41,37,Spicy Chicken Burger,65.7,1,2025-10-20
10217,41,37,Crispy Chicken Burger,66.62,0,2025-11-03
10218,41,37,Chicken Burger,66.95,0,2025-11-17
10219,41,37,Chicken Burger,67.76,0,2025-12-15
10220,41,37,Crispy Chicken Burger,68.19,0,2025-12-29
10221,41,29,Konafa Plate,62.05,0,2024-01-15
10222,41,29,Sweet Kunafa,62.63,0,2024-02-12
10223,41,29,Kunafa,63.22,0,2024-02-26
10224,41,29,Sweet Kunafa,59.36,1,2024-03-11
10225,41,29,Konafa Plate,52.38,1,2024-04-08
10226,41,29,Kunafa,52.98,0,2024-04-22
10227,41,29,Konafa Plate,53.36,0,2024-05-06
10228,41,29,Sweet Kunafa,54.13,0,2024-05-20
10229,41,29,Konafa Plate,49.17,1,2024-06-03
10230,41,29,Kunafa,48.6,0,2024-07-15
10231,41,29,Kunafa,48.86,0,2024-07-29
10232,41,29,Sweet Kunafa,49.54,0,2024-08-12
10233,41,29,Sweet Kunafa,49.81,0,2024-08-26
10234,41,29,Konafa Plate,49.31,0,2024-09-09
10235,41,29,Konafa Plate,49.74,0,2024-10-07
10236,41,29,Sweet Kunafa,50.17,0,2024-10-21
10237,41,29,Sweet Kunafa,50.71,0,2024-12-02
10238,41,29,Konafa Plate,51.39,0,2024-12-16
10239,41,29,Kunafa,51.74,0,2025-01-13
10240,41,29,Konafa Plate,52.28,0,2025-01-27
10241,41,29,Kunafa,48.26,1,2025-02-10
10242,41,29,Konafa Plate,46.17,1,2025-03-10
10243,41,29,Sweet Kunafa,46.85,0,2025-04-07
10244,41,29,Kunafa,45.73,0,2025-04-21
10245,41,29,Sweet Kunafa,46.32,0,2025-05-05
10246,41,29,Sweet Kunafa,43.08,1,2025-06-02
10247,41,29,Sweet Kunafa,42.55,0,2025-06-16
10248,41,29,Kunafa,42.86,0,2025-06-30
10249,41,29,Konafa Plate,43.23,0,2025-07-14
10250,41,29,Konafa Plate,43.51,0,2025-07-28
10251,41,29,Sweet Kunafa,43.91,0,2025-08-11
10252,41,29,Konafa Plate,44.28,0,2025-08-25
10253,41,29,Konafa Plate,44.69,0,2025-09-22
10254,41,29,Sweet Kunafa,44.94,0,2025-10-20
10255,41,29,Konafa Plate,43.34,1,2025-11-03
10256,41,29,Konafa Plate,43.76,0,2025-12-01
10257,41,29,Sweet Kunafa,44.36,0,2025-12-15
10258,41,30,Ramadan Pancake,63.76,0,2024-01-15
10259,41,30,Ramadan Pancake,64.35,0,2024-02-26
10260,41,30,Ramadan Pancake,65.13,0,2024-03-25
10261,41,30,Ramadan Pancake,63.46,0,2024-04-08
10262,41,30,Sweet Qatayef,63.9,0,2024-04-22
10263,41,30,Qatayef,64.84,0,2024-05-20
10264,41,30,Ramadan Pancake,61.6,1,2024-06-03
10265,41,30,Qatayef,61.96,0,2024-06-17
10266,41,30,Qatayef,58.01,1,2024-07-01
10267,41,30,Sweet Qatayef,58.46,0,2024-07-15
10268,41,30,Ramadan Pancake,59.23,0,2024-08-12
10269,41,30,Sweet Qatayef,54.62,1,2024-09-09
10270,41,30,Sweet Qatayef,55.19,0,2024-09-23
10271,41,30,Sweet Qatayef,55.95,0,2024-10-07
10272,41,30,Qatayef,56.36,0,2024-10-21
10273,41,30,Ramadan Pancake,56.8,0,2024-11-04
10274,41,30,Sweet Qatayef,57.15,0,2024-12-16
10275,41,30,Qatayef,53.81,1,2025-02-10
10276,41,30,Ramadan Pancake,54.12,0,2025-02-24
10277,41,30,Qatayef,51.03,1,2025-04-07
10278,41,30,Qatayef,51.51,0,2025-04-21
10279,41,30,Sweet Qatayef,51.96,0,2025-05-05
10280,41,30,Qatayef,52.54,0,2025-06-02
10281,41,30,Sweet Qatayef,52.99,0,2025-06-16
10282,41,30,Qatayef,53.73,0,2025-06-30
10283,41,30,Ramadan Pancake,50.28,1,2025-07-14
10284,41,30,Ramadan Pancake,50.96,0,2025-07-28
10285,41,30,Ramadan Pancake,51.63,0,2025-09-08
10286,41,30,Qatayef,52.31,0,2025-10-06
10287,41,30,Qatayef,52.59,0,2025-10-20
10288,41,30,Qatayef,49.72,1,2025-12-15
10289,41,30,Qatayef,50.23,0,2025-12-29
10290,41,7,Chicken Shawarma,130.97,0,2024-01-01
10291,41,7,Shawarma Wrap,132.93,0,2024-01-15
10292,41,7,Chicken Shawarma,129.85,0,2024-02-26
10293,41,7,Shawarma Wrap,130.7,0,2024-04-08
10294,41,7,Chicken Shawarma,131.91,0,2024-04-22
10295,41,7,Shawarma Wrap,133.53,0,2024-05-06
10296,41,7,Crispy Shawarma,134.36,0,2024-05-20
10297,41,7,Shawarma Wrap,135.21,0,2024-06-17
10298,41,7,Chicken Shawarma,136.2,0,2024-07-01
10299,41,7,Crispy Shawarma,125.07,1,2024-07-15
10300,41,7,Shawarma Wrap,126.21,0,2024-07-29
10301,41,7,Shawarma Wrap,127.78,0,2024-08-26
10302,41,7,Chicken Shawarma,129.46,0,2024-10-21
10303,41,7,Chicken Shawarma,130.96,0,2024-11-04
10304,41,7,Crispy Shawarma,132.5,0,2024-11-18
10305,41,7,Shawarma Wrap,123.86,1,2024-12-02
10306,41,7,Crispy Shawarma,124.99,0,2024-12-16
10307,41,7,Shawarma Wrap,126.19,0,2025-01-13
10308,41,7,Crispy Shawarma,127.55,0,2025-02-10
10309,41,7,Crispy Shawarma,128.37,0,2025-02-24
10310,41,7,Shawarma Wrap,129.19,0,2025-03-24
10311,41,7,Crispy Shawarma,130.66,0,2025-05-19
10312,41,7,Shawarma Wrap,132.52,0,2025-06-02
10313,41,7,Shawarma Wrap,133.74,0,2025-06-16
10314,41,7,Shawarma Wrap,127.33,1,2025-07-14
10315,41,7,Chicken Shawarma,128.54,0,2025-08-11
10316,41,7,Crispy Shawarma,125.54,0,2025-08-25
10317,41,7,Shawarma Wrap,127.05,0,2025-09-22
10318,41,7,Shawarma Wrap,128.17,0,2025-12-01
10319,41,7,Chicken Shawarma,121.33,1,2025-12-15
10320,41,7,Chicken Shawarma,122.77,0,2025-12-29
10321,41,33,Family Grill Box,598.72,0,2024-01-01
10322,41,33,Family Grill Box,602.32,0,2024-01-15
10323,41,33,BBQ Family Pack,558.34,1,2024-01-29
10324,41,33,BBQ Family Pack,565.39,0,2024-02-12
10325,41,33,BBQ Family Pack,570.23,0,2024-02-26
10326,41,33,Family Grill Box,576.13,0,2024-03-11
10327,41,33,BBQ Family Pack,525.1,1,2024-03-25
10328,41,33,Mixed Grill Family,463.44,1,2024-04-08
10329,41,33,Mixed Grill Family,441.82,1,2024-04-22
10330,41,33,Mixed Grill Family,415.21,1,2024-05-06
10331,41,33,Family Grill Box,420.69,0,2024-06-03
10332,41,33,Mixed Grill Family,424.76,0,2024-06-17
10333,41,33,Mixed Grill Family,430.49,0,2024-07-15
10334,41,33,Mixed Grill Family,433.79,0,2024-07-29
10335,41,33,BBQ Family Pack,424.02,0,2024-08-12
10336,41,33,BBQ Family Pack,390.87,1,2024-08-26
10337,41,33,BBQ Family Pack,395.67,0,2024-09-23
10338,41,33,Family Grill Box,398.05,0,2024-10-07
10339,41,33,BBQ Family Pack,402.48,0,2024-10-21
10340,41,33,Mixed Grill Family,407.41,0,2024-11-04
10341,41,33,Family Grill Box,411.95,0,2024-12-16
10342,41,33,Family Grill Box,417.41,0,2024-12-30
10343,41,33,Family Grill Box,386.26,1,2025-01-13
10344,41,33,BBQ Family Pack,388.92,0,2025-03-10
10345,41,33,Family Grill Box,391.91,0,2025-03-24
10346,41,33,Family Grill Box,397.46,0,2025-04-07
10347,41,33,Family Grill Box,402.1,0,2025-04-21
10348,41,33,Mixed Grill Family,405.77,0,2025-05-19
10349,41,33,BBQ Family Pack,370.5,1,2025-06-02
10350,41,33,BBQ Family Pack,373.62,0,2025-06-16
10351,41,33,Mixed Grill Family,376.11,0,2025-06-30
10352,41,33,BBQ Family Pack,381.19,0,2025-07-28
10353,41,33,Mixed Grill Family,385.41,0,2025-08-11
10354,41,33,Mixed Grill Family,387.46,0,2025-09-08
10355,41,33,BBQ Family Pack,368.16,1,2025-09-22
10356,41,33,BBQ Family Pack,370.48,0,2025-10-06
10357,41,33,Mixed Grill Family,373.6,0,2025-10-20
10358,41,33,BBQ Family Pack,345.33,1,2025-11-03
10359,41,33,Mixed Grill Family,347.38,0,2025-12-15
10360,41,9,Ful Plate,44.17,0,2024-01-01
10361,41,9,Egyptian Ful,44.79,0,2024-01-15
10362,41,9,Foul Medames,45.29,0,2024-02-12
10363,41,9,Foul Medames,45.76,0,2024-03-11
10364,41,9,Ful Plate,43.29,1,2024-03-25
10365,41,9,Egyptian Ful,43.9,0,2024-04-08
10366,41,9,Foul Medames,44.35,0,2024-04-22
10367,41,9,Egyptian Ful,44.8,0,2024-05-06
10368,41,9,Egyptian Ful,45.03,0,2024-05-20
10369,41,9,Ful Plate,45.59,0,2024-06-03
10370,41,9,Ful Plate,46.06,0,2024-06-17
10371,41,9,Egyptian Ful,45.11,0,2024-07-15
10372,41,9,Ful Plate,43.36,1,2024-07-29
10373,41,9,Ful Plate,43.59,0,2024-08-12
10374,41,9,Foul Medames,43.96,0,2024-09-09
10375,41,9,Foul Medames,44.19,0,2024-09-23
10376,41,9,Ful Plate,44.65,0,2024-11-04
10377,41,9,Foul Medames,41.42,1,2024-11-18
10378,41,9,Foul Medames,40.33,0,2024-12-02
10379,41,9,Ful Plate,40.75,0,2024-12-16
10380,41,9,Ful Plate,41.16,0,2024-12-30
10381,41,9,Ful Plate,37.84,1,2025-01-13
10382,41,9,Foul Medames,38.22,0,2025-02-10
10383,41,9,Ful Plate,35.29,1,2025-03-10
10384,41,9,Egyptian Ful,35.5,0,2025-03-24
10385,41,9,Ful Plate,35.94,0,2025-04-07
10386,41,9,Foul Medames,36.43,0,2025-04-21
10387,41,9,Foul Medames,34.62,1,2025-05-05
10388,41,9,Egyptian Ful,35.1,0,2025-05-19
10389,41,9,Foul Medames,34.87,0,2025-06-16
10390,41,9,Ful Plate,32.63,1,2025-06-30
10391,41,9,Ful Plate,32.95,0,2025-07-14
10392,41,9,Foul Medames,33.24,0,2025-07-28
10393,41,9,Foul Medames,33.65,0,2025-08-25
10394,41,9,Foul Medames,34.01,0,2025-09-08
10395,41,9,Foul Medames,32.71,1,2025-09-22
10396,41,9,Foul Medames,33.02,0,2025-11-03
10397,41,9,Ful Plate,33.5,0,2025-11-17
10398,41,9,Egyptian Ful,33.68,0,2025-12-15
10399,41,9,Ful Plate,33.9,0,2025-12-29
10400,41,40,Cheese Pizza,126.67,1,2024-01-15
10401,41,40,Margherita,120.87,1,2024-01-29
10402,41,40,Classic Pizza,122.61,0,2024-02-26
10403,41,40,Classic Pizza,123.51,0,2024-03-11
10404,41,40,Cheese Pizza,125.19,0,2024-03-25
10405,41,40,Classic Pizza,126.93,0,2024-04-08
10406,41,40,Cheese Pizza,128.77,0,2024-05-06
10407,41,40,Classic Pizza,124.86,1,2024-05-20
10408,41,40,Margherita,125.9,0,2024-06-03
10409,41,40,Margherita,116.53,1,2024-06-17
10410,41,40,Classic Pizza,114.22,0,2024-07-29
10411,41,40,Classic Pizza,115.43,0,2024-08-26
10412,41,40,Margherita,116.54,0,2024-09-23
10413,41,40,Cheese Pizza,117.46,0,2024-10-07
10414,41,40,Cheese Pizza,118.43,0,2024-12-16
10415,41,40,Cheese Pizza,119.11,0,2025-01-13
10416,41,40,Margherita,120.84,0,2025-01-27
10417,41,40,Classic Pizza,122.32,0,2025-02-10
10418,41,40,Cheese Pizza,123.58,0,2025-02-24
10419,41,40,Cheese Pizza,124.99,0,2025-03-10
10420,41,40,Margherita,126.18,0,2025-03-24
10421,41,40,Classic Pizza,127.99,0,2025-04-07
10422,41,40,Margherita,129.26,0,2025-04-21
10423,41,40,Classic Pizza,130.9,0,2025-05-05
10424,41,40,Cheese Pizza,131.98,0,2025-05-19
10425,41,40,Classic Pizza,132.65,0,2025-06-16
10426,41,40,Classic Pizza,134.05,0,2025-06-30
10427,41,40,Cheese Pizza,134.81,0,2025-07-14
10428,41,40,Margherita,136.55,0,2025-07-28
10429,41,40,Cheese Pizza,137.51,0,2025-09-08
10430,41,40,Classic Pizza,128.17,1,2025-09-22
10431,41,40,Classic Pizza,129.08,0,2025-10-20
10432,41,40,Classic Pizza,130.16,0,2025-11-03
10433,41,40,Classic Pizza,128.92,0,2025-12-29
10434,42,55,Grilled Lamb,253.84,0,2024-01-01
10435,42,55,Grilled Lamb,255.71,0,2024-01-29
10436,42,55,Lamb Ribs,244.82,1,2024-02-12
10437,42,55,Grilled Lamb,232.37,1,2024-03-11
10438,42,55,Lamb Ribs,234.83,0,2024-03-25
10439,42,55,Lamb Ribs,236.89,0,2024-04-08
10440,42,55,Grilled Lamb,240.27,0,2024-04-22
10441,42,55,Lamb Chops,241.94,0,2024-05-06
10442,42,55,Lamb Ribs,243.25,0,2024-05-20
10443,42,55,Lamb Ribs,246.86,0,2024-06-03
10444,42,55,Lamb Ribs,248.71,0,2024-06-17
10445,42,55,Lamb Chops,240.88,1,2024-07-29
10446,42,55,Lamb Ribs,243.33,0,2024-08-12
10447,42,55,Lamb Chops,246.03,0,2024-10-21
10448,42,55,Grilled Lamb,247.36,0,2024-11-18
10449,42,55,Lamb Ribs,235.75,1,2024-12-02
10450,42,55,Lamb Chops,222.1,1,2024-12-16
10451,42,55,Lamb Chops,225.36,0,2024-12-30
10452,42,55,Lamb Chops,227.4,0,2025-01-13
10453,42,55,Grilled Lamb,229.95,0,2025-02-10
10454,42,55,Lamb Ribs,223.51,0,2025-02-24
10455,42,55,Lamb Ribs,226.44,0,2025-03-10
10456,42,55,Lamb Ribs,213.11,1,2025-03-24
10457,42,55,Lamb Chops,215.86,0,2025-04-07
10458,42,55,Lamb Chops,218.91,0,2025-04-21
10459,42,55,Lamb Chops,221.03,0,2025-05-05
10460,42,55,Lamb Chops,223.6,0,2025-05-19
10461,42,55,Grilled Lamb,225.29,0,2025-06-02
10462,42,55,Lamb Chops,227.31,0,2025-06-30
10463,42,55,Grilled Lamb,229.18,0,2025-07-14
10464,42,55,Grilled Lamb,226.81,0,2025-07-28
10465,42,55,Lamb Ribs,228.71,0,2025-08-11
10466,42,55,Lamb Chops,230.62,0,2025-09-08
10467,42,55,Lamb Ribs,233.56,0,2025-09-22
10468,42,55,Lamb Ribs,235.07,0,2025-10-20
10469,42,55,Grilled Lamb,237.35,0,2025-11-03
10470,42,55,Grilled Lamb,233.76,0,2025-11-17
10471,42,55,Lamb Chops,237.02,0,2025-12-15
10472,42,55,Grilled Lamb,239.47,0,2025-12-29
10473,42,28,Om Ali Dessert,81.97,0,2024-01-15
10474,42,28,Om Ali Dessert,78.59,1,2024-02-26
10475,42,28,Om Ali Dessert,74.69,1,2024-03-11
10476,42,28,Om Ali,73.4,0,2024-04-08
10477,42,28,Om Ali,70.87,1,2024-04-22
10478,42,28,Om Ali Dessert,71.72,0,2024-06-03
10479,42,28,Om Ali Dessert,66.34,1,2024-06-17
10480,42,28,Om Ali,66.99,0,2024-07-01
10481,42,28,Om Ali,67.54,0,2024-07-15
10482,42,28,Om Ali Dessert,68.45,0,2024-07-29
10483,42,28,Om Ali Dessert,62.55,1,2024-08-12
10484,42,28,Om Ali,62.99,0,2024-08-26
10485,42,28,Om Ali Dessert,63.83,0,2024-09-23
10486,42,28,Om Ali,64.71,0,2024-10-07
10487,42,28,Om Ali Dessert,65.3,0,2024-11-04
10488,42,28,Om Ali,66.02,0,2024-12-16
10489,42,28,Om Ali Dessert,60.02,1,2024-12-30
10490,42,28,Om Ali Dessert,60.47,0,2025-01-13
10491,42,28,Egyptian Bread Pudding,60.9,0,2025-02-10
10492,42,28,Om Ali Dessert,54.69,1,2025-03-10
10493,42,28,Om Ali Dessert,55.12,0,2025-03-24
10494,42,28,Om Ali,55.52,0,2025-04-21
10495,42,28,Egyptian Bread Pudding,56.23,0,2025-05-05
10496,42,28,Om Ali,55.63,0,2025-05-19
10497,42,28,Egyptian Bread Pudding,54.82,0,2025-06-02
10498,42,28,Om Ali Dessert,55.22,0,2025-06-16
10499,42,28,Om Ali,55.9,0,2025-06-30
10500,42,28,Om Ali,56.62,0,2025-07-14
10501,42,28,Egyptian Bread Pudding,56.99,0,2025-08-25
10502,42,28,Om Ali Dessert,57.7,0,2025-09-22
10503,42,28,Egyptian Bread Pudding,53.59,1,2025-10-06
10504,42,28,Om Ali Dessert,54.16,0,2025-10-20
10505,42,28,Om Ali,49.19,1,2025-11-03
10506,42,28,Om Ali Dessert,49.89,0,2025-11-17
10507,42,28,Egyptian Bread Pudding,50.54,0,2025-12-01
10508,42,28,Egyptian Bread Pudding,51.17,0,2025-12-29
10509,42,39,Crispy Chicken,137.29,0,2024-01-01
10510,42,39,Crispy Chicken,124.96,1,2024-01-29
10511,42,39,Fried Chicken,125.64,0,2024-02-26
10512,42,39,Crispy Chicken,126.89,0,2024-03-11
10513,42,39,Crunchy Chicken,121.91,1,2024-03-25
10514,42,39,Crunchy Chicken,123.43,0,2024-04-08
10515,42,39,Fried Chicken,125.16,0,2024-04-22
10516,42,39,Crispy Chicken,125.94,0,2024-05-20
10517,42,39,Crunchy Chicken,126.7,0,2024-06-03
10518,42,39,Crispy Chicken,127.53,0,2024-06-17
10519,42,39,Fried Chicken,128.83,0,2024-07-15
10520,42,39,Fried Chicken,130.48,0,2024-08-12
10521,42,39,Fried Chicken,132.11,0,2024-09-09
10522,42,39,Crispy Chicken,133.37,0,2024-09-23
10523,42,39,Crunchy Chicken,135.14,0,2024-11-04
10524,42,39,Fried Chicken,122.74,1,2024-11-18
10525,42,39,Crunchy Chicken,123.89,0,2024-12-16
10526,42,39,Crispy Chicken,125.15,0,2024-12-30
10527,42,39,Fried Chicken,126.08,0,2025-01-13
10528,42,39,Crunchy Chicken,127.19,0,2025-01-27
10529,42,39,Crunchy Chicken,129.07,0,2025-02-10
10530,42,39,Crunchy Chicken,130.93,0,2025-02-24
10531,42,39,Fried Chicken,132.24,0,2025-03-10
10532,42,39,Crispy Chicken,133.98,0,2025-04-07
10533,42,39,Crunchy Chicken,135.88,0,2025-04-21
10534,42,39,Fried Chicken,125.41,1,2025-05-05
10535,42,39,Fried Chicken,126.99,0,2025-05-19
10536,42,39,Fried Chicken,128.18,0,2025-06-02
10537,42,39,Crunchy Chicken,130.1,0,2025-06-16
10538,42,39,Crispy Chicken,130.81,0,2025-06-30
10539,42,39,Fried Chicken,132.16,0,2025-07-28
10540,42,39,Fried Chicken,133.1,0,2025-08-25
10541,42,39,Crunchy Chicken,134.71,0,2025-09-08
10542,42,39,Crispy Chicken,136.15,0,2025-09-22
10543,42,39,Crispy Chicken,133.99,0,2025-10-20
10544,42,39,Crunchy Chicken,134.99,0,2025-11-17
10545,42,5,Mixed Grill Platter,195.44,1,2024-02-12
10546,42,5,Grill Combo,190.95,0,2024-02-26
10547,42,5,BBQ Mix,170.81,1,2024-04-08
10548,42,5,Mixed Grill Platter,171.78,0,2024-04-22
10549,42,5,Mixed Grill Platter,173.64,0,2024-05-20
10550,42,5,BBQ Mix,174.76,0,2024-06-17
10551,42,5,Mixed Grill Platter,176.84,0,2024-07-01
10552,42,5,Grill Combo,177.99,0,2024-07-15
10553,42,5,BBQ Mix,173.91,0,2024-07-29
10554,42,5,Grill Combo,174.88,0,2024-08-12
10555,42,5,Mixed Grill Platter,176.58,0,2024-09-09
10556,42,5,Mixed Grill Platter,177.58,0,2024-09-23
10557,42,5,BBQ Mix,179.77,0,2024-10-07
10558,42,5,Mixed Grill Platter,182.39,0,2024-11-04
10559,42,5,Mixed Grill Platter,184.72,0,2024-11-18
10560,42,5,Grill Combo,186.79,0,2024-12-02
10561,42,5,Grill Combo,174.6,1,2024-12-16
10562,42,5,Mixed Grill Platter,175.62,0,2024-12-30
10563,42,5,Grill Combo,177.93,0,2025-01-13
10564,42,5,BBQ Mix,175.11,0,2025-01-27
10565,42,5,Grill Combo,177.52,0,2025-02-10
10566,42,5,BBQ Mix,172.25,0,2025-02-24
10567,42,5,BBQ Mix,163.0,1,2025-03-24
10568,42,5,Mixed Grill Platter,164.88,0,2025-05-19
10569,42,5,BBQ Mix,156.48,1,2025-06-02
10570,42,5,Mixed Grill Platter,158.64,0,2025-07-14
10571,42,5,Grill Combo,159.94,0,2025-07-28
10572,42,5,Grill Combo,161.87,0,2025-08-11
10573,42,5,Mixed Grill Platter,159.0,0,2025-08-25
10574,42,5,BBQ Mix,161.3,0,2025-09-08
10575,42,5,Mixed Grill Platter,163.69,0,2025-10-06
10576,42,5,BBQ Mix,166.0,0,2025-11-03
10577,42,5,Grill Combo,167.99,0,2025-11-17
10578,42,5,Mixed Grill Platter,170.39,0,2025-12-01
10579,42,5,Grill Combo,171.39,0,2025-12-15
10580,42,5,BBQ Mix,164.6,1,2025-12-29
10581,42,40,Cheese Pizza,155.89,0,2024-01-01
10582,42,40,Cheese Pizza,152.26,0,2024-02-26
10583,42,40,Margherita,150.08,0,2024-03-25
10584,42,40,Cheese Pizza,151.28,0,2024-04-08
10585,42,40,Margherita,152.33,0,2024-04-22
10586,42,40,Cheese Pizza,153.17,0,2024-05-20
10587,42,40,Classic Pizza,154.73,0,2024-06-03
10588,42,40,Classic Pizza,141.28,1,2024-06-17
10589,42,40,Classic Pizza,142.84,0,2024-07-01
10590,42,40,Cheese Pizza,130.84,1,2024-07-15
10591,42,40,Cheese Pizza,125.65,1,2024-07-29
10592,42,40,Margherita,116.6,1,2024-08-12
10593,42,40,Margherita,115.57,0,2024-09-09
10594,42,40,Margherita,117.19,0,2024-09-23
10595,42,40,Cheese Pizza,118.86,0,2024-10-21
10596,42,40,Cheese Pizza,119.53,0,2024-11-18
10597,42,40,Classic Pizza,120.92,0,2024-12-16
10598,42,40,Classic Pizza,122.62,0,2024-12-30
10599,42,40,Cheese Pizza,114.79,1,2025-01-13
10600,42,40,Classic Pizza,115.44,0,2025-02-10
10601,42,40,Cheese Pizza,110.57,1,2025-02-24
10602,42,40,Classic Pizza,102.75,1,2025-03-10
10603,42,40,Margherita,104.13,0,2025-04-07
10604,42,40,Margherita,101.68,0,2025-05-05
10605,42,40,Classic Pizza,102.24,0,2025-05-19
10606,42,40,Cheese Pizza,100.45,0,2025-06-02
10607,42,40,Classic Pizza,101.02,0,2025-06-16
10608,42,40,Margherita,101.6,0,2025-07-14
10609,42,40,Classic Pizza,102.25,0,2025-07-28
10610,42,40,Cheese Pizza,103.41,0,2025-08-11
10611,42,40,Cheese Pizza,104.4,0,2025-08-25
10612,42,40,Classic Pizza,98.44,1,2025-10-06
10613,42,40,Cheese Pizza,95.17,1,2025-11-03
10614,42,40,Margherita,88.21,1,2025-11-17
10615,42,40,Cheese Pizza,89.21,0,2025-12-01
10616,42,40,Margherita,89.78,0,2025-12-15
10617,42,40,Margherita,83.63,1,2025-12-29
10618,42,50,Meat Shawarma Wrap,90.77,0,2024-01-29
10619,42,50,Meat Shawarma Wrap,91.95,0,2024-02-26
10620,42,50,Meat Shawarma Wrap,93.07,0,2024-04-08
10621,42,50,Beef Shawarma Sandwich,93.73,0,2024-04-22
10622,42,50,Beef Shawarma Sandwich,84.78,1,2024-05-06
10623,42,50,Beef Shawarma Sandwich,85.98,0,2024-06-17
10624,42,50,Meat Roll,86.73,0,2024-07-01
10625,42,50,Beef Shawarma Sandwich,87.86,0,2024-07-15
10626,42,50,Meat Shawarma Wrap,80.08,1,2024-07-29
10627,42,50,Meat Shawarma Wrap,81.22,0,2024-08-12
10628,42,50,Beef Shawarma Sandwich,82.1,0,2024-08-26
10629,42,50,Meat Shawarma Wrap,83.0,0,2024-09-09
10630,42,50,Meat Shawarma Wrap,83.49,0,2024-10-07
10631,42,50,Meat Shawarma Wrap,84.39,0,2024-10-21
10632,42,50,Beef Shawarma Sandwich,85.62,0,2024-11-04
10633,42,50,Meat Shawarma Wrap,86.09,0,2024-12-02
10634,42,50,Meat Shawarma Wrap,86.93,0,2024-12-16
10635,42,50,Beef Shawarma Sandwich,88.16,0,2024-12-30
10636,42,50,Meat Roll,88.92,0,2025-01-27
10637,42,50,Meat Shawarma Wrap,89.91,0,2025-02-24
10638,42,50,Meat Roll,90.82,0,2025-04-07
10639,42,50,Beef Shawarma Sandwich,90.08,0,2025-04-21
10640,42,50,Meat Shawarma Wrap,91.25,0,2025-05-05
10641,42,50,Meat Shawarma Wrap,85.13,1,2025-06-02
10642,42,50,Meat Shawarma Wrap,85.65,0,2025-07-14
10643,42,50,Meat Shawarma Wrap,86.29,0,2025-08-11
10644,42,50,Beef Shawarma Sandwich,86.79,0,2025-09-08
10645,42,50,Beef Shawarma Sandwich,87.8,0,2025-09-22
10646,42,50,Beef Shawarma Sandwich,89.03,0,2025-10-06
10647,42,50,Beef Shawarma Sandwich,90.04,0,2025-11-03
10648,42,50,Meat Roll,88.38,0,2025-11-17
10649,42,50,Meat Shawarma Wrap,79.72,1,2025-12-01
10650,42,50,Meat Shawarma Wrap,80.53,0,2025-12-29
10651,42,1,Mixed Kofta,133.97,0,2024-01-01
10652,42,1,Mixed Kofta,135.88,0,2024-01-15
10653,42,1,Mixed Kofta,137.13,0,2024-02-12
10654,42,1,Mixed Kofta,135.94,0,2024-03-25
10655,42,1,Classic Kofta,130.23,1,2024-04-08
10656,42,1,Classic Kofta,131.93,0,2024-04-22
10657,42,1,Classic Kofta,133.72,0,2024-05-06
10658,42,1,Mixed Kofta,123.23,1,2024-05-20
10659,42,1,Mixed Kofta,124.71,0,2024-06-03
10660,42,1,Grilled Kofta Plate,126.22,0,2024-06-17
10661,42,1,Classic Kofta,127.91,0,2024-07-15
10662,42,1,Grilled Kofta Plate,121.75,1,2024-07-29
10663,42,1,Mixed Kofta,121.09,0,2024-08-12
10664,42,1,Mixed Kofta,122.76,0,2024-09-09
10665,42,1,Classic Kofta,123.59,0,2024-09-23
10666,42,1,Mixed Kofta,125.4,0,2024-10-07
10667,42,1,Mixed Kofta,127.04,0,2024-10-21
10668,42,1,Mixed Kofta,116.14,1,2024-11-04
10669,42,1,Mixed Kofta,117.74,0,2024-11-18
10670,42,1,Grilled Kofta Plate,118.8,0,2024-12-30
10671,42,1,Grilled Kofta Plate,120.26,0,2025-01-13
10672,42,1,Mixed Kofta,121.06,0,2025-03-10
10673,42,1,Grilled Kofta Plate,121.81,0,2025-03-24
10674,42,1,Grilled Kofta Plate,123.5,0,2025-04-21
10675,42,1,Mixed Kofta,125.21,0,2025-05-05
10676,42,1,Grilled Kofta Plate,126.37,0,2025-05-19
10677,42,1,Mixed Kofta,127.93,0,2025-06-02
10678,42,1,Mixed Kofta,121.27,1,2025-06-16
10679,42,1,Classic Kofta,122.65,0,2025-06-30
10680,42,1,Grilled Kofta Plate,123.39,0,2025-07-14
10681,42,1,Classic Kofta,124.81,0,2025-07-28
10682,42,1,Mixed Kofta,125.65,0,2025-08-25
10683,42,1,Mixed Kofta,126.7,0,2025-09-22
10684,42,1,Classic Kofta,127.5,0,2025-11-03
10685,42,1,Mixed Kofta,129.11,0,2025-11-17
10686,42,1,Mixed Kofta,130.27,0,2025-12-01
10687,42,1,Classic Kofta,131.83,0,2025-12-15
10688,42,1,Grilled Kofta Plate,130.38,0,2025-12-29
10689,43,39,Crispy Chicken,129.2,0,2024-01-01
10690,43,39,Crunchy Chicken,119.98,1,2024-01-15
10691,43,39,Fried Chicken,114.18,1,2024-02-26
10692,43,39,Crunchy Chicken,115.07,0,2024-03-11
10693,43,39,Fried Chicken,108.46,1,2024-04-22
10694,43,39,Crunchy Chicken,109.47,0,2024-05-06
10695,43,39,Crispy Chicken,101.95,1,2024-05-20
10696,43,39,Fried Chicken,99.3,0,2024-06-03
10697,43,39,Fried Chicken,100.11,0,2024-06-17
10698,43,39,Crispy Chicken,101.38,0,2024-07-01
10699,43,39,Crispy Chicken,101.98,0,2024-07-15
10700,43,39,Fried Chicken,103.13,0,2024-09-23
10701,43,39,Fried Chicken,103.85,0,2024-10-07
10702,43,39,Fried Chicken,104.4,0,2024-10-21
10703,43,39,Crunchy Chicken,98.75,1,2024-11-04
10704,43,39,Crunchy Chicken,93.25,1,2024-12-30
10705,43,39,Fried Chicken,94.06,0,2025-01-13
10706,43,39,Fried Chicken,95.1,0,2025-01-27
10707,43,39,Fried Chicken,95.84,0,2025-02-10
10708,43,39,Crispy Chicken,96.68,0,2025-03-10
10709,43,39,Crispy Chicken,97.56,0,2025-04-07
10710,43,39,Crispy Chicken,90.61,1,2025-04-21
10711,43,39,Fried Chicken,91.8,0,2025-05-05
10712,43,39,Crunchy Chicken,92.52,0,2025-05-19
10713,43,39,Fried Chicken,93.55,0,2025-06-02
10714,43,39,Fried Chicken,94.17,0,2025-06-16
10715,43,39,Crunchy Chicken,94.74,0,2025-06-30
10716,43,39,Fried Chicken,94.01,0,2025-07-14
10717,43,39,Crunchy Chicken,94.68,0,2025-07-28
10718,43,39,Crunchy Chicken,95.88,0,2025-08-11
10719,43,39,Crispy Chicken,96.94,0,2025-09-08
10720,43,39,Crunchy Chicken,92.28,1,2025-10-06
10721,43,39,Crunchy Chicken,92.89,0,2025-11-03
10722,43,39,Crispy Chicken,87.73,1,2025-11-17
10723,43,13,Bechamel Pasta,110.61,1,2024-01-15
10724,43,13,Macarona Bechamel,112.24,0,2024-01-29
10725,43,13,Bechamel Pasta,113.76,0,2024-02-12
10726,43,13,Bechamel Pasta,114.82,0,2024-02-26
10727,43,13,Macarona Bechamel,115.76,0,2024-03-11
10728,43,13,Baked Pasta,102.03,1,2024-03-25
10729,43,13,Bechamel Pasta,103.24,0,2024-05-20
10730,43,13,Macarona Bechamel,104.02,0,2024-06-03
10731,43,13,Baked Pasta,103.39,0,2024-07-01
10732,43,13,Bechamel Pasta,104.41,0,2024-07-15
10733,43,13,Bechamel Pasta,95.11,1,2024-08-12
10734,43,13,Baked Pasta,96.15,0,2024-08-26
10735,43,13,Baked Pasta,97.28,0,2024-09-09
10736,43,13,Baked Pasta,98.31,0,2024-09-23
10737,43,13,Bechamel Pasta,99.78,0,2024-11-04
10738,43,13,Macarona Bechamel,100.31,0,2024-11-18
10739,43,13,Bechamel Pasta,101.15,0,2024-12-02
10740,43,13,Bechamel Pasta,102.57,0,2025-02-10
10741,43,13,Baked Pasta,103.28,0,2025-02-24
10742,43,13,Baked Pasta,93.44,1,2025-04-07
10743,43,13,Baked Pasta,93.99,0,2025-04-21
10744,43,13,Macarona Bechamel,94.48,0,2025-06-16
10745,43,13,Macarona Bechamel,95.71,0,2025-06-30
10746,43,13,Baked Pasta,96.5,0,2025-07-28
10747,43,13,Baked Pasta,97.61,0,2025-08-11
10748,43,13,Macarona Bechamel,98.45,0,2025-08-25
10749,43,13,Baked Pasta,99.48,0,2025-09-08
10750,43,13,Bechamel Pasta,100.78,0,2025-10-06
10751,43,13,Macarona Bechamel,92.52,1,2025-10-20
10752,43,13,Macarona Bechamel,93.51,0,2025-11-03
10753,43,13,Bechamel Pasta,85.78,1,2025-11-17
10754,43,13,Baked Pasta,85.12,0,2025-12-01
10755,43,13,Baked Pasta,86.29,0,2025-12-29
10756,43,8,Green Soup,126.26,0,2024-01-01
10757,43,8,Molokhia & Rice,122.61,0,2024-01-15
10758,43,8,Molokhia & Rice,124.13,0,2024-01-29
10759,43,8,Molokhia Dish,124.84,0,2024-03-11
10760,43,8,Green Soup,112.87,1,2024-03-25
10761,43,8,Green Soup,106.3,1,2024-04-08
10762,43,8,Green Soup,107.63,0,2024-05-06
10763,43,8,Green Soup,98.23,1,2024-05-20
10764,43,8,Molokhia Dish,99.22,0,2024-06-03
10765,43,8,Green Soup,100.65,0,2024-06-17
10766,43,8,Green Soup,101.45,0,2024-07-15
10767,43,8,Green Soup,100.42,0,2024-07-29
10768,43,8,Molokhia Dish,100.99,0,2024-08-12
10769,43,8,Molokhia Dish,101.78,0,2024-09-09
10770,43,8,Molokhia & Rice,102.42,0,2024-09-23
10771,43,8,Molokhia & Rice,103.55,0,2024-10-21
10772,43,8,Molokhia Dish,104.32,0,2024-11-04
10773,43,8,Molokhia & Rice,105.34,0,2024-11-18
10774,43,8,Molokhia & Rice,106.79,0,2024-12-16
10775,43,8,Molokhia & Rice,107.73,0,2024-12-30
10776,43,8,Green Soup,99.25,1,2025-01-13
10777,43,8,Molokhia & Rice,94.14,1,2025-01-27
10778,43,8,Green Soup,92.19,0,2025-02-24
10779,43,8,Molokhia Dish,93.35,0,2025-04-07
10780,43,8,Molokhia & Rice,94.02,0,2025-04-21
10781,43,8,Molokhia & Rice,95.21,0,2025-05-05
10782,43,8,Molokhia Dish,95.77,0,2025-05-19
10783,43,8,Molokhia & Rice,97.03,0,2025-06-02
10784,43,8,Green Soup,91.38,1,2025-06-16
10785,43,8,Molokhia Dish,92.4,0,2025-06-30
10786,43,8,Molokhia Dish,93.0,0,2025-07-14
10787,43,8,Molokhia & Rice,93.72,0,2025-08-25
10788,43,8,Molokhia Dish,87.18,1,2025-09-08
10789,43,8,Green Soup,87.79,0,2025-10-06
10790,43,8,Green Soup,88.63,0,2025-10-20
10791,43,8,Green Soup,89.65,0,2025-11-03
10792,43,8,Green Soup,90.9,0,2025-11-17
10793,43,8,Molokhia & Rice,92.05,0,2025-12-15
10794,43,8,Green Soup,93.06,0,2025-12-29
10795,43,50,Beef Shawarma Sandwich,100.04,0,2024-01-15
10796,43,50,Meat Roll,100.73,0,2024-01-29
10797,43,50,Beef Shawarma Sandwich,99.22,0,2024-02-26
10798,43,50,Meat Roll,100.01,0,2024-04-08
10799,43,50,Meat Roll,90.2,1,2024-04-22
10800,43,50,Beef Shawarma Sandwich,91.2,0,2024-05-06
10801,43,50,Meat Roll,91.67,0,2024-05-20
10802,43,50,Meat Shawarma Wrap,92.43,0,2024-06-03
10803,43,50,Beef Shawarma Sandwich,93.04,0,2024-06-17
10804,43,50,Beef Shawarma Sandwich,94.0,0,2024-07-01
10805,43,50,Meat Shawarma Wrap,88.76,1,2024-07-15
10806,43,50,Beef Shawarma Sandwich,89.53,0,2024-07-29
10807,43,50,Meat Shawarma Wrap,90.23,0,2024-08-12
10808,43,50,Meat Shawarma Wrap,91.09,0,2024-08-26
10809,43,50,Beef Shawarma Sandwich,89.81,0,2024-09-23
10810,43,50,Beef Shawarma Sandwich,90.82,0,2024-10-07
10811,43,50,Meat Shawarma Wrap,92.07,0,2024-11-04
10812,43,50,Beef Shawarma Sandwich,92.76,0,2024-11-18
10813,43,50,Beef Shawarma Sandwich,94.14,0,2024-12-02
10814,43,50,Meat Shawarma Wrap,94.93,0,2024-12-16
10815,43,50,Meat Shawarma Wrap,95.53,0,2025-01-13
10816,43,50,Meat Roll,96.82,0,2025-01-27
10817,43,50,Meat Roll,98.18,0,2025-02-10
10818,43,50,Meat Shawarma Wrap,98.93,0,2025-02-24
10819,43,50,Meat Roll,99.75,0,2025-03-24
10820,43,50,Meat Shawarma Wrap,92.97,1,2025-04-07
10821,43,50,Meat Roll,94.02,0,2025-05-05
10822,43,50,Beef Shawarma Sandwich,94.84,0,2025-05-19
10823,43,50,Meat Shawarma Wrap,88.14,1,2025-07-28
10824,43,50,Meat Shawarma Wrap,81.11,1,2025-09-08
10825,43,50,Meat Roll,81.62,0,2025-10-06
10826,43,50,Meat Shawarma Wrap,80.07,0,2025-11-03
10827,43,50,Meat Shawarma Wrap,81.18,0,2025-11-17
10828,43,50,Meat Roll,81.9,0,2025-12-01
10829,43,50,Meat Roll,82.94,0,2025-12-15
10830,43,50,Meat Shawarma Wrap,84.17,0,2025-12-29
10831,43,9,Ful Plate,58.32,0,2024-01-15
10832,43,9,Foul Medames,58.84,0,2024-01-29
10833,43,9,Egyptian Ful,59.35,0,2024-02-12
10834,43,9,Egyptian Ful,59.9,0,2024-02-26
10835,43,9,Egyptian Ful,60.3,0,2024-03-11
10836,43,9,Foul Medames,61.2,0,2024-03-25
10837,43,9,Ful Plate,61.81,0,2024-04-08
10838,43,9,Ful Plate,62.74,0,2024-04-22
10839,43,9,Egyptian Ful,61.46,0,2024-05-06
10840,43,9,Foul Medames,62.05,0,2024-06-03
10841,43,9,Foul Medames,60.26,0,2024-06-17
10842,43,9,Foul Medames,60.62,0,2024-07-01
10843,43,9,Ful Plate,61.47,0,2024-07-15
10844,43,9,Egyptian Ful,62.31,0,2024-08-12
10845,43,9,Foul Medames,63.22,0,2024-08-26
10846,43,9,Egyptian Ful,63.89,0,2024-09-23
10847,43,9,Egyptian Ful,64.67,0,2024-10-07
10848,43,9,Ful Plate,62.94,0,2024-10-21
10849,43,9,Egyptian Ful,63.45,0,2024-11-04
10850,43,9,Foul Medames,64.27,0,2024-11-18
10851,43,9,Ful Plate,64.84,0,2024-12-16
10852,43,9,Ful Plate,65.51,0,2024-12-30
10853,43,9,Egyptian Ful,66.02,0,2025-01-13
10854,43,9,Ful Plate,60.3,1,2025-01-27
10855,43,9,Foul Medames,61.19,0,2025-02-10
10856,43,9,Egyptian Ful,61.96,0,2025-02-24
10857,43,9,Egyptian Ful,62.49,0,2025-03-10
10858,43,9,Foul Medames,60.21,1,2025-04-07
10859,43,9,Ful Plate,58.24,1,2025-05-05
10860,43,9,Foul Medames,59.04,0,2025-06-30
10861,43,9,Ful Plate,59.84,0,2025-07-14
10862,43,9,Foul Medames,60.39,0,2025-07-28
10863,43,9,Ful Plate,56.9,1,2025-08-11
10864,43,9,Ful Plate,57.41,0,2025-10-20
10865,43,9,Ful Plate,58.03,0,2025-11-03
10866,43,9,Foul Medames,58.65,0,2025-11-17
10867,43,9,Ful Plate,59.05,0,2025-12-29
10868,43,36,Smash Burger,128.63,0,2024-01-01
10869,43,36,Beef Burger,129.79,0,2024-01-15
10870,43,36,Smash Burger,130.97,0,2024-01-29
10871,43,36,Smash Burger,132.05,0,2024-03-11
10872,43,36,Beef Burger,134.0,0,2024-04-08
10873,43,36,Beef Burger,129.85,1,2024-05-20
10874,43,36,Beef Burger,131.46,0,2024-06-03
10875,43,36,Smash Burger,133.15,0,2024-06-17
10876,43,36,Classic Burger,121.39,1,2024-07-01
10877,43,36,Smash Burger,122.63,0,2024-07-15
10878,43,36,Classic Burger,123.8,0,2024-07-29
10879,43,36,Smash Burger,125.44,0,2024-08-12
10880,43,36,Smash Burger,126.56,0,2024-08-26
10881,43,36,Beef Burger,127.49,0,2024-09-09
10882,43,36,Smash Burger,122.63,1,2024-09-23
10883,43,36,Beef Burger,124.2,0,2024-10-07
10884,43,36,Classic Burger,119.47,1,2024-10-21
10885,43,36,Classic Burger,120.96,0,2024-11-04
10886,43,36,Smash Burger,119.12,0,2024-11-18
10887,43,36,Classic Burger,120.79,0,2024-12-02
10888,43,36,Smash Burger,122.06,0,2024-12-16
10889,43,36,Beef Burger,123.81,0,2024-12-30
10890,43,36,Beef Burger,125.52,0,2025-01-13
10891,43,36,Beef Burger,120.29,1,2025-01-27
10892,43,36,Smash Burger,121.04,0,2025-02-10
10893,43,36,Classic Burger,122.6,0,2025-02-24
10894,43,36,Beef Burger,123.8,0,2025-04-07
10895,43,36,Beef Burger,124.56,0,2025-04-21
10896,43,36,Classic Burger,125.24,0,2025-05-05
10897,43,36,Classic Burger,126.28,0,2025-05-19
10898,43,36,Classic Burger,113.76,1,2025-06-16
10899,43,36,Classic Burger,114.47,0,2025-06-30
10900,43,36,Classic Burger,115.12,0,2025-07-14
10901,43,36,Classic Burger,116.33,0,2025-08-11
10902,43,36,Beef Burger,117.4,0,2025-08-25
10903,43,36,Beef Burger,118.13,0,2025-09-08
10904,43,36,Beef Burger,119.68,0,2025-09-22
10905,43,36,Beef Burger,116.25,0,2025-10-06
10906,43,36,Classic Burger,117.19,0,2025-11-03
10907,43,36,Smash Burger,118.64,0,2025-11-17
10908,43,36,Beef Burger,120.34,0,2025-12-01
10909,43,36,Smash Burger,121.98,0,2025-12-15
10910,43,36,Classic Burger,123.08,0,2025-12-29
10911,43,60,Family Lamb Platter,752.38,0,2024-01-01
10912,43,60,Lamb Family Meal,697.71,1,2024-01-15
10913,43,60,Lamb Feast,704.52,0,2024-01-29
10914,43,60,Lamb Feast,710.8,0,2024-02-26
10915,43,60,Family Lamb Platter,652.3,1,2024-03-11
10916,43,60,Family Lamb Platter,585.59,1,2024-03-25
10917,43,60,Family Lamb Platter,548.99,1,2024-04-08
10918,43,60,Lamb Family Meal,553.96,0,2024-04-22
10919,43,60,Family Lamb Platter,560.33,0,2024-05-06
10920,43,60,Family Lamb Platter,563.37,0,2024-05-20
10921,43,60,Lamb Family Meal,537.69,1,2024-06-03
10922,43,60,Family Lamb Platter,540.89,0,2024-06-17
10923,43,60,Lamb Family Meal,546.15,0,2024-07-29
10924,43,60,Lamb Family Meal,508.56,1,2024-08-12
10925,43,60,Lamb Feast,478.82,1,2024-08-26
10926,43,60,Lamb Feast,485.05,0,2024-09-09
10927,43,60,Lamb Family Meal,487.91,0,2024-09-23
10928,43,60,Lamb Family Meal,494.83,0,2024-10-07
10929,43,60,Lamb Feast,501.16,0,2024-10-21
10930,43,60,Lamb Family Meal,508.2,0,2024-11-04
10931,43,60,Family Lamb Platter,465.46,1,2024-11-18
10932,43,60,Lamb Family Meal,469.14,0,2024-12-02
10933,43,60,Lamb Family Meal,449.32,1,2024-12-30
10934,43,60,Lamb Feast,453.26,0,2025-01-13
10935,43,60,Family Lamb Platter,460.05,0,2025-02-10
10936,43,60,Lamb Feast,464.33,0,2025-02-24
10937,43,60,Family Lamb Platter,466.92,0,2025-03-10
10938,43,60,Lamb Feast,431.29,1,2025-03-24
10939,43,60,Family Lamb Platter,437.33,0,2025-04-07
10940,43,60,Lamb Feast,441.78,0,2025-04-21
10941,43,60,Lamb Feast,444.16,0,2025-05-19
10942,43,60,Lamb Family Meal,439.08,0,2025-06-02
10943,43,60,Lamb Family Meal,443.57,0,2025-06-16
10944,43,60,Lamb Family Meal,449.09,0,2025-08-11
10945,43,60,Lamb Family Meal,454.86,0,2025-08-25
10946,43,60,Lamb Family Meal,460.57,0,2025-10-06
10947,43,60,Lamb Family Meal,466.72,0,2025-10-20
10948,43,60,Family Lamb Platter,472.22,0,2025-11-03
10949,43,60,Family Lamb Platter,477.05,0,2025-11-17
10950,43,60,Lamb Feast,481.51,0,2025-12-01
10951,43,60,Lamb Family Meal,486.92,0,2025-12-15
10952,43,60,Lamb Feast,491.49,0,2025-12-29
10953,43,10,Taameya,43.98,0,2024-01-01
10954,43,10,Falafel,40.05,1,2024-01-15
10955,43,10,Falafel,40.31,0,2024-02-26
10956,43,10,Taameya,40.54,0,2024-03-11
10957,43,10,Falafel Plate,40.81,0,2024-03-25
10958,43,10,Falafel,36.78,1,2024-04-08
10959,43,10,Falafel,37.02,0,2024-05-06
10960,43,10,Taameya,37.55,0,2024-05-20
10961,43,10,Falafel,37.78,0,2024-06-03
10962,43,10,Falafel Plate,38.02,0,2024-06-17
10963,43,10,Taameya,38.35,0,2024-07-01
10964,43,10,Taameya,38.78,0,2024-07-15
10965,43,10,Falafel Plate,37.99,0,2024-08-12
10966,43,10,Falafel,38.24,0,2024-08-26
10967,43,10,Falafel,38.68,0,2024-09-09
10968,43,10,Falafel Plate,39.01,0,2024-09-23
10969,43,10,Falafel Plate,39.28,0,2024-10-07
10970,43,10,Taameya,38.59,0,2024-10-21
10971,43,10,Falafel,35.13,1,2024-11-18
10972,43,10,Falafel,35.4,0,2024-12-02
10973,43,10,Taameya,35.93,0,2024-12-16
10974,43,10,Falafel Plate,36.31,0,2024-12-30
10975,43,10,Taameya,35.34,0,2025-01-13
10976,43,10,Falafel,35.58,0,2025-01-27
10977,43,10,Falafel Plate,34.6,0,2025-02-24
10978,43,10,Taameya,34.08,0,2025-03-10
10979,43,10,Taameya,30.06,1,2025-03-24
10980,43,10,Taameya,30.3,0,2025-04-21
10981,43,10,Falafel Plate,29.84,0,2025-06-02
10982,43,10,Taameya,30.0,0,2025-06-16
10983,43,10,Falafel Plate,30.27,0,2025-06-30
10984,43,10,Taameya,30.65,0,2025-07-14
10985,43,10,Taameya,30.85,0,2025-07-28
10986,43,10,Taameya,31.29,0,2025-08-11
10987,43,10,Falafel,31.65,0,2025-08-25
10988,43,10,Falafel Plate,28.95,1,2025-09-08
10989,43,10,Taameya,29.33,0,2025-10-06
10990,43,10,Falafel Plate,29.76,0,2025-11-03
10991,43,10,Taameya,30.09,0,2025-11-17
10992,43,10,Taameya,29.83,0,2025-12-15
10993,43,10,Falafel Plate,30.12,0,2025-12-29
10994,43,40,Classic Pizza,173.14,0,2024-01-15
10995,43,40,Cheese Pizza,175.48,0,2024-01-29
10996,43,40,Classic Pizza,177.37,0,2024-03-11
10997,43,40,Classic Pizza,162.36,1,2024-03-25
10998,43,40,Margherita,163.74,0,2024-04-08
10999,43,40,Cheese Pizza,165.65,0,2024-04-22
11000,43,40,Margherita,166.97,0,2024-05-06
11001,43,40,Cheese Pizza,168.54,0,2024-06-03
11002,43,40,Cheese Pizza,170.05,0,2024-07-01
11003,43,40,Margherita,159.49,1,2024-07-29
11004,43,40,Margherita,160.79,0,2024-08-12
11005,43,40,Cheese Pizza,163.06,0,2024-08-26
11006,43,40,Classic Pizza,165.2,0,2024-09-09
11007,43,40,Cheese Pizza,167.21,0,2024-09-23
11008,43,40,Classic Pizza,168.28,0,2024-12-30
11009,43,40,Margherita,169.63,0,2025-01-13
11010,43,40,Cheese Pizza,171.68,0,2025-01-27
11011,43,40,Classic Pizza,155.09,1,2025-03-10
11012,43,40,Classic Pizza,156.51,0,2025-04-07
11013,43,40,Margherita,157.79,0,2025-05-05
11014,43,40,Cheese Pizza,158.77,0,2025-06-02
11015,43,40,Cheese Pizza,160.73,0,2025-06-16
11016,43,40,Cheese Pizza,147.36,1,2025-06-30
11017,43,40,Classic Pizza,148.22,0,2025-07-14
11018,43,40,Margherita,150.21,0,2025-07-28
11019,43,40,Classic Pizza,151.75,0,2025-08-11
11020,43,40,Margherita,152.57,0,2025-08-25
11021,43,40,Classic Pizza,153.35,0,2025-09-22
11022,43,40,Classic Pizza,154.39,0,2025-10-06
11023,43,40,Margherita,156.01,0,2025-10-20
11024,43,40,Margherita,150.83,1,2025-11-03
11025,43,40,Margherita,151.81,0,2025-12-01
11026,43,40,Classic Pizza,147.92,0,2025-12-15
