OrderID,CustomerID,PlatformID,ZoneID,OrderStatus,OrderDate,OrderTime,Subtotal_EGP,DeliveryFee_EGP,PlatformCommissionPercent,PlatformCommissionAmount_EGP,Tip_EGP,IsCOD,WasCODRefused
1,397,1,21,Cancelled,2024-02-13,2024-02-13 10:55:32,661.36,20.0,21.81,144.24,0,1,1
2,145,3,9,Delivered,2025-01-08,2025-01-08 22:36:02,202.06,42.0,16.4,33.14,0,0,
3,266,3,21,Cancelled,2025-07-04,2025-07-04 20:30:44,608.76,20.0,17.71,107.81,30,1,0
4,289,5,19,Delivered,2024-06-21,2024-06-21 18:42:24,256.22,20.0,0.0,0.0,25,1,0
5,413,1,4,Delivered,2025-12-05,2025-12-05 01:56:15,661.22,35.0,21.84,144.41,50,0,
6,74,3,5,Delivered,2025-03-12,2025-03-12 17:15:30,627.48,22.0,18.7,117.34,20,1,1
7,308,1,6,Cancelled,2025-07-02,2025-07-02 12:21:45,529.04,30.0,22.76,120.41,0,0,
8,396,2,13,Pending,2024-12-22,2024-12-22 13:58:09,411.87,25.0,15.28,62.93,0,1,1
9,498,2,6,Delivered,2025-11-13,2025-11-13 20:25:01,596.9,30.0,15.55,92.82,30,1,0
10,71,5,19,Cancelled,2025-12-05,2025-12-05 01:35:57,527.0,20.0,0.0,0.0,50,1,0
11,391,5,20,Delivered,2025-02-22,2025-02-22 14:47:50,609.1,22.0,0.0,0.0,30,0,
12,145,2,9,Refunded,2024-08-22,2024-08-22 22:12:34,733.76,42.0,15.08,110.65,0,1,0
13,169,1,10,Cancelled,2024-04-11,2024-04-11 19:42:38,805.22,32.0,21.1,169.9,0,0,
14,435,1,30,Delivered,2024-09-05,2024-09-05 16:47:16,344.9,20.0,21.95,75.71,0,1,0
15,384,3,13,Delivered,2024-04-19,2024-04-19 17:58:31,153.96,25.0,17.46,26.88,0,0,
16,497,4,2,Delivered,2024-02-25,2024-02-25 20:54:52,534.41,28.0,12.26,65.52,0,1,0
17,357,1,22,Delivered,2024-04-15,2024-04-15 19:58:03,608.52,22.0,24.87,151.34,0,1,0
18,382,3,4,Delivered,2024-10-01,2024-10-01 19:44:39,238.76,35.0,15.95,38.08,25,0,
19,384,2,13,Delivered,2025-06-16,2025-06-16 09:27:23,458.77,25.0,17.8,81.66,0,1,0
20,253,3,3,Delivered,2025-03-13,2025-03-13 17:56:48,317.62,45.0,18.15,57.65,20,0,
21,135,3,5,Delivered,2025-04-18,2025-04-18 14:32:15,496.07,0.0,17.61,87.36,15,1,0
22,380,1,7,Delivered,2024-12-17,2024-12-17 23:39:22,301.14,25.0,24.85,74.83,15,1,0
23,155,3,24,Delivered,2025-06-03,2025-06-03 19:30:05,370.81,20.0,16.14,59.85,0,0,
24,390,2,8,Delivered,2025-04-24,2025-04-24 21:53:27,426.92,40.0,17.71,75.61,0,1,0
25,201,2,10,Delivered,2024-11-17,2024-11-17 13:12:38,560.07,32.0,17.29,96.84,30,1,1
26,350,3,35,Delivered,2024-12-20,2024-12-20 01:37:59,513.14,38.0,17.41,89.34,0,1,0
27,286,1,34,Cancelled,2025-06-23,2025-06-23 19:26:43,653.67,20.0,22.72,148.51,50,0,
28,266,2,21,Cancelled,2024-04-16,2024-04-16 23:42:05,278.64,20.0,17.78,49.54,15,0,
29,497,1,2,Cancelled,2025-11-20,2025-11-20 15:20:17,153.32,28.0,24.9,38.18,0,1,0
30,289,3,19,Delivered,2025-09-28,2025-09-28 13:21:07,458.08,20.0,18.7,85.66,0,0,
31,66,3,2,Delivered,2024-03-15,2024-03-15 13:08:56,340.71,28.0,19.17,65.31,0,0,
32,32,5,10,Delivered,2025-02-04,2025-02-04 19:49:27,754.53,32.0,0.0,0.0,0,0,
33,417,2,20,Delivered,2025-02-20,2025-02-20 00:06:16,515.52,0.0,16.85,86.87,0,0,
34,483,1,2,Refunded,2025-11-24,2025-11-24 14:45:44,332.3,28.0,23.96,79.62,50,1,0
35,294,5,10,Delivered,2025-08-01,2025-08-01 12:16:41,838.19,32.0,0.0,0.0,50,0,
36,371,5,6,Delivered,2025-11-21,2025-11-21 23:18:24,473.56,30.0,0.0,0.0,0,1,1
37,380,2,7,Delivered,2024-03-14,2024-03-14 17:05:06,522.5,25.0,17.09,89.3,0,0,
38,18,1,28,Cancelled,2025-10-15,2025-10-15 21:06:13,431.99,20.0,22.46,97.02,10,1,1
39,145,2,9,Delivered,2024-06-14,2024-06-14 21:15:27,628.87,42.0,17.35,109.11,0,0,
40,218,4,2,Delivered,2025-03-09,2025-03-09 17:20:52,365.76,28.0,13.48,49.3,20,1,1
41,139,1,1,Delivered,2025-06-02,2025-06-02 11:24:10,332.17,30.0,23.79,79.02,0,1,0
42,55,2,5,Delivered,2025-01-22,2025-01-22 22:23:24,261.68,22.0,16.05,42.0,0,0,
43,110,2,15,Delivered,2024-11-20,2024-11-20 12:33:42,489.73,22.0,16.4,80.32,25,1,0
44,270,1,5,Delivered,2025-10-26,2025-10-26 11:07:47,213.64,22.0,23.02,49.18,0,1,0
45,369,1,34,Delivered,2025-05-07,2025-05-07 20:08:40,402.21,20.0,24.46,98.38,0,1,0
46,174,3,12,Delivered,2025-05-03,2025-05-03 14:29:11,223.22,27.0,16.45,36.72,25,1,0
47,18,1,28,Delivered,2024-04-01,2024-04-01 17:14:24,208.07,20.0,21.84,45.44,25,0,
48,450,1,19,Delivered,2025-11-11,2025-11-11 21:02:04,576.34,20.0,22.21,128.01,0,0,
49,386,1,3,Refunded,2025-10-24,2025-10-24 23:10:32,414.36,0.0,20.82,86.27,10,1,0
50,131,5,14,Delivered,2025-02-06,2025-02-06 12:10:05,455.14,25.0,0.0,0.0,0,0,
51,445,2,11,Delivered,2024-12-12,2024-12-12 20:31:52,454.18,28.0,16.89,76.71,0,0,
52,326,2,6,Delivered,2024-10-12,2024-10-12 10:29:45,673.61,30.0,15.22,102.52,0,1,0
53,373,2,2,Cancelled,2024-07-27,2024-07-27 22:10:55,602.67,28.0,16.21,97.69,0,1,0
54,323,2,15,Delivered,2025-08-07,2025-08-07 23:28:34,478.36,22.0,16.36,78.26,10,1,0
55,485,5,12,Delivered,2024-01-08,2024-01-08 20:54:34,524.37,27.0,0.0,0.0,20,0,
56,357,5,22,Delivered,2024-11-04,2024-11-04 21:32:19,697.5,22.0,0.0,0.0,0,1,1
57,426,1,1,Delivered,2024-09-24,2024-09-24 14:03:00,145.52,30.0,22.24,32.36,0,1,0
58,86,3,16,Delivered,2025-10-21,2025-10-21 12:24:24,141.81,20.0,18.82,26.69,0,1,0
59,415,1,15,Delivered,2025-06-10,2025-06-10 21:49:31,661.05,22.0,24.17,159.78,50,0,
60,117,1,14,Delivered,2024-04-18,2024-04-18 23:35:47,243.69,25.0,22.51,54.85,0,1,0
61,393,3,6,Delivered,2024-02-08,2024-02-08 20:24:42,253.87,30.0,15.9,40.37,15,1,0
62,493,3,13,Delivered,2024-06-15,2024-06-15 22:33:41,322.33,25.0,17.26,55.63,0,0,
63,450,2,19,Delivered,2025-04-18,2025-04-18 18:36:51,476.37,20.0,17.0,80.98,5,1,0
64,389,2,1,Delivered,2025-02-09,2025-02-09 13:49:56,642.27,30.0,16.51,106.04,0,1,0
65,493,1,13,Cancelled,2025-02-21,2025-02-21 23:41:35,188.2,25.0,23.92,45.02,0,1,0
66,59,3,18,Delivered,2025-05-16,2025-05-16 22:35:27,370.55,20.0,16.01,59.33,5,1,0
67,415,5,15,Delivered,2024-09-28,2024-09-28 12:40:25,600.75,22.0,0.0,0.0,20,1,1
68,271,1,5,Delivered,2025-07-19,2025-07-19 14:32:20,227.36,22.0,20.95,47.63,0,1,1
69,86,1,16,Delivered,2024-09-26,2024-09-26 12:52:55,230.38,20.0,24.72,56.95,20,1,0
70,246,4,1,Delivered,2024-05-22,2024-05-22 13:34:30,504.63,30.0,14.58,73.58,0,1,0
71,474,2,1,Delivered,2025-03-24,2025-03-24 17:14:20,768.1,30.0,17.69,135.88,0,1,1
72,49,4,3,Delivered,2024-03-12,2024-03-12 17:33:06,595.57,45.0,12.76,75.99,20,0,
73,449,2,1,Delivered,2025-03-14,2025-03-14 13:32:13,731.13,30.0,16.08,117.57,0,1,0
74,117,5,14,Delivered,2025-09-14,2025-09-14 20:48:04,567.26,25.0,0.0,0.0,50,1,0
75,192,1,7,Delivered,2024-02-07,2024-02-07 20:02:28,453.76,25.0,20.53,93.16,0,1,0
76,155,1,24,Delivered,2025-10-15,2025-10-15 20:26:45,499.14,20.0,22.9,114.3,5,1,1
77,289,4,19,Delivered,2024-09-19,2024-09-19 14:13:18,653.33,20.0,13.69,89.44,0,1,0
78,415,1,15,Delivered,2024-07-11,2024-07-11 23:53:28,559.6,22.0,22.1,123.67,0,1,0
79,131,1,14,Delivered,2025-07-24,2025-07-24 16:47:58,202.58,25.0,23.95,48.52,0,1,0
80,477,1,19,Delivered,2024-01-23,2024-01-23 11:43:36,223.81,20.0,22.39,50.11,20,1,0
81,83,1,10,Delivered,2024-10-14,2024-10-14 10:42:34,500.34,32.0,23.48,117.48,0,0,
82,127,1,22,Delivered,2024-05-15,2024-05-15 23:21:54,181.27,22.0,21.78,39.48,0,0,
83,342,4,1,Delivered,2025-06-27,2025-06-27 22:54:52,513.38,30.0,12.99,66.69,0,1,0
84,133,1,6,Delivered,2025-09-19,2025-09-19 22:54:15,293.29,30.0,20.82,61.06,20,1,0
85,445,1,11,Delivered,2024-05-16,2024-05-16 16:59:22,270.65,28.0,22.76,61.6,30,0,
86,201,4,10,Delivered,2024-12-30,2024-12-30 23:13:19,265.11,32.0,14.43,38.26,0,1,0
87,119,1,10,Delivered,2024-11-30,2024-11-30 13:30:54,427.61,32.0,24.08,102.97,0,1,0
88,303,2,5,Rejected,2025-05-10,2025-05-10 12:42:42,458.0,22.0,16.91,77.45,0,0,
89,92,1,29,Delivered,2024-01-11,2024-01-11 01:16:33,541.7,20.0,24.72,133.91,0,1,0
90,376,2,9,Cancelled,2025-01-20,2025-01-20 23:29:01,458.61,42.0,17.63,80.85,10,1,0
91,383,1,15,Delivered,2024-02-17,2024-02-17 10:19:14,231.37,22.0,22.87,52.91,0,0,
92,201,4,10,Delivered,2024-09-14,2024-09-14 20:13:20,721.08,32.0,14.6,105.28,30,0,
93,202,3,2,Delivered,2024-10-07,2024-10-07 09:01:20,258.76,28.0,18.39,47.59,0,0,
94,173,2,7,Delivered,2025-08-04,2025-08-04 12:56:23,142.23,25.0,17.17,24.42,0,1,0
95,457,3,11,Delivered,2025-05-22,2025-05-22 15:38:31,423.5,28.0,17.81,75.43,0,1,0
96,94,2,12,Delivered,2025-06-13,2025-06-13 19:28:17,340.77,0.0,16.15,55.03,0,1,0
97,467,3,28,Delivered,2025-08-03,2025-08-03 12:24:06,131.84,20.0,18.93,24.96,0,1,0
98,319,3,6,Cancelled,2024-07-17,2024-07-17 12:08:19,608.86,30.0,18.86,114.83,0,1,0
99,323,1,15,Delivered,2025-01-23,2025-01-23 19:56:38,291.32,22.0,21.68,63.16,20,1,0
100,445,4,11,Delivered,2024-09-24,2024-09-24 13:00:31,463.62,28.0,14.99,69.5,50,1,0
101,133,1,6,Delivered,2024-07-28,2024-07-28 12:26:03,269.86,30.0,23.2,62.61,20,1,0
102,476,1,9,Delivered,2025-05-01,2025-05-01 14:03:59,450.41,42.0,24.7,111.25,0,0,
103,180,1,5,Delivered,2025-09-11,2025-09-11 16:37:38,338.72,22.0,23.15,78.41,0,0,
104,22,1,28,Delivered,2025-03-08,2025-03-08 17:20:40,187.71,20.0,23.87,44.81,0,1,0
105,353,1,12,Delivered,2025-12-11,2025-12-11 18:08:14,354.44,27.0,23.84,84.5,0,0,
106,157,3,5,Delivered,2024-09-26,2024-09-26 16:54:40,190.04,22.0,18.5,35.16,25,1,0
107,185,5,24,Delivered,2024-04-25,2024-04-25 20:04:36,335.42,20.0,0.0,0.0,0,1,0
108,107,2,1,Delivered,2025-08-30,2025-08-30 20:20:29,534.05,30.0,17.58,93.89,0,1,0
109,202,3,2,Delivered,2024-01-02,2024-01-02 21:15:38,509.85,28.0,15.23,77.65,0,1,1
110,290,1,1,Delivered,2025-11-23,2025-11-23 20:58:56,459.83,30.0,24.45,112.43,10,0,
111,254,1,3,Cancelled,2024-12-27,2024-12-27 13:48:45,793.01,45.0,22.59,179.14,0,1,0
112,185,5,24,Delivered,2025-10-15,2025-10-15 14:31:43,665.12,20.0,0.0,0.0,20,0,
113,379,5,14,Delivered,2025-03-16,2025-03-16 17:34:07,212.22,25.0,0.0,0.0,0,1,0
114,148,1,8,Delivered,2024-12-04,2024-12-04 20:58:00,595.12,40.0,20.41,121.46,0,1,0
115,220,1,18,Cancelled,2024-03-26,2024-03-26 18:46:51,785.32,0.0,21.17,166.25,0,1,0
116,129,5,31,Delivered,2024-04-19,2024-04-19 21:40:19,379.94,20.0,0.0,0.0,10,1,0
117,232,1,27,Cancelled,2025-01-08,2025-01-08 21:53:36,401.93,20.0,23.07,92.73,0,1,0
118,290,5,1,Delivered,2024-01-25,2024-01-25 00:55:42,534.96,30.0,0.0,0.0,0,1,0
119,391,2,20,Delivered,2024-11-12,2024-11-12 22:43:59,599.98,22.0,17.32,103.92,30,0,
120,377,3,11,Delivered,2025-10-15,2025-10-15 13:32:41,638.41,28.0,17.55,112.04,0,0,
121,110,1,15,Delivered,2024-05-02,2024-05-02 14:15:19,607.27,22.0,24.51,148.84,30,1,0
122,5,5,7,Delivered,2025-07-02,2025-07-02 19:32:41,185.57,25.0,0.0,0.0,0,1,0
123,325,1,13,Delivered,2024-03-01,2024-03-01 20:36:55,463.58,25.0,24.49,113.53,0,1,0
124,228,3,11,Pending,2024-05-05,2024-05-05 21:16:23,254.76,28.0,15.33,39.05,25,0,
125,49,5,3,Cancelled,2025-04-16,2025-04-16 13:03:21,747.2,0.0,0.0,0.0,30,0,
126,464,1,9,Rejected,2025-01-02,2025-01-02 16:10:26,836.29,42.0,20.37,170.35,50,1,0
127,100,5,3,Refunded,2024-12-30,2024-12-30 19:22:04,863.93,45.0,0.0,0.0,0,1,0
128,433,1,5,Delivered,2024-09-28,2024-09-28 21:35:27,288.0,22.0,21.98,63.3,0,0,
129,350,2,35,Delivered,2024-11-08,2024-11-08 17:43:47,809.18,38.0,15.27,123.56,50,0,
130,296,2,2,Delivered,2025-05-22,2025-05-22 20:46:53,614.53,0.0,17.9,110.0,0,1,0
131,247,2,6,Cancelled,2024-12-23,2024-12-23 14:13:28,607.38,30.0,16.54,100.46,0,1,0
132,17,2,6,Delivered,2024-01-20,2024-01-20 22:06:08,303.66,30.0,16.0,48.59,0,0,
133,378,4,5,Refunded,2025-11-29,2025-11-29 19:55:49,338.38,22.0,14.55,49.23,0,1,0
134,270,2,5,Delivered,2024-07-27,2024-07-27 23:46:46,413.68,22.0,17.51,72.44,0,1,0
135,305,1,6,Delivered,2025-12-18,2025-12-18 15:49:17,203.45,30.0,20.48,41.67,0,0,
136,83,4,10,Cancelled,2024-03-29,2024-03-29 22:31:04,487.29,32.0,14.37,70.02,15,0,
137,476,2,9,Delivered,2024-02-29,2024-02-29 19:39:34,524.07,42.0,15.29,80.13,50,0,
138,284,1,5,Refunded,2024-03-23,2024-03-23 02:28:07,345.24,22.0,24.2,83.55,0,1,0
139,22,2,28,Delivered,2024-05-02,2024-05-02 21:40:20,621.05,20.0,17.13,106.39,0,1,0
140,394,3,9,Cancelled,2024-02-22,2024-02-22 14:27:19,657.3,42.0,16.78,110.29,0,0,
141,304,1,3,Delivered,2024-04-09,2024-04-09 18:50:50,529.17,0.0,22.78,120.54,0,1,0
142,411,3,7,Delivered,2025-10-22,2025-10-22 22:38:55,123.1,25.0,17.59,21.65,10,0,
143,198,4,2,Delivered,2024-03-19,2024-03-19 12:49:05,549.3,28.0,13.94,76.57,0,1,0
144,398,1,7,Delivered,2025-07-28,2025-07-28 23:13:51,436.41,25.0,20.56,89.73,25,0,
145,223,4,9,Delivered,2024-01-04,2024-01-04 20:50:32,425.5,42.0,14.48,61.61,25,1,0
146,124,1,1,Delivered,2024-03-13,2024-03-13 18:50:28,763.61,30.0,21.23,162.11,20,0,
147,17,1,6,Delivered,2024-07-09,2024-07-09 23:44:32,215.92,30.0,22.41,48.39,10,1,0
148,396,3,13,Pending,2025-08-14,2025-08-14 17:10:00,363.26,25.0,15.25,55.4,0,1,0
149,28,1,3,Delivered,2024-07-22,2024-07-22 13:28:21,623.77,45.0,22.92,142.97,0,1,0
150,423,5,10,Delivered,2024-11-28,2024-11-28 13:52:57,682.2,32.0,0.0,0.0,0,0,
151,284,1,5,Rejected,2024-06-22,2024-06-22 14:23:43,446.13,22.0,24.69,110.15,0,1,0
152,270,3,5,Delivered,2025-09-12,2025-09-12 16:11:07,415.1,22.0,18.55,77.0,0,1,1
153,377,2,11,Delivered,2024-07-13,2024-07-13 15:59:14,495.86,28.0,16.28,80.73,0,1,0
154,195,1,28,Cancelled,2024-10-07,2024-10-07 20:37:48,273.61,20.0,20.06,54.89,0,1,0
155,453,2,16,Delivered,2025-05-01,2025-05-01 00:35:23,442.27,20.0,17.22,76.16,5,1,1
156,435,1,30,Cancelled,2024-06-27,2024-06-27 18:25:47,132.58,20.0,23.04,30.55,5,1,0
157,346,4,3,Cancelled,2024-06-19,2024-06-19 22:49:46,291.96,0.0,14.75,43.06,0,0,
158,344,3,9,Delivered,2025-01-11,2025-01-11 21:28:26,784.18,42.0,19.51,152.99,50,0,
159,427,5,6,Delivered,2025-06-21,2025-06-21 19:39:58,639.15,30.0,0.0,0.0,0,0,
160,368,1,1,Delivered,2024-07-26,2024-07-26 13:10:39,639.99,30.0,24.85,159.04,0,1,1
161,192,1,7,Delivered,2025-04-03,2025-04-03 13:27:48,400.5,25.0,23.86,95.56,0,1,1
162,334,1,12,Delivered,2024-01-19,2024-01-19 22:20:04,167.7,27.0,23.57,39.53,30,0,
163,239,3,17,Pending,2025-12-03,2025-12-03 21:21:56,356.59,20.0,19.04,67.89,0,1,0
164,133,2,6,Delivered,2024-07-16,2024-07-16 23:41:50,302.12,30.0,15.05,45.47,30,1,0
165,333,1,6,Delivered,2025-05-18,2025-05-18 21:00:33,277.89,30.0,22.74,63.19,0,1,1
166,445,5,11,Delivered,2025-06-20,2025-06-20 01:00:34,357.42,28.0,0.0,0.0,20,0,
167,15,2,7,Delivered,2025-11-13,2025-11-13 22:43:57,325.41,25.0,17.22,56.04,0,1,1
168,4,1,13,Delivered,2025-03-17,2025-03-17 03:27:07,334.11,25.0,23.34,77.98,25,0,
169,319,4,6,Delivered,2024-06-29,2024-06-29 11:29:29,573.8,30.0,12.47,71.55,0,1,0
170,287,5,9,Delivered,2025-06-20,2025-06-20 21:05:44,843.12,42.0,0.0,0.0,0,0,
171,66,3,2,Cancelled,2024-12-20,2024-12-20 00:05:21,309.44,28.0,15.82,48.95,5,1,0
172,240,1,11,Delivered,2024-09-20,2024-09-20 14:04:52,277.17,28.0,21.3,59.04,0,0,
173,383,1,15,Delivered,2025-03-20,2025-03-20 21:00:00,420.35,22.0,21.35,89.74,0,1,0
174,398,1,7,Delivered,2025-01-13,2025-01-13 11:46:24,125.59,25.0,22.42,28.16,30,1,1
175,306,1,10,Delivered,2025-03-14,2025-03-14 18:27:26,378.4,32.0,21.01,79.5,25,0,
176,107,2,1,Delivered,2025-07-22,2025-07-22 21:53:09,150.81,30.0,16.8,25.34,0,1,0
177,467,2,28,Delivered,2024-06-13,2024-06-13 21:03:00,468.81,20.0,15.19,71.21,20,1,0
178,438,4,1,Delivered,2025-06-08,2025-06-08 13:43:44,528.48,30.0,12.05,63.68,0,0,
179,26,4,1,Delivered,2025-11-04,2025-11-04 14:09:19,516.05,30.0,14.39,74.26,0,1,0
180,420,2,2,Delivered,2025-04-14,2025-04-14 14:58:16,137.99,28.0,16.97,23.42,50,1,0
181,392,3,35,Delivered,2025-01-06,2025-01-06 21:15:20,851.73,38.0,18.92,161.15,0,0,
182,429,3,11,Delivered,2025-12-31,2025-12-31 21:20:52,543.03,28.0,19.63,106.6,0,1,0
183,362,1,4,Delivered,2024-06-11,2024-06-11 22:43:30,538.35,35.0,24.52,132.0,0,1,0
184,363,3,27,Cancelled,2024-10-28,2024-10-28 22:32:42,591.51,20.0,18.68,110.49,20,1,0
185,283,2,10,Delivered,2025-03-17,2025-03-17 03:10:26,328.48,0.0,16.67,54.76,5,1,0
186,177,1,2,Delivered,2025-07-14,2025-07-14 21:51:11,283.99,28.0,24.5,69.58,0,1,0
187,185,2,24,Delivered,2025-04-17,2025-04-17 15:10:51,375.02,20.0,17.98,67.43,0,0,
188,130,2,10,Delivered,2025-02-06,2025-02-06 21:50:42,797.3,32.0,16.85,134.35,0,0,
189,273,1,5,Delivered,2024-03-21,2024-03-21 02:40:09,460.45,22.0,24.21,111.47,30,1,1
190,119,4,10,Delivered,2024-06-10,2024-06-10 23:23:39,478.71,32.0,12.52,59.93,0,0,
191,192,1,7,Delivered,2024-01-17,2024-01-17 19:49:39,298.59,25.0,20.65,61.66,25,1,0
192,284,1,5,Delivered,2024-11-30,2024-11-30 14:45:13,310.95,22.0,20.2,62.81,20,1,0
193,225,1,5,Delivered,2024-09-11,2024-09-11 12:44:56,399.16,22.0,20.1,80.23,5,1,0
194,83,2,10,Delivered,2025-05-29,2025-05-29 20:20:50,492.21,0.0,16.81,82.74,10,0,
195,298,2,19,Delivered,2024-12-23,2024-12-23 20:26:02,235.87,20.0,17.18,40.52,0,1,0
196,498,1,6,Delivered,2024-05-20,2024-05-20 23:44:14,247.49,30.0,23.08,57.12,0,0,
197,34,5,8,Delivered,2024-10-08,2024-10-08 11:03:03,435.97,40.0,0.0,0.0,0,1,0
198,90,4,6,Delivered,2025-05-07,2025-05-07 12:18:24,220.18,30.0,12.22,26.91,30,1,0
199,401,3,9,Pending,2024-03-01,2024-03-01 17:14:15,871.63,42.0,15.56,135.63,0,1,0
200,401,1,9,Delivered,2025-05-23,2025-05-23 01:30:17,324.44,42.0,22.94,74.43,0,1,1
201,80,3,2,Delivered,2025-11-07,2025-11-07 14:25:06,204.61,28.0,17.9,36.63,0,0,
202,181,3,17,Delivered,2024-04-22,2024-04-22 22:42:33,230.39,20.0,18.25,42.05,50,1,0
203,432,1,2,Delivered,2025-02-25,2025-02-25 21:00:44,232.63,28.0,24.76,57.6,0,1,0
204,387,2,9,Delivered,2025-01-22,2025-01-22 13:34:52,230.05,42.0,16.29,37.48,0,0,
205,18,1,28,Delivered,2025-04-02,2025-04-02 20:17:05,306.65,20.0,21.02,64.46,0,1,0
206,73,1,1,Delivered,2024-05-15,2024-05-15 14:39:28,565.54,30.0,22.89,129.45,20,1,0
207,445,1,11,Delivered,2025-03-30,2025-03-30 02:25:46,442.84,0.0,21.34,94.5,10,1,0
208,228,2,11,Delivered,2025-03-14,2025-03-14 18:33:30,152.97,28.0,15.73,24.06,0,1,0
209,122,1,19,Delivered,2025-01-28,2025-01-28 14:37:25,487.54,20.0,24.9,121.4,0,1,0
210,102,1,24,Delivered,2025-03-21,2025-03-21 21:55:31,232.69,20.0,23.09,53.73,10,1,0
211,6,1,2,Delivered,2024-09-12,2024-09-12 20:28:39,292.41,28.0,22.24,65.03,0,1,0
212,427,1,6,Delivered,2025-04-20,2025-04-20 19:27:20,284.27,30.0,21.12,60.04,0,1,0
213,68,1,2,Delivered,2024-11-28,2024-11-28 12:09:50,466.09,0.0,24.47,114.05,0,1,0
214,96,2,7,Refunded,2025-04-19,2025-04-19 13:00:27,253.86,25.0,15.15,38.46,20,1,0
215,112,1,10,Delivered,2025-11-02,2025-11-02 22:37:26,637.04,32.0,21.95,139.83,0,1,0
216,374,2,11,Delivered,2025-12-01,2025-12-01 20:04:14,225.9,28.0,15.35,34.68,10,1,0
217,247,1,6,Delivered,2025-08-12,2025-08-12 15:46:36,136.02,30.0,23.33,31.73,0,0,
218,324,5,5,Delivered,2025-01-04,2025-01-04 19:46:55,370.98,22.0,0.0,0.0,0,1,0
219,49,2,3,Delivered,2025-04-30,2025-04-30 20:59:04,206.55,45.0,16.96,35.03,0,0,
220,263,2,6,Delivered,2024-01-24,2024-01-24 13:25:40,391.2,30.0,16.43,64.27,10,1,1
221,339,1,11,Refunded,2024-05-20,2024-05-20 12:20:40,699.47,28.0,21.48,150.25,0,1,0
222,265,1,35,Delivered,2024-12-03,2024-12-03 10:16:16,625.13,38.0,24.61,153.84,0,1,0
223,426,3,1,Delivered,2024-04-26,2024-04-26 19:41:25,314.15,30.0,19.34,60.76,0,0,
224,84,3,16,Delivered,2024-09-12,2024-09-12 22:25:23,300.59,20.0,15.91,47.82,0,1,0
225,97,1,10,Delivered,2024-02-19,2024-02-19 23:15:13,254.6,0.0,22.53,57.36,10,1,0
226,173,1,7,Refunded,2025-07-16,2025-07-16 22:04:51,340.98,25.0,25.0,85.25,0,1,0
227,205,1,22,Delivered,2025-08-21,2025-08-21 23:19:32,685.0,0.0,21.61,148.03,0,0,
228,323,1,15,Delivered,2025-03-14,2025-03-14 21:21:02,342.84,22.0,24.51,84.03,20,1,0
229,1,1,2,Delivered,2024-03-14,2024-03-14 17:18:22,393.65,0.0,22.66,89.2,0,0,
230,392,5,35,Pending,2025-02-22,2025-02-22 21:16:16,733.08,38.0,0.0,0.0,0,1,0
231,49,1,3,Delivered,2025-06-23,2025-06-23 11:34:08,411.54,45.0,21.07,86.71,10,1,0
232,475,1,13,Delivered,2024-10-01,2024-10-01 21:19:01,226.98,25.0,20.63,46.83,0,1,0
233,198,1,2,Delivered,2025-02-25,2025-02-25 12:36:59,678.43,28.0,20.07,136.16,50,0,
234,139,3,1,Delivered,2025-06-23,2025-06-23 20:18:12,676.75,30.0,15.12,102.32,30,1,0
235,239,4,17,Delivered,2024-08-18,2024-08-18 22:02:19,304.13,20.0,12.73,38.72,0,1,0
236,323,1,15,Delivered,2025-03-04,2025-03-04 03:31:41,377.21,22.0,21.7,81.85,0,0,
237,338,1,4,Delivered,2024-02-10,2024-02-10 22:19:53,651.89,35.0,22.63,147.52,0,1,0
238,380,5,7,Delivered,2025-06-14,2025-06-14 19:52:46,289.96,25.0,0.0,0.0,20,1,0
239,280,1,2,Refunded,2025-03-10,2025-03-10 18:30:43,316.0,28.0,21.53,68.03,10,1,0
240,398,1,7,Refunded,2025-02-07,2025-02-07 20:13:20,183.88,25.0,23.07,42.42,0,1,0
241,443,1,5,Delivered,2024-12-20,2024-12-20 13:04:00,278.99,22.0,22.03,61.46,0,1,1
242,180,2,5,Cancelled,2025-07-15,2025-07-15 12:07:33,202.75,22.0,17.36,35.2,0,1,0
243,288,1,8,Delivered,2025-12-23,2025-12-23 20:10:06,607.58,40.0,22.91,139.2,0,0,
244,250,1,1,Delivered,2024-01-15,2024-01-15 22:38:49,613.76,30.0,21.8,133.8,0,0,
245,200,1,31,Delivered,2025-02-11,2025-02-11 19:11:35,465.6,20.0,22.03,102.57,0,1,0
246,288,5,8,Delivered,2024-09-22,2024-09-22 21:49:48,208.24,40.0,0.0,0.0,25,0,
247,352,1,5,Delivered,2025-01-17,2025-01-17 15:27:22,141.27,22.0,23.42,33.09,15,1,0
248,441,5,10,Pending,2024-08-07,2024-08-07 23:21:46,621.89,0.0,0.0,0.0,0,0,
249,110,1,15,Delivered,2024-11-28,2024-11-28 19:10:26,401.03,22.0,24.51,98.29,20,1,0
250,285,1,3,Delivered,2025-11-02,2025-11-02 12:02:16,680.3,45.0,22.19,150.96,0,1,0
251,72,1,3,Delivered,2024-11-21,2024-11-21 14:25:07,806.34,45.0,22.47,181.18,0,0,
252,66,1,2,Cancelled,2024-01-15,2024-01-15 22:14:45,164.6,0.0,22.88,37.66,0,1,0
253,144,1,8,Delivered,2025-01-03,2025-01-03 12:36:44,851.39,40.0,23.89,203.4,50,0,
254,366,1,5,Delivered,2024-04-17,2024-04-17 09:22:09,326.4,22.0,23.06,75.27,15,1,0
255,1,3,2,Delivered,2025-07-02,2025-07-02 23:58:38,554.75,28.0,19.51,108.23,0,1,0
256,390,1,8,Delivered,2025-02-11,2025-02-11 09:21:50,867.37,40.0,24.75,214.67,20,0,
257,155,2,24,Delivered,2025-12-18,2025-12-18 20:19:33,683.63,20.0,15.14,103.5,0,0,
258,326,4,6,Delivered,2024-12-19,2024-12-19 23:29:12,377.44,30.0,14.52,54.8,0,1,0
259,47,3,10,Delivered,2025-03-06,2025-03-06 18:34:13,580.62,32.0,16.92,98.24,0,0,
260,126,1,9,Delivered,2024-11-14,2024-11-14 13:32:04,342.17,42.0,21.68,74.18,0,1,0
261,246,3,1,Delivered,2025-03-21,2025-03-21 13:28:25,589.96,30.0,17.14,101.12,0,1,0
262,89,2,5,Delivered,2025-12-05,2025-12-05 00:32:33,497.07,22.0,16.57,82.36,0,1,1
263,96,5,7,Delivered,2025-10-21,2025-10-21 14:06:52,230.42,25.0,0.0,0.0,5,1,0
264,497,2,2,Delivered,2025-05-13,2025-05-13 09:22:11,197.99,28.0,15.0,29.7,0,1,0
265,215,3,35,Delivered,2024-12-15,2024-12-15 12:50:45,250.39,38.0,19.63,49.15,0,0,
266,457,3,11,Delivered,2024-10-07,2024-10-07 19:07:35,424.04,28.0,18.31,77.64,0,1,1
267,357,1,22,Delivered,2024-05-02,2024-05-02 12:22:24,673.83,22.0,21.47,144.67,30,1,0
268,423,4,10,Delivered,2025-08-17,2025-08-17 16:02:43,290.87,32.0,12.95,37.67,0,1,0
269,303,5,5,Delivered,2024-09-22,2024-09-22 20:23:50,488.63,22.0,0.0,0.0,0,0,
270,195,4,28,Pending,2024-09-28,2024-09-28 12:34:11,331.02,20.0,14.8,48.99,0,0,
271,317,5,28,Delivered,2025-09-11,2025-09-11 23:43:26,389.94,20.0,0.0,0.0,0,1,0
272,476,1,9,Delivered,2025-04-06,2025-04-06 10:30:32,749.29,42.0,24.53,183.8,0,0,
273,203,2,33,Refunded,2024-03-15,2024-03-15 18:07:36,756.82,0.0,16.93,128.13,0,1,0
274,263,1,6,Cancelled,2025-03-06,2025-03-06 03:10:09,368.94,30.0,22.02,81.24,10,1,1
275,217,5,7,Delivered,2024-02-18,2024-02-18 14:23:18,304.89,25.0,0.0,0.0,0,1,0
276,297,1,11,Delivered,2024-06-07,2024-06-07 20:12:46,434.2,28.0,22.9,99.43,10,1,0
277,428,1,2,Delivered,2024-01-30,2024-01-30 12:18:53,682.86,28.0,20.05,136.91,20,1,0
278,80,2,2,Delivered,2024-12-25,2024-12-25 20:00:40,675.8,28.0,15.05,101.71,50,1,0
279,133,1,6,Delivered,2025-12-29,2025-12-29 23:44:30,591.85,30.0,22.54,133.4,30,0,
280,464,1,9,Delivered,2024-07-09,2024-07-09 20:22:47,846.3,42.0,20.79,175.95,0,1,0
281,203,1,33,Delivered,2024-01-23,2024-01-23 23:27:03,327.71,20.0,20.31,66.56,20,1,0
282,139,1,1,Delivered,2024-04-19,2024-04-19 01:18:31,427.67,30.0,20.75,88.74,0,1,0
283,454,2,14,Refunded,2025-03-28,2025-03-28 17:31:18,421.63,0.0,15.62,65.86,20,1,0
284,130,3,10,Delivered,2025-06-03,2025-06-03 23:55:36,781.48,32.0,19.76,154.42,0,1,0
285,114,3,24,Delivered,2024-10-25,2024-10-25 01:55:33,697.45,20.0,15.35,107.06,0,1,0
286,123,3,21,Pending,2024-05-30,2024-05-30 23:51:56,419.53,20.0,18.83,79.0,0,1,0
287,412,1,14,Cancelled,2024-07-11,2024-07-11 22:52:41,222.97,25.0,24.52,54.67,0,0,
288,232,5,27,Delivered,2024-05-09,2024-05-09 00:49:45,693.06,20.0,0.0,0.0,0,1,0
289,214,5,16,Delivered,2024-05-25,2024-05-25 13:14:38,193.23,20.0,0.0,0.0,10,1,0
290,454,1,14,Delivered,2024-08-27,2024-08-27 23:11:38,324.69,25.0,21.63,70.23,10,1,0
291,120,3,12,Delivered,2025-09-26,2025-09-26 23:41:20,552.2,27.0,18.9,104.37,20,1,0
292,339,3,11,Delivered,2025-06-05,2025-06-05 14:11:34,280.75,28.0,17.8,49.97,0,1,0
293,476,1,9,Rejected,2025-09-24,2025-09-24 12:06:17,723.53,0.0,22.21,160.7,0,0,
294,290,1,1,Cancelled,2024-12-15,2024-12-15 22:08:49,539.92,30.0,20.04,108.2,20,1,0
295,294,1,10,Delivered,2024-08-11,2024-08-11 20:25:24,476.01,32.0,23.81,113.34,0,1,0
296,112,1,10,Cancelled,2024-11-30,2024-11-30 19:21:59,638.45,32.0,22.0,140.46,50,0,
297,170,2,2,Delivered,2024-07-05,2024-07-05 16:00:18,337.25,28.0,17.08,57.6,0,0,
298,218,2,2,Cancelled,2025-01-26,2025-01-26 19:42:09,185.49,28.0,16.86,31.27,0,1,0
299,119,2,10,Delivered,2024-09-16,2024-09-16 21:48:57,274.83,32.0,16.98,46.67,0,0,
300,92,2,29,Delivered,2025-06-12,2025-06-12 19:39:45,439.89,20.0,16.72,73.55,10,0,
301,145,1,9,Delivered,2024-12-09,2024-12-09 20:23:03,680.76,42.0,23.32,158.75,0,0,
302,18,1,28,Pending,2025-07-25,2025-07-25 13:46:56,197.29,20.0,21.68,42.77,0,1,0
303,338,1,4,Delivered,2024-06-14,2024-06-14 17:46:58,719.94,35.0,20.85,150.11,0,0,
304,445,2,11,Delivered,2024-12-08,2024-12-08 13:55:00,482.71,28.0,15.7,75.79,10,1,0
305,305,2,6,Delivered,2025-08-25,2025-08-25 23:22:42,668.11,0.0,16.02,107.03,20,1,0
306,390,2,8,Delivered,2024-01-07,2024-01-07 14:00:39,573.17,40.0,17.66,101.22,30,0,
307,145,5,9,Delivered,2024-06-24,2024-06-24 23:38:44,705.34,42.0,0.0,0.0,0,0,
308,219,1,32,Delivered,2024-08-02,2024-08-02 19:32:17,240.84,20.0,23.08,55.59,25,1,0
309,406,5,15,Delivered,2025-02-21,2025-02-21 22:48:20,519.45,22.0,0.0,0.0,0,1,0
310,143,2,7,Delivered,2024-11-09,2024-11-09 19:53:52,492.76,25.0,17.69,87.17,0,0,
311,252,1,21,Delivered,2024-02-28,2024-02-28 23:19:23,669.86,20.0,21.38,143.22,0,1,0
312,352,2,5,Delivered,2024-09-21,2024-09-21 19:02:24,397.82,22.0,17.24,68.58,0,1,0
313,407,5,4,Delivered,2024-03-03,2024-03-03 21:12:18,234.05,35.0,0.0,0.0,0,0,
314,288,1,8,Delivered,2024-05-28,2024-05-28 12:43:44,677.93,40.0,21.52,145.89,0,1,0
315,431,5,32,Delivered,2025-08-20,2025-08-20 19:32:39,581.66,20.0,0.0,0.0,20,0,
316,110,2,15,Delivered,2024-03-25,2024-03-25 20:19:17,514.36,0.0,16.4,84.36,0,1,0
317,177,1,2,Cancelled,2024-11-14,2024-11-14 00:45:00,165.56,28.0,20.98,34.73,20,1,0
318,323,1,15,Delivered,2025-11-16,2025-11-16 14:42:38,427.28,22.0,24.47,104.56,0,0,
319,14,2,20,Refunded,2025-09-11,2025-09-11 20:46:50,330.74,22.0,16.64,55.04,50,0,
320,236,1,7,Delivered,2025-07-03,2025-07-03 23:47:47,393.12,25.0,22.69,89.2,0,1,0
321,486,2,25,Delivered,2025-11-02,2025-11-02 19:54:55,316.63,20.0,15.72,49.77,0,0,
322,170,5,2,Delivered,2025-02-01,2025-02-01 23:45:52,509.05,28.0,0.0,0.0,0,1,0
323,182,1,14,Pending,2024-08-02,2024-08-02 19:07:36,267.44,25.0,20.05,53.62,0,1,0
324,343,1,33,Delivered,2025-08-12,2025-08-12 22:25:14,353.6,20.0,23.08,81.61,0,1,0
325,133,1,6,Delivered,2024-04-26,2024-04-26 12:10:40,475.43,0.0,24.91,118.43,20,1,0
326,323,1,15,Refunded,2025-07-14,2025-07-14 19:48:05,161.12,22.0,24.69,39.78,0,1,0
327,179,1,12,Delivered,2025-10-06,2025-10-06 20:34:44,300.38,27.0,20.89,62.75,0,0,
328,92,2,29,Delivered,2025-06-12,2025-06-12 22:53:48,487.57,20.0,16.66,81.23,0,1,1
329,179,1,12,Delivered,2025-02-10,2025-02-10 14:09:06,513.63,27.0,23.66,121.52,30,0,
330,110,2,15,Delivered,2025-09-18,2025-09-18 23:43:23,273.83,22.0,15.89,43.51,0,1,0
331,356,1,1,Cancelled,2024-02-20,2024-02-20 20:26:15,305.68,30.0,20.16,61.63,0,1,0
332,338,5,4,Delivered,2025-09-12,2025-09-12 18:29:50,513.92,35.0,0.0,0.0,0,0,
333,421,3,3,Delivered,2025-09-26,2025-09-26 16:55:45,605.03,45.0,18.24,110.36,30,1,0
334,290,1,1,Delivered,2024-10-18,2024-10-18 18:58:27,232.11,30.0,23.37,54.24,0,1,0
335,368,1,1,Cancelled,2025-09-27,2025-09-27 22:50:01,601.93,30.0,24.33,146.45,0,1,0
336,314,5,5,Delivered,2024-10-12,2024-10-12 22:25:23,357.21,22.0,0.0,0.0,0,1,1
337,226,4,1,Delivered,2024-11-06,2024-11-06 22:25:55,641.83,30.0,13.63,87.48,0,1,0
338,109,1,11,Delivered,2025-11-08,2025-11-08 21:46:27,251.85,28.0,24.99,62.94,0,1,0
339,407,1,4,Cancelled,2024-11-23,2024-11-23 21:14:35,319.93,35.0,22.74,72.75,50,0,
340,375,1,1,Delivered,2024-12-23,2024-12-23 14:43:12,693.72,30.0,21.63,150.05,20,0,
341,31,1,5,Delivered,2025-06-27,2025-06-27 23:11:49,228.15,22.0,22.55,51.45,0,1,1
342,166,4,12,Delivered,2025-11-07,2025-11-07 15:10:37,550.06,27.0,12.94,71.18,20,1,0
343,270,1,5,Delivered,2024-04-20,2024-04-20 22:14:07,280.37,22.0,22.13,62.05,50,1,0
344,250,1,1,Delivered,2024-03-23,2024-03-23 18:09:10,401.81,30.0,21.69,87.15,0,1,0
345,21,2,3,Delivered,2025-09-05,2025-09-05 21:05:25,830.0,45.0,16.51,137.03,0,0,
346,288,1,8,Delivered,2025-01-03,2025-01-03 00:25:46,845.39,40.0,24.65,208.39,30,1,0
347,71,2,19,Delivered,2025-02-09,2025-02-09 23:22:53,490.36,20.0,16.53,81.06,50,1,0
348,357,1,22,Delivered,2025-06-17,2025-06-17 09:44:55,364.77,22.0,21.11,77.0,10,0,
349,358,1,35,Delivered,2025-10-03,2025-10-03 15:10:58,868.33,38.0,22.15,192.34,0,1,0
350,324,4,5,Delivered,2024-11-30,2024-11-30 13:51:02,281.95,0.0,12.82,36.15,20,1,0
351,124,1,1,Cancelled,2025-11-13,2025-11-13 15:09:09,471.29,30.0,21.29,100.34,0,1,0
352,154,4,26,Cancelled,2025-11-08,2025-11-08 12:13:53,194.38,22.0,14.98,29.12,10,0,
353,360,3,17,Delivered,2024-11-28,2024-11-28 12:42:51,318.04,20.0,15.93,50.66,20,1,0
354,367,2,10,Delivered,2025-10-26,2025-10-26 12:20:37,188.85,32.0,17.22,32.52,0,1,0
355,128,3,12,Delivered,2024-02-28,2024-02-28 14:43:05,311.49,27.0,19.57,60.96,0,1,0
356,478,1,5,Delivered,2025-05-08,2025-05-08 13:52:40,176.66,22.0,24.42,43.14,0,1,0
357,36,2,8,Delivered,2024-03-10,2024-03-10 14:24:05,741.69,40.0,16.0,118.67,0,1,0
358,378,1,5,Delivered,2024-05-26,2024-05-26 09:12:17,420.64,22.0,23.54,99.02,15,1,0
359,229,5,4,Delivered,2024-04-29,2024-04-29 12:35:06,404.39,35.0,0.0,0.0,0,1,0
360,446,4,19,Delivered,2024-10-26,2024-10-26 22:12:32,182.81,20.0,14.41,26.34,0,0,
361,338,2,4,Cancelled,2024-06-10,2024-06-10 13:46:57,480.5,35.0,16.09,77.31,0,1,0
362,384,5,13,Delivered,2025-05-14,2025-05-14 23:32:16,630.33,25.0,0.0,0.0,0,1,0
363,383,4,15,Delivered,2024-09-08,2024-09-08 23:51:10,617.37,22.0,13.33,82.3,0,1,0
364,175,2,4,Delivered,2024-01-14,2024-01-14 21:29:01,759.2,0.0,16.12,122.38,0,0,
365,207,5,11,Delivered,2024-11-07,2024-11-07 23:22:40,551.15,28.0,0.0,0.0,0,0,
366,423,4,10,Cancelled,2024-03-12,2024-03-12 14:19:04,428.59,32.0,12.47,53.45,30,0,
367,20,1,15,Delivered,2024-09-15,2024-09-15 23:40:51,439.88,0.0,21.91,96.38,0,1,0
368,83,2,10,Delivered,2024-10-23,2024-10-23 12:42:52,212.21,0.0,15.43,32.74,0,1,0
369,90,5,6,Delivered,2025-11-18,2025-11-18 22:07:17,389.11,30.0,0.0,0.0,0,1,0
370,336,3,4,Delivered,2025-03-25,2025-03-25 10:46:32,209.66,35.0,19.52,40.93,30,0,
371,476,4,9,Delivered,2024-12-28,2024-12-28 23:12:37,517.77,42.0,14.32,74.14,50,1,1
372,90,5,6,Delivered,2024-01-30,2024-01-30 22:06:51,138.52,30.0,0.0,0.0,10,1,0
373,383,1,15,Delivered,2024-03-17,2024-03-17 17:34:09,509.64,22.0,21.32,108.66,0,1,1
374,446,1,19,Delivered,2024-08-28,2024-08-28 22:42:00,550.63,20.0,23.4,128.85,0,1,0
375,370,3,21,Cancelled,2024-03-12,2024-03-12 02:49:02,624.26,20.0,19.54,121.98,0,1,0
376,179,1,12,Delivered,2025-01-01,2025-01-01 19:15:27,444.73,27.0,20.54,91.35,0,1,0
377,138,3,2,Delivered,2024-02-16,2024-02-16 17:56:28,219.72,28.0,17.66,38.8,0,0,
378,292,1,10,Delivered,2024-12-11,2024-12-11 23:50:37,851.64,32.0,22.16,188.72,0,1,1
379,315,1,10,Delivered,2025-06-06,2025-06-06 21:47:29,805.53,32.0,23.6,190.11,0,0,
380,61,1,2,Cancelled,2024-03-17,2024-03-17 18:16:55,533.16,28.0,24.74,131.9,30,1,0
381,26,1,1,Delivered,2024-05-31,2024-05-31 17:35:03,137.39,30.0,23.1,31.74,0,0,
382,194,4,16,Delivered,2024-08-24,2024-08-24 14:00:42,537.47,20.0,14.88,79.98,0,1,0
383,166,1,12,Delivered,2025-02-09,2025-02-09 19:56:13,374.19,27.0,23.49,87.9,0,1,0
384,330,3,13,Delivered,2024-12-02,2024-12-02 13:56:56,687.54,25.0,15.53,106.77,50,0,
385,386,5,3,Delivered,2025-09-21,2025-09-21 10:19:30,331.02,45.0,0.0,0.0,0,0,
386,415,2,15,Cancelled,2024-09-23,2024-09-23 13:56:42,646.57,0.0,16.2,104.74,0,0,
387,220,3,18,Delivered,2024-05-26,2024-05-26 19:58:05,511.95,20.0,17.14,87.75,0,1,1
388,22,1,28,Delivered,2025-09-13,2025-09-13 14:09:13,526.26,20.0,21.51,113.2,0,1,0
389,204,5,14,Delivered,2024-07-26,2024-07-26 18:01:48,517.29,25.0,0.0,0.0,0,1,0
390,110,4,15,Delivered,2024-03-15,2024-03-15 02:12:52,644.84,0.0,12.8,82.54,30,1,0
391,233,5,12,Delivered,2024-03-10,2024-03-10 20:07:24,256.43,27.0,0.0,0.0,10,0,
392,306,1,10,Delivered,2024-12-24,2024-12-24 13:04:00,608.64,32.0,24.45,148.81,50,0,
393,30,1,17,Delivered,2024-04-18,2024-04-18 12:33:25,347.76,20.0,20.09,69.86,0,1,0
394,277,1,8,Refunded,2025-02-08,2025-02-08 22:16:07,495.03,0.0,20.98,103.86,0,0,
395,382,1,4,Delivered,2024-08-09,2024-08-09 23:29:07,484.89,35.0,22.86,110.85,25,0,
396,326,2,6,Delivered,2024-06-10,2024-06-10 13:19:47,287.25,30.0,16.29,46.79,0,1,0
397,182,2,14,Cancelled,2025-09-10,2025-09-10 19:26:31,359.22,25.0,17.58,63.15,0,1,0
398,390,1,8,Delivered,2024-11-29,2024-11-29 21:45:59,785.49,40.0,20.63,162.05,0,0,
399,168,1,18,Delivered,2025-04-20,2025-04-20 19:05:18,682.13,20.0,23.93,163.23,0,0,
400,52,5,8,Cancelled,2024-03-30,2024-03-30 03:17:00,624.51,40.0,0.0,0.0,50,0,
401,399,1,23,Delivered,2025-06-25,2025-06-25 12:29:38,505.52,20.0,21.62,109.29,20,1,0
402,335,1,14,Delivered,2025-02-10,2025-02-10 21:56:44,691.42,25.0,24.37,168.5,50,1,0
403,403,3,6,Delivered,2024-04-19,2024-04-19 20:00:09,636.31,30.0,19.85,126.31,0,1,0
404,489,2,5,Delivered,2024-11-08,2024-11-08 23:27:56,317.73,22.0,17.08,54.27,20,0,
405,418,1,2,Delivered,2025-02-04,2025-02-04 20:38:40,244.59,28.0,21.18,51.8,30,1,0
406,395,3,6,Delivered,2024-03-06,2024-03-06 11:21:03,538.34,30.0,19.97,107.51,0,1,0
407,271,1,5,Delivered,2025-08-23,2025-08-23 23:51:07,228.2,22.0,21.31,48.63,0,1,0
408,110,5,15,Delivered,2025-03-16,2025-03-16 14:06:26,426.83,22.0,0.0,0.0,0,1,0
409,309,5,30,Delivered,2024-05-28,2024-05-28 13:01:33,473.23,20.0,0.0,0.0,0,1,0
410,62,2,7,Delivered,2024-02-18,2024-02-18 19:48:03,363.72,25.0,16.33,59.4,0,1,0
411,350,5,35,Delivered,2024-05-02,2024-05-02 20:54:13,739.75,38.0,0.0,0.0,20,1,0
412,222,5,15,Delivered,2024-09-11,2024-09-11 22:07:05,454.19,22.0,0.0,0.0,0,1,0
413,315,3,10,Delivered,2025-12-19,2025-12-19 14:30:14,207.96,32.0,17.93,37.29,50,1,0
414,289,3,19,Delivered,2025-10-12,2025-10-12 21:01:31,653.49,20.0,18.0,117.63,20,0,
415,233,5,12,Delivered,2025-09-16,2025-09-16 20:41:10,548.94,27.0,0.0,0.0,50,1,0
416,246,1,1,Delivered,2025-01-20,2025-01-20 19:42:54,152.41,30.0,23.75,36.2,0,1,0
417,471,2,18,Delivered,2025-12-22,2025-12-22 13:56:05,195.66,20.0,17.25,33.75,0,1,0
418,236,2,7,Delivered,2025-09-21,2025-09-21 21:39:17,379.97,25.0,17.82,67.71,0,1,1
419,249,3,12,Delivered,2024-06-16,2024-06-16 12:47:05,559.92,27.0,18.83,105.43,20,1,0
420,383,5,15,Cancelled,2025-07-19,2025-07-19 18:03:53,679.55,22.0,0.0,0.0,0,1,0
421,218,1,2,Cancelled,2024-01-24,2024-01-24 21:28:38,587.44,28.0,24.45,143.63,20,1,1
422,140,2,17,Refunded,2025-12-13,2025-12-13 22:50:47,137.62,20.0,15.35,21.12,5,0,
423,440,4,23,Delivered,2024-05-23,2024-05-23 20:30:01,252.18,20.0,14.25,35.94,20,0,
424,498,5,6,Delivered,2025-03-29,2025-03-29 21:00:10,566.64,30.0,0.0,0.0,20,1,0
425,80,4,2,Delivered,2024-12-08,2024-12-08 09:38:07,625.33,28.0,14.1,88.17,0,1,0
426,208,1,11,Delivered,2025-06-07,2025-06-07 20:36:00,556.63,28.0,24.78,137.93,30,1,0
427,131,1,14,Delivered,2025-09-03,2025-09-03 14:14:20,658.29,25.0,21.2,139.56,20,0,
428,446,1,19,Delivered,2025-01-06,2025-01-06 19:02:42,230.69,20.0,22.7,52.37,0,1,0
429,392,3,35,Delivered,2024-02-24,2024-02-24 09:18:33,606.34,0.0,18.22,110.48,0,0,
430,139,1,1,Delivered,2025-04-29,2025-04-29 21:46:46,611.67,30.0,20.52,125.51,0,1,0
431,485,2,12,Delivered,2024-12-28,2024-12-28 10:40:25,626.81,27.0,17.58,110.19,30,1,0
432,466,1,12,Delivered,2025-08-05,2025-08-05 20:09:45,546.1,27.0,22.62,123.53,0,1,0
433,83,1,10,Delivered,2025-09-21,2025-09-21 19:23:58,420.13,32.0,24.34,102.26,5,1,0
434,490,2,24,Delivered,2025-03-29,2025-03-29 17:15:42,204.26,0.0,15.43,31.52,20,1,0
435,315,2,10,Delivered,2025-04-13,2025-04-13 09:27:40,576.11,32.0,16.92,97.48,0,1,0
436,486,1,25,Delivered,2024-10-16,2024-10-16 13:12:39,301.14,20.0,22.1,66.55,0,1,0
437,368,1,1,Delivered,2025-04-18,2025-04-18 00:22:05,584.58,30.0,22.04,128.84,0,1,0
438,66,3,2,Delivered,2024-10-30,2024-10-30 11:02:32,190.08,28.0,19.35,36.78,0,1,0
439,476,5,9,Delivered,2024-10-26,2024-10-26 20:16:55,778.48,0.0,0.0,0.0,20,0,
440,268,1,10,Delivered,2025-03-03,2025-03-03 02:45:36,627.21,32.0,20.7,129.83,0,1,0
441,55,1,5,Delivered,2025-08-05,2025-08-05 13:26:40,466.6,22.0,21.45,100.09,0,0,
442,30,1,17,Cancelled,2025-03-13,2025-03-13 17:11:30,736.05,20.0,22.66,166.79,0,1,0
443,148,2,8,Delivered,2024-08-30,2024-08-30 12:22:53,807.71,40.0,17.62,142.32,0,0,
444,296,2,2,Delivered,2024-03-06,2024-03-06 19:51:11,564.16,28.0,16.3,91.96,20,1,0
445,448,3,34,Delivered,2024-11-22,2024-11-22 18:44:16,410.1,20.0,19.44,79.72,0,1,1
446,326,1,6,Delivered,2025-04-25,2025-04-25 20:40:50,264.42,30.0,23.39,61.85,10,1,0
447,194,4,16,Delivered,2024-03-30,2024-03-30 21:25:41,365.23,20.0,13.66,49.89,15,1,0
448,419,2,10,Delivered,2024-03-25,2024-03-25 17:12:22,544.32,32.0,17.62,95.91,30,1,0
449,196,1,11,Refunded,2024-11-08,2024-11-08 23:16:17,251.0,28.0,23.64,59.34,30,0,
450,323,1,15,Delivered,2024-04-22,2024-04-22 23:50:59,603.85,22.0,22.48,135.75,30,1,0
451,326,1,6,Delivered,2024-11-24,2024-11-24 12:38:39,557.48,30.0,23.87,133.07,0,1,0
452,466,4,12,Delivered,2025-04-06,2025-04-06 21:55:39,495.16,27.0,12.22,60.51,0,0,
453,471,1,18,Refunded,2024-06-28,2024-06-28 22:32:47,461.75,20.0,20.87,96.37,0,1,0
454,326,1,6,Delivered,2025-08-16,2025-08-16 14:47:55,202.7,30.0,22.31,45.22,10,0,
455,130,1,10,Delivered,2024-12-05,2024-12-05 12:55:21,328.57,32.0,21.94,72.09,25,0,
456,189,2,29,Delivered,2025-03-10,2025-03-10 17:22:35,774.72,0.0,18.0,139.45,0,1,0
457,300,2,30,Cancelled,2025-09-25,2025-09-25 00:21:57,322.92,0.0,15.16,48.95,0,1,0
458,230,1,32,Delivered,2025-07-21,2025-07-21 23:53:46,176.16,20.0,20.28,35.73,5,1,0
459,422,2,9,Cancelled,2025-12-13,2025-12-13 14:49:54,351.15,42.0,17.11,60.08,50,0,
460,148,1,8,Cancelled,2024-07-06,2024-07-06 23:42:32,437.3,40.0,22.67,99.14,0,0,
461,339,5,11,Delivered,2024-05-22,2024-05-22 21:35:15,548.81,28.0,0.0,0.0,20,1,0
462,180,2,5,Delivered,2024-07-05,2024-07-05 17:41:13,126.57,22.0,16.07,20.34,50,1,0
463,326,3,6,Refunded,2025-05-16,2025-05-16 15:09:56,291.36,30.0,18.77,54.69,30,1,1
464,233,2,12,Delivered,2024-11-23,2024-11-23 14:16:22,277.18,27.0,17.17,47.59,0,1,1
465,4,2,13,Delivered,2025-07-21,2025-07-21 23:04:25,621.21,0.0,15.06,93.55,0,0,
466,131,2,14,Delivered,2024-11-27,2024-11-27 23:16:37,197.07,25.0,15.52,30.59,0,0,
467,380,1,7,Delivered,2025-12-13,2025-12-13 22:03:05,487.15,25.0,23.48,114.38,0,1,1
468,280,1,2,Delivered,2024-02-25,2024-02-25 19:52:42,388.76,28.0,23.25,90.39,0,0,
469,22,1,28,Delivered,2025-04-02,2025-04-02 22:25:27,680.24,20.0,20.19,137.34,20,0,
470,113,2,18,Delivered,2025-05-18,2025-05-18 22:14:54,360.26,20.0,15.86,57.14,0,1,0
471,105,1,12,Delivered,2024-12-27,2024-12-27 12:46:04,316.46,27.0,21.38,67.66,0,1,0
472,143,3,7,Delivered,2025-07-18,2025-07-18 12:51:33,239.2,25.0,19.62,46.93,15,1,0
473,163,5,14,Cancelled,2024-03-12,2024-03-12 18:57:42,403.46,25.0,0.0,0.0,0,1,0
474,35,2,10,Delivered,2025-10-11,2025-10-11 19:02:29,436.07,32.0,16.1,70.21,0,1,0
475,57,1,22,Delivered,2024-02-27,2024-02-27 14:13:37,643.67,22.0,21.76,140.06,50,1,0
476,180,1,5,Delivered,2025-08-06,2025-08-06 20:30:51,426.2,22.0,20.51,87.41,0,1,0
477,437,5,4,Delivered,2025-12-16,2025-12-16 14:48:03,700.64,35.0,0.0,0.0,0,0,
478,361,4,2,Delivered,2025-10-19,2025-10-19 10:07:29,200.85,28.0,14.23,28.58,15,0,
479,330,4,13,Delivered,2024-08-27,2024-08-27 23:33:20,321.17,25.0,14.36,46.12,0,1,0
480,195,3,28,Delivered,2024-08-10,2024-08-10 13:44:27,535.04,20.0,17.02,91.06,30,1,1
481,161,1,10,Delivered,2025-05-02,2025-05-02 01:16:16,487.8,32.0,21.05,102.68,0,1,1
482,437,2,4,Delivered,2025-01-08,2025-01-08 22:39:09,420.47,35.0,17.08,71.82,20,0,
483,261,2,8,Delivered,2025-01-15,2025-01-15 22:24:33,550.87,40.0,16.12,88.8,0,1,0
484,41,1,9,Delivered,2025-10-17,2025-10-17 01:26:28,237.17,42.0,21.22,50.33,0,0,
485,391,4,20,Delivered,2024-07-11,2024-07-11 22:04:18,474.77,0.0,14.72,69.89,5,1,0
486,250,2,1,Refunded,2024-05-31,2024-05-31 22:33:54,328.86,30.0,17.53,57.65,10,0,
487,298,1,19,Delivered,2024-02-02,2024-02-02 23:16:37,632.26,20.0,23.17,146.49,20,0,
488,471,1,18,Delivered,2025-05-30,2025-05-30 23:18:22,642.5,20.0,24.95,160.3,20,0,
489,192,5,7,Delivered,2024-03-26,2024-03-26 17:25:37,174.73,25.0,0.0,0.0,0,1,0
490,478,1,5,Delivered,2025-11-13,2025-11-13 13:30:03,495.85,22.0,23.45,116.28,0,1,0
491,427,1,6,Delivered,2025-09-09,2025-09-09 09:47:55,569.66,30.0,22.22,126.58,0,1,0
492,169,2,10,Delivered,2025-12-21,2025-12-21 11:58:19,545.79,32.0,15.56,84.92,30,0,
493,115,5,1,Delivered,2025-05-11,2025-05-11 21:33:23,345.45,30.0,0.0,0.0,0,0,
494,10,1,1,Delivered,2025-05-01,2025-05-01 19:29:08,422.55,30.0,20.29,85.74,0,0,
495,25,2,16,Delivered,2025-05-20,2025-05-20 20:06:24,504.79,20.0,15.97,80.61,0,1,0
496,366,1,5,Delivered,2025-06-05,2025-06-05 17:00:11,203.06,22.0,22.75,46.2,0,1,0
497,116,5,1,Delivered,2025-10-24,2025-10-24 18:00:20,639.22,30.0,0.0,0.0,0,1,0
498,195,1,28,Delivered,2025-02-17,2025-02-17 12:59:33,211.83,20.0,20.19,42.77,25,1,0
499,359,5,3,Delivered,2025-02-17,2025-02-17 20:01:30,897.25,45.0,0.0,0.0,0,0,
500,233,3,12,Delivered,2025-10-13,2025-10-13 09:42:47,423.41,27.0,19.9,84.26,0,1,0
501,47,1,10,Delivered,2025-07-24,2025-07-24 13:55:29,823.38,32.0,24.65,202.96,0,1,0
502,319,1,6,Cancelled,2025-11-20,2025-11-20 00:03:50,148.84,30.0,20.88,31.08,0,1,0
503,170,1,2,Delivered,2025-04-25,2025-04-25 15:34:03,284.79,28.0,22.46,63.96,15,1,0
504,426,1,1,Delivered,2025-12-03,2025-12-03 19:35:27,473.71,30.0,24.13,114.31,30,1,0
505,131,1,14,Delivered,2024-10-25,2024-10-25 19:43:08,468.25,25.0,20.14,94.31,0,1,0
506,303,3,5,Delivered,2025-09-09,2025-09-09 12:47:00,326.6,22.0,18.5,60.42,10,1,0
507,194,5,16,Delivered,2024-03-04,2024-03-04 13:14:22,501.76,20.0,0.0,0.0,0,0,
508,453,5,16,Delivered,2025-07-07,2025-07-07 23:43:19,302.56,20.0,0.0,0.0,0,1,1
509,485,4,12,Delivered,2024-12-13,2024-12-13 21:29:04,484.66,27.0,13.5,65.43,0,1,0
510,352,3,5,Delivered,2025-12-20,2025-12-20 14:11:10,122.2,22.0,17.54,21.43,0,1,0
511,189,4,29,Pending,2025-07-07,2025-07-07 23:18:30,396.24,20.0,12.48,49.45,15,1,1
512,412,5,14,Delivered,2024-11-30,2024-11-30 10:44:49,303.55,25.0,0.0,0.0,15,1,0
513,201,5,10,Delivered,2024-07-15,2024-07-15 20:12:57,428.22,32.0,0.0,0.0,0,0,
514,159,1,3,Delivered,2025-07-04,2025-07-04 23:54:10,639.79,45.0,20.74,132.69,20,1,0
515,396,5,13,Delivered,2025-07-17,2025-07-17 17:55:05,374.47,25.0,0.0,0.0,0,1,1
516,170,1,2,Cancelled,2025-03-05,2025-03-05 22:21:13,391.53,0.0,21.95,85.94,0,1,0
517,489,1,5,Cancelled,2025-03-23,2025-03-23 18:26:57,218.51,22.0,20.38,44.53,0,1,0
518,200,3,31,Delivered,2025-08-03,2025-08-03 13:15:24,240.93,20.0,19.46,46.88,20,1,0
519,163,2,14,Delivered,2025-05-02,2025-05-02 12:08:27,632.27,25.0,16.08,101.67,0,1,0
520,485,4,12,Delivered,2025-06-04,2025-06-04 19:08:29,370.87,27.0,13.49,50.03,0,0,
521,171,1,7,Delivered,2024-09-04,2024-09-04 19:32:43,395.53,25.0,21.67,85.71,10,1,1
522,423,2,10,Delivered,2025-10-13,2025-10-13 22:56:34,439.26,32.0,16.28,71.51,50,1,0
523,31,1,5,Delivered,2024-12-18,2024-12-18 21:31:11,494.07,22.0,21.4,105.73,10,1,0
524,479,5,5,Delivered,2025-04-03,2025-04-03 17:47:38,153.32,22.0,0.0,0.0,0,1,0
525,144,1,8,Cancelled,2024-10-12,2024-10-12 21:17:01,824.92,40.0,22.99,189.65,50,0,
526,246,2,1,Refunded,2025-06-22,2025-06-22 20:20:30,535.99,30.0,16.24,87.04,0,0,
527,129,2,31,Delivered,2024-12-21,2024-12-21 11:37:39,210.07,20.0,16.47,34.6,0,1,0
528,293,2,28,Delivered,2024-09-24,2024-09-24 13:27:58,255.17,20.0,17.71,45.19,0,1,0
529,469,3,35,Delivered,2025-01-13,2025-01-13 22:16:49,277.29,38.0,17.95,49.77,25,1,0
530,49,5,3,Delivered,2025-02-04,2025-02-04 21:34:54,871.87,45.0,0.0,0.0,0,0,
531,127,1,22,Delivered,2024-03-18,2024-03-18 22:26:03,279.62,22.0,23.3,65.15,0,1,0
532,456,3,1,Cancelled,2025-04-25,2025-04-25 21:34:10,406.1,30.0,18.47,75.01,0,0,
533,234,1,4,Delivered,2025-04-08,2025-04-08 10:46:02,545.57,35.0,21.81,118.99,20,0,
534,18,1,28,Delivered,2024-10-17,2024-10-17 23:46:38,292.4,20.0,20.13,58.86,0,0,
535,285,2,3,Delivered,2025-07-19,2025-07-19 12:27:31,570.72,45.0,16.64,94.97,0,1,0
536,279,2,3,Delivered,2024-01-20,2024-01-20 20:11:16,449.2,45.0,15.44,69.36,0,0,
537,382,2,4,Delivered,2025-05-20,2025-05-20 22:51:20,275.17,35.0,16.89,46.48,0,0,
538,413,4,4,Delivered,2025-02-18,2025-02-18 20:30:28,766.2,35.0,14.53,111.33,0,1,0
539,475,5,13,Delivered,2025-04-07,2025-04-07 12:29:41,296.58,25.0,0.0,0.0,0,0,
540,9,1,5,Delivered,2025-12-05,2025-12-05 18:56:08,443.4,22.0,20.96,92.94,10,1,0
541,350,1,35,Delivered,2025-03-27,2025-03-27 11:58:07,667.74,38.0,24.76,165.33,50,1,0
542,372,2,13,Delivered,2024-10-25,2024-10-25 17:22:04,610.21,25.0,16.05,97.94,0,0,
543,338,1,4,Delivered,2024-05-25,2024-05-25 20:20:25,448.92,35.0,24.01,107.79,0,1,0
544,264,1,3,Delivered,2024-10-31,2024-10-31 23:20:53,577.19,45.0,24.29,140.2,20,1,0
545,500,1,18,Delivered,2025-05-18,2025-05-18 20:11:26,616.23,20.0,21.34,131.5,0,1,0
546,478,1,5,Delivered,2025-10-31,2025-10-31 17:37:24,430.26,22.0,22.1,95.09,0,1,1
547,94,1,12,Delivered,2025-04-20,2025-04-20 13:11:17,146.29,27.0,22.26,32.56,50,1,0
548,265,3,35,Delivered,2024-06-20,2024-06-20 19:54:54,584.9,38.0,15.05,88.03,0,0,
549,297,3,11,Delivered,2024-08-15,2024-08-15 13:51:49,146.63,28.0,16.05,23.53,0,0,
550,377,1,11,Cancelled,2024-06-26,2024-06-26 10:37:50,309.25,28.0,23.9,73.91,0,1,1
551,284,5,5,Delivered,2024-10-01,2024-10-01 13:47:46,491.41,22.0,0.0,0.0,0,1,1
552,405,2,11,Delivered,2025-07-17,2025-07-17 19:21:00,611.42,28.0,16.74,102.35,30,1,0
553,475,1,13,Delivered,2025-08-26,2025-08-26 12:56:23,256.36,25.0,24.44,62.65,0,1,0
554,382,1,4,Refunded,2024-01-30,2024-01-30 22:18:23,727.98,35.0,23.03,167.65,0,1,0
555,338,1,4,Delivered,2024-11-20,2024-11-20 23:09:03,770.35,35.0,21.7,167.17,20,0,
556,474,1,1,Delivered,2024-11-17,2024-11-17 12:57:18,604.41,30.0,20.62,124.63,50,1,0
557,421,3,3,Delivered,2025-02-27,2025-02-27 20:03:58,724.15,45.0,17.27,125.06,20,0,
558,209,1,21,Delivered,2025-05-09,2025-05-09 21:15:28,412.46,20.0,20.47,84.43,50,0,
559,84,5,16,Delivered,2025-11-26,2025-11-26 21:46:08,362.76,20.0,0.0,0.0,5,1,1
560,288,3,8,Delivered,2024-01-02,2024-01-02 21:45:11,353.65,40.0,18.35,64.89,0,0,
561,270,3,5,Delivered,2024-01-11,2024-01-11 19:10:40,287.72,22.0,19.91,57.29,0,1,0
562,146,1,14,Delivered,2024-12-22,2024-12-22 12:23:39,635.08,25.0,22.38,142.13,0,1,0
563,437,3,4,Pending,2024-07-03,2024-07-03 13:54:05,348.87,35.0,17.48,60.98,5,0,
564,415,2,15,Delivered,2025-11-17,2025-11-17 22:56:44,175.07,22.0,16.1,28.19,20,1,0
565,402,1,3,Delivered,2024-06-28,2024-06-28 23:01:08,333.8,0.0,21.88,73.04,50,0,
566,110,2,15,Delivered,2025-04-17,2025-04-17 00:30:10,326.49,22.0,17.06,55.7,0,0,
567,170,2,2,Delivered,2025-07-15,2025-07-15 19:41:35,314.66,0.0,16.98,53.43,25,1,0
568,227,1,12,Delivered,2024-04-19,2024-04-19 21:36:34,190.52,27.0,23.11,44.03,0,1,0
569,31,5,5,Delivered,2024-03-24,2024-03-24 18:50:21,670.55,22.0,0.0,0.0,50,1,1
570,133,1,6,Delivered,2025-09-10,2025-09-10 21:05:15,222.59,30.0,24.64,54.85,20,0,
571,415,2,15,Delivered,2025-05-24,2025-05-24 20:04:16,199.68,22.0,15.18,30.31,5,1,0
572,107,3,1,Delivered,2024-03-10,2024-03-10 22:12:06,280.63,30.0,17.36,48.72,10,1,0
573,203,5,33,Delivered,2024-03-28,2024-03-28 21:37:13,429.3,20.0,0.0,0.0,20,1,0
574,195,1,28,Delivered,2024-03-24,2024-03-24 12:03:12,258.04,0.0,21.77,56.18,20,1,0
575,474,1,1,Delivered,2025-06-04,2025-06-04 23:21:27,220.66,30.0,21.06,46.47,0,1,0
576,168,5,18,Delivered,2025-10-24,2025-10-24 21:17:43,216.24,20.0,0.0,0.0,0,1,0
577,255,1,3,Delivered,2025-05-15,2025-05-15 16:10:36,567.87,45.0,23.97,136.12,0,0,
578,96,4,7,Delivered,2025-09-17,2025-09-17 20:33:28,383.77,25.0,14.06,53.96,20,1,0
579,210,2,2,Delivered,2024-12-20,2024-12-20 12:17:02,147.96,28.0,17.61,26.06,0,1,0
580,437,2,4,Delivered,2025-10-02,2025-10-02 01:08:55,265.44,35.0,15.06,39.98,0,0,
581,133,1,6,Delivered,2024-03-08,2024-03-08 19:25:08,225.19,30.0,24.23,54.56,20,1,0
582,282,1,12,Delivered,2025-03-15,2025-03-15 18:45:37,455.38,0.0,20.63,93.94,0,0,
583,265,5,35,Delivered,2025-09-28,2025-09-28 10:10:14,588.63,38.0,0.0,0.0,0,1,0
584,497,1,2,Delivered,2025-12-04,2025-12-04 20:31:40,141.93,28.0,21.35,30.3,10,0,
585,110,1,15,Delivered,2024-03-01,2024-03-01 01:57:45,226.45,22.0,23.61,53.46,5,0,
586,233,4,12,Delivered,2025-08-31,2025-08-31 14:30:12,662.55,27.0,13.43,88.98,50,1,0
587,461,3,32,Delivered,2025-03-13,2025-03-13 13:14:07,394.52,20.0,16.14,63.68,0,1,0
588,435,2,30,Delivered,2025-04-09,2025-04-09 13:01:29,638.46,20.0,15.31,97.75,50,1,0
589,274,1,32,Delivered,2025-11-15,2025-11-15 19:27:41,664.97,20.0,24.59,163.52,50,1,1
590,444,1,10,Delivered,2024-04-20,2024-04-20 12:50:26,283.52,32.0,20.48,58.06,30,1,0
591,133,2,6,Delivered,2025-05-16,2025-05-16 17:40:42,316.12,30.0,17.05,53.9,0,1,0
592,148,1,8,Delivered,2025-02-26,2025-02-26 21:49:33,254.61,40.0,21.41,54.51,20,1,0
593,290,1,1,Refunded,2025-05-02,2025-05-02 13:52:59,413.43,30.0,20.43,84.46,0,1,0
594,134,1,5,Delivered,2024-02-28,2024-02-28 13:24:11,428.76,22.0,24.83,106.46,0,0,
595,73,3,1,Delivered,2024-11-02,2024-11-02 14:21:37,239.71,30.0,17.98,43.1,15,0,
596,251,1,1,Refunded,2025-05-05,2025-05-05 21:08:23,319.82,0.0,22.79,72.89,0,1,0
597,209,1,21,Delivered,2025-08-28,2025-08-28 23:15:05,307.85,20.0,21.62,66.56,0,1,0
598,423,1,10,Delivered,2025-12-07,2025-12-07 20:37:16,637.51,32.0,21.43,136.62,0,1,0
599,25,1,16,Delivered,2024-06-22,2024-06-22 14:14:35,496.69,20.0,21.17,105.15,0,0,
600,415,1,15,Delivered,2025-01-03,2025-01-03 20:44:45,144.22,22.0,24.77,35.72,0,0,
601,233,4,12,Delivered,2024-01-07,2024-01-07 22:38:19,477.02,27.0,14.74,70.31,0,1,0
602,85,2,5,Delivered,2025-06-10,2025-06-10 20:52:28,203.84,22.0,16.74,34.12,0,1,1
603,487,1,6,Delivered,2025-01-30,2025-01-30 18:56:02,319.21,0.0,22.32,71.25,20,0,
604,129,3,31,Cancelled,2024-06-08,2024-06-08 14:30:04,126.73,20.0,16.23,20.57,0,1,0
605,172,5,24,Cancelled,2025-11-05,2025-11-05 12:06:00,698.69,20.0,0.0,0.0,0,1,0
606,423,2,10,Delivered,2024-11-13,2024-11-13 14:57:31,385.36,32.0,17.29,66.63,0,1,0
607,259,1,35,Delivered,2025-10-01,2025-10-01 12:29:27,856.47,38.0,21.45,183.71,50,1,0
608,18,2,28,Delivered,2024-02-03,2024-02-03 13:42:57,499.88,20.0,16.88,84.38,0,0,
609,21,5,3,Cancelled,2025-09-10,2025-09-10 21:20:58,703.51,45.0,0.0,0.0,30,0,
610,401,1,9,Delivered,2025-03-21,2025-03-21 13:19:05,564.52,42.0,23.4,132.1,0,1,0
611,23,1,11,Delivered,2025-12-15,2025-12-15 23:41:56,584.24,28.0,23.48,137.18,20,1,0
612,403,1,6,Delivered,2024-07-18,2024-07-18 23:18:31,344.66,30.0,21.26,73.27,0,0,
613,487,3,6,Delivered,2025-09-18,2025-09-18 19:44:12,377.5,30.0,18.59,70.18,0,0,
614,293,1,28,Delivered,2025-03-06,2025-03-06 18:16:35,176.62,0.0,22.25,39.3,0,0,
615,395,1,6,Delivered,2025-12-29,2025-12-29 22:34:43,375.56,30.0,24.93,93.63,0,1,0
616,127,1,22,Delivered,2025-02-04,2025-02-04 21:24:12,645.58,22.0,20.18,130.28,0,1,0
617,432,3,2,Delivered,2024-09-16,2024-09-16 19:41:02,323.66,28.0,18.39,59.52,15,1,0
618,475,2,13,Pending,2025-12-29,2025-12-29 22:25:55,161.79,25.0,15.56,25.17,0,1,0
619,284,2,5,Delivered,2025-05-15,2025-05-15 00:22:45,446.67,22.0,15.68,70.04,0,1,0
620,369,5,34,Delivered,2024-01-25,2024-01-25 19:27:28,222.27,20.0,0.0,0.0,0,1,1
621,210,3,2,Delivered,2024-03-15,2024-03-15 18:11:45,632.98,0.0,15.17,96.02,20,0,
622,349,3,2,Delivered,2024-10-23,2024-10-23 20:59:25,290.63,28.0,17.38,50.51,20,1,0
623,147,1,13,Refunded,2024-09-20,2024-09-20 23:27:23,584.06,25.0,23.56,137.6,0,1,1
624,80,1,2,Delivered,2025-01-01,2025-01-01 19:22:27,665.28,28.0,22.38,148.89,0,1,0
625,486,1,25,Delivered,2024-03-08,2024-03-08 20:14:57,424.8,20.0,22.14,94.05,25,0,
626,323,1,15,Delivered,2024-03-13,2024-03-13 18:00:31,436.66,22.0,24.47,106.85,0,0,
627,476,1,9,Delivered,2024-05-05,2024-05-05 21:08:43,553.2,42.0,22.55,124.75,0,0,
628,384,2,13,Delivered,2025-10-04,2025-10-04 19:45:47,436.02,0.0,17.7,77.18,0,1,0
629,437,1,4,Delivered,2025-05-13,2025-05-13 20:52:46,243.75,35.0,21.69,52.87,25,1,0
630,134,5,5,Delivered,2024-11-23,2024-11-23 21:11:34,369.32,0.0,0.0,0.0,0,1,0
631,50,1,1,Delivered,2025-03-28,2025-03-28 21:02:06,631.27,30.0,23.93,151.06,0,1,0
632,441,3,10,Refunded,2025-06-18,2025-06-18 22:28:10,684.42,32.0,15.95,109.16,0,0,
633,306,4,10,Delivered,2025-01-04,2025-01-04 13:07:18,898.81,32.0,14.5,130.33,20,0,
634,134,1,5,Delivered,2025-12-20,2025-12-20 23:06:51,314.72,22.0,21.06,66.28,30,1,0
635,279,1,3,Cancelled,2024-07-05,2024-07-05 23:58:44,553.02,45.0,24.31,134.44,0,1,0
636,95,2,24,Delivered,2025-05-19,2025-05-19 12:02:52,139.91,20.0,15.87,22.2,50,1,0
637,95,5,24,Delivered,2024-10-22,2024-10-22 22:21:01,231.18,20.0,0.0,0.0,5,1,0
638,290,5,1,Delivered,2024-10-08,2024-10-08 19:31:16,210.75,30.0,0.0,0.0,10,1,0
639,8,3,4,Delivered,2025-10-11,2025-10-11 22:22:35,852.26,35.0,16.37,139.51,30,0,
640,282,5,12,Delivered,2024-04-17,2024-04-17 19:15:05,511.81,27.0,0.0,0.0,50,0,
641,66,1,2,Delivered,2025-09-11,2025-09-11 23:36:45,639.77,28.0,22.67,145.04,0,1,0
642,155,2,24,Delivered,2024-09-06,2024-09-06 18:16:34,370.65,20.0,16.85,62.45,0,1,0
643,354,5,5,Delivered,2024-07-19,2024-07-19 14:14:48,353.05,0.0,0.0,0.0,0,1,0
644,338,1,4,Delivered,2025-01-26,2025-01-26 20:18:09,478.69,35.0,22.35,106.99,50,1,0
645,17,2,6,Delivered,2024-10-10,2024-10-10 16:35:10,409.1,30.0,15.94,65.21,0,1,0
646,201,3,10,Delivered,2024-02-28,2024-02-28 20:08:14,488.08,32.0,19.03,92.88,0,0,
647,201,5,10,Delivered,2025-01-07,2025-01-07 20:03:33,311.51,32.0,0.0,0.0,30,0,
648,185,5,24,Delivered,2025-09-27,2025-09-27 14:46:40,202.88,20.0,0.0,0.0,15,1,0
649,109,2,11,Delivered,2025-12-28,2025-12-28 22:02:44,531.43,28.0,15.17,80.62,0,1,0
650,303,5,5,Delivered,2024-08-12,2024-08-12 23:17:06,308.65,22.0,0.0,0.0,0,1,0
651,455,4,10,Delivered,2025-12-16,2025-12-16 14:22:14,859.67,32.0,13.94,119.84,0,1,0
652,391,3,20,Cancelled,2024-11-16,2024-11-16 19:02:47,385.04,22.0,18.39,70.81,0,0,
653,148,3,8,Delivered,2024-10-14,2024-10-14 20:49:59,705.43,40.0,16.74,118.09,20,1,0
654,323,3,15,Refunded,2025-11-30,2025-11-30 13:57:44,644.58,22.0,15.25,98.3,0,0,
655,442,2,2,Delivered,2024-03-19,2024-03-19 18:33:16,560.89,28.0,17.2,96.47,0,0,
656,323,3,15,Refunded,2024-01-30,2024-01-30 23:12:46,578.9,22.0,17.6,101.89,50,1,1
657,246,3,1,Delivered,2024-03-01,2024-03-01 23:06:38,417.78,30.0,16.87,70.48,20,1,0
658,84,5,16,Cancelled,2024-03-28,2024-03-28 17:30:31,484.76,20.0,0.0,0.0,0,1,0
659,17,2,6,Cancelled,2025-12-15,2025-12-15 19:25:32,557.39,30.0,17.63,98.27,0,1,0
660,312,1,6,Pending,2025-07-20,2025-07-20 19:11:35,219.86,30.0,23.32,51.27,20,1,0
661,360,3,17,Delivered,2025-01-10,2025-01-10 01:29:21,462.08,20.0,19.42,89.74,0,1,0
662,289,1,19,Delivered,2025-02-13,2025-02-13 13:32:20,482.81,20.0,21.98,106.12,0,1,0
663,465,5,13,Delivered,2025-04-05,2025-04-05 21:16:40,450.25,25.0,0.0,0.0,0,1,0
664,19,3,2,Delivered,2025-07-10,2025-07-10 15:37:37,277.53,28.0,15.11,41.93,30,0,
665,401,1,9,Refunded,2024-07-15,2024-07-15 17:24:07,529.45,0.0,24.47,129.56,0,0,
666,323,1,15,Delivered,2025-11-22,2025-11-22 21:02:30,488.11,22.0,21.72,106.02,0,0,
667,84,1,16,Delivered,2024-10-21,2024-10-21 22:00:22,633.64,20.0,20.55,130.21,30,1,0
668,131,3,14,Refunded,2025-01-14,2025-01-14 12:14:21,623.37,25.0,17.47,108.9,0,0,
669,203,5,33,Delivered,2024-10-04,2024-10-04 23:44:38,484.73,20.0,0.0,0.0,0,1,1
670,115,2,1,Delivered,2024-09-06,2024-09-06 22:43:18,218.03,30.0,15.39,33.55,0,0,
671,456,3,1,Pending,2024-08-21,2024-08-21 21:56:07,475.54,30.0,17.29,82.22,0,0,
672,292,1,10,Cancelled,2024-10-04,2024-10-04 01:17:59,327.41,32.0,23.98,78.51,0,1,0
673,132,1,29,Cancelled,2024-11-08,2024-11-08 01:51:31,201.0,20.0,22.03,44.28,10,0,
674,110,1,15,Delivered,2024-07-15,2024-07-15 20:53:12,285.5,22.0,24.9,71.09,30,1,0
675,145,1,9,Delivered,2025-12-03,2025-12-03 21:05:43,669.98,42.0,22.67,151.88,20,0,
676,369,5,34,Delivered,2025-02-17,2025-02-17 14:18:01,531.64,20.0,0.0,0.0,0,1,1
677,53,3,2,Delivered,2025-03-24,2025-03-24 18:57:17,477.32,28.0,16.86,80.48,0,1,0
678,311,5,10,Refunded,2025-01-28,2025-01-28 14:21:27,646.19,32.0,0.0,0.0,0,1,0
679,60,5,1,Delivered,2025-08-28,2025-08-28 17:31:56,181.44,30.0,0.0,0.0,0,1,0
680,166,1,12,Cancelled,2025-03-27,2025-03-27 18:31:36,761.37,0.0,20.1,153.04,0,0,
681,382,2,4,Delivered,2024-04-21,2024-04-21 19:36:42,402.87,35.0,17.28,69.62,0,0,
682,492,1,11,Delivered,2024-09-18,2024-09-18 10:00:54,294.86,28.0,22.68,66.87,20,1,0
683,466,4,12,Delivered,2025-11-07,2025-11-07 16:45:31,145.94,27.0,13.59,19.83,0,1,1
684,360,2,17,Delivered,2025-12-04,2025-12-04 21:05:20,305.61,20.0,15.32,46.82,0,1,0
685,140,5,17,Delivered,2024-11-28,2024-11-28 16:25:23,351.7,20.0,0.0,0.0,0,1,0
686,330,2,13,Delivered,2024-04-02,2024-04-02 12:48:31,411.87,0.0,17.85,73.52,0,1,0
687,382,1,4,Delivered,2025-08-31,2025-08-31 22:08:33,630.02,35.0,20.71,130.48,50,0,
688,166,1,12,Delivered,2025-09-03,2025-09-03 22:32:16,268.5,27.0,24.51,65.81,25,1,0
689,21,3,3,Delivered,2025-04-18,2025-04-18 12:51:54,204.06,0.0,16.31,33.28,20,1,0
690,360,4,17,Delivered,2024-03-05,2024-03-05 12:39:04,131.65,20.0,14.85,19.55,0,1,0
691,242,2,25,Delivered,2025-04-24,2025-04-24 17:55:32,408.47,20.0,16.88,68.95,0,1,0
692,450,1,19,Delivered,2024-04-11,2024-04-11 00:26:25,442.5,20.0,20.38,90.18,0,0,
693,107,1,1,Delivered,2024-11-06,2024-11-06 22:23:30,451.0,30.0,21.66,97.69,0,0,
694,59,1,18,Delivered,2025-03-05,2025-03-05 03:59:36,622.3,0.0,21.0,130.68,0,1,0
695,398,1,7,Delivered,2024-05-22,2024-05-22 20:26:09,407.18,25.0,23.32,94.95,0,0,
696,92,3,29,Cancelled,2025-10-15,2025-10-15 21:40:58,387.0,20.0,16.49,63.82,0,1,0
697,437,2,4,Delivered,2024-06-28,2024-06-28 14:28:25,323.54,35.0,15.76,50.99,0,1,0
698,387,2,9,Delivered,2024-09-20,2024-09-20 19:23:26,323.06,42.0,16.32,52.72,10,1,0
699,492,1,11,Delivered,2024-09-11,2024-09-11 23:28:08,312.55,28.0,21.1,65.95,0,0,
700,35,1,10,Delivered,2025-05-20,2025-05-20 20:13:54,406.73,32.0,24.72,100.54,0,0,
701,469,2,35,Delivered,2024-11-14,2024-11-14 12:18:39,399.54,38.0,17.41,69.56,0,1,0
702,286,1,34,Delivered,2024-01-04,2024-01-04 01:28:11,440.11,20.0,23.56,103.69,0,0,
703,126,1,9,Delivered,2025-04-22,2025-04-22 19:01:41,773.28,42.0,22.86,176.77,30,0,
704,173,1,7,Delivered,2024-12-15,2024-12-15 20:39:50,208.83,25.0,20.67,43.17,0,0,
705,485,5,12,Delivered,2025-07-14,2025-07-14 20:15:31,434.39,27.0,0.0,0.0,20,1,0
706,119,2,10,Delivered,2025-01-29,2025-01-29 13:41:49,550.43,32.0,17.99,99.02,30,0,
707,441,1,10,Delivered,2025-04-18,2025-04-18 21:53:31,551.3,32.0,24.94,137.49,30,1,0
708,439,5,20,Cancelled,2024-07-12,2024-07-12 17:34:40,246.27,22.0,0.0,0.0,0,0,
709,145,1,9,Delivered,2025-09-23,2025-09-23 21:50:25,777.82,42.0,24.7,192.12,0,0,
710,233,5,12,Delivered,2025-09-21,2025-09-21 12:27:20,305.87,0.0,0.0,0.0,0,1,0
711,104,1,10,Delivered,2024-11-21,2024-11-21 14:32:04,838.54,32.0,23.03,193.12,0,1,0
712,134,1,5,Cancelled,2024-04-16,2024-04-16 10:02:18,246.39,22.0,23.14,57.01,0,1,0
713,383,5,15,Delivered,2025-05-05,2025-05-05 13:21:03,177.26,22.0,0.0,0.0,10,1,0
714,80,1,2,Delivered,2024-11-27,2024-11-27 21:59:31,399.74,28.0,22.15,88.54,20,0,
715,49,1,3,Delivered,2025-09-19,2025-09-19 19:00:11,846.82,45.0,22.97,194.51,50,1,0
716,437,2,4,Delivered,2025-09-17,2025-09-17 14:25:59,867.33,35.0,17.35,150.48,0,0,
717,372,1,13,Delivered,2025-12-28,2025-12-28 20:26:30,220.26,25.0,20.77,45.75,0,1,0
718,479,1,5,Delivered,2024-01-02,2024-01-02 23:47:17,236.31,22.0,22.53,53.24,0,0,
719,236,3,7,Delivered,2024-08-25,2024-08-25 23:31:21,238.13,25.0,18.56,44.2,0,0,
720,173,3,7,Delivered,2024-09-02,2024-09-02 13:24:48,341.38,25.0,19.43,66.33,0,1,0
721,404,1,35,Pending,2024-02-13,2024-02-13 12:58:36,429.43,38.0,22.46,96.45,5,1,0
722,426,5,1,Delivered,2025-01-23,2025-01-23 20:31:12,648.64,30.0,0.0,0.0,50,1,1
723,405,4,11,Delivered,2024-05-09,2024-05-09 00:54:55,323.15,0.0,13.3,42.98,5,0,
724,180,5,5,Delivered,2025-07-28,2025-07-28 19:32:30,312.29,22.0,0.0,0.0,0,1,0
725,500,2,18,Delivered,2024-01-26,2024-01-26 01:58:50,268.88,20.0,16.37,44.02,50,0,
726,356,2,1,Delivered,2025-06-02,2025-06-02 22:31:01,411.04,30.0,17.25,70.9,0,1,0
727,394,1,9,Delivered,2025-12-03,2025-12-03 19:54:22,504.34,42.0,23.33,117.66,0,1,0
728,107,1,1,Delivered,2025-03-05,2025-03-05 13:37:15,204.53,30.0,22.62,46.26,0,0,
729,374,1,11,Delivered,2024-04-09,2024-04-09 17:20:55,462.04,28.0,24.62,113.75,10,1,0
730,450,1,19,Delivered,2024-12-06,2024-12-06 17:16:19,541.66,20.0,20.17,109.25,0,0,
731,34,2,8,Delivered,2024-03-09,2024-03-09 13:43:19,854.07,40.0,17.18,146.73,0,0,
732,22,5,28,Delivered,2024-07-12,2024-07-12 21:54:10,609.16,20.0,0.0,0.0,30,1,0
733,300,5,30,Refunded,2024-05-11,2024-05-11 12:27:31,554.2,20.0,0.0,0.0,0,0,
734,131,1,14,Cancelled,2025-04-06,2025-04-06 19:07:33,509.57,25.0,20.04,102.12,0,1,0
735,185,1,24,Delivered,2025-08-25,2025-08-25 13:39:54,453.33,20.0,21.5,97.47,50,0,
736,482,2,2,Delivered,2025-06-16,2025-06-16 12:59:13,659.62,28.0,17.73,116.95,0,0,
737,195,1,28,Delivered,2024-09-06,2024-09-06 20:55:49,493.46,20.0,21.87,107.92,0,1,0
738,473,1,14,Delivered,2024-09-16,2024-09-16 20:11:59,584.64,25.0,23.46,137.16,20,1,1
739,280,1,2,Rejected,2025-04-26,2025-04-26 12:27:28,622.64,28.0,23.1,143.83,0,1,0
740,48,3,5,Delivered,2025-04-01,2025-04-01 20:42:28,620.19,22.0,18.91,117.28,50,0,
741,398,3,7,Delivered,2024-11-15,2024-11-15 14:43:46,266.92,25.0,15.28,40.79,25,1,0
742,498,5,6,Delivered,2024-04-25,2024-04-25 22:30:42,304.29,30.0,0.0,0.0,0,1,0
743,331,1,7,Delivered,2025-07-26,2025-07-26 18:07:23,467.0,25.0,23.59,110.17,10,1,0
744,359,1,3,Delivered,2024-11-29,2024-11-29 13:22:02,560.42,45.0,23.62,132.37,0,0,
745,66,2,2,Delivered,2024-11-11,2024-11-11 19:09:41,337.33,28.0,15.37,51.85,25,0,
746,304,5,3,Refunded,2024-11-15,2024-11-15 00:13:32,477.85,45.0,0.0,0.0,0,0,
747,175,1,4,Delivered,2025-01-14,2025-01-14 12:20:59,802.57,35.0,22.05,176.97,30,0,
748,93,1,6,Cancelled,2025-09-10,2025-09-10 20:37:29,198.34,30.0,20.74,41.14,0,0,
749,331,4,7,Delivered,2024-05-22,2024-05-22 14:56:10,180.78,25.0,12.23,22.11,50,1,0
750,185,5,24,Rejected,2025-06-06,2025-06-06 23:27:50,1088.5,20.0,0.0,0.0,0,1,0
751,313,2,5,Delivered,2024-09-29,2024-09-29 23:41:22,496.89,22.0,16.84,83.68,10,1,0
752,13,1,9,Delivered,2024-06-17,2024-06-17 23:51:29,1121.56,42.0,24.84,278.6,0,1,0
753,1,4,2,Delivered,2025-05-22,2025-05-22 13:36:22,457.64,28.0,12.89,58.99,0,1,0
754,182,1,14,Delivered,2025-08-20,2025-08-20 12:42:35,441.71,25.0,24.9,109.99,10,1,0
755,252,1,21,Delivered,2024-09-04,2024-09-04 09:14:08,358.76,20.0,23.71,85.06,0,1,1
756,314,4,5,Delivered,2025-07-31,2025-07-31 20:04:02,290.55,22.0,14.38,41.78,0,1,0
757,489,3,5,Delivered,2024-10-24,2024-10-24 19:19:18,400.1,22.0,18.96,75.86,20,1,0
758,76,4,15,Delivered,2024-11-21,2024-11-21 20:33:21,648.87,22.0,13.38,86.82,0,0,
759,185,2,24,Pending,2024-01-30,2024-01-30 14:59:09,212.19,20.0,17.86,37.9,50,1,0
760,136,2,5,Delivered,2024-03-28,2024-03-28 11:13:24,379.57,22.0,16.99,64.49,0,0,
761,386,1,3,Cancelled,2024-03-11,2024-03-11 17:40:00,434.06,45.0,21.44,93.06,0,0,
762,320,2,35,Delivered,2024-11-15,2024-11-15 12:17:54,620.67,38.0,16.97,105.33,0,1,0
763,180,2,5,Delivered,2024-08-16,2024-08-16 19:01:07,359.79,22.0,16.12,58.0,0,1,0
764,449,2,1,Delivered,2024-12-06,2024-12-06 22:43:46,162.05,30.0,16.94,27.45,50,1,0
765,134,1,5,Delivered,2025-06-02,2025-06-02 12:24:51,191.93,22.0,23.63,45.35,0,1,0
766,134,5,5,Delivered,2025-07-10,2025-07-10 13:10:33,429.78,22.0,0.0,0.0,0,0,
767,84,2,16,Delivered,2024-03-10,2024-03-10 13:33:45,632.39,20.0,15.92,100.68,0,0,
768,445,1,11,Delivered,2024-04-02,2024-04-02 18:46:15,264.36,28.0,23.03,60.88,0,1,0
769,193,1,14,Delivered,2024-12-25,2024-12-25 13:11:16,652.59,25.0,21.12,137.83,20,1,0
770,49,3,3,Delivered,2025-05-12,2025-05-12 12:40:03,831.36,45.0,15.49,128.78,0,0,
771,105,1,12,Delivered,2024-04-25,2024-04-25 23:46:37,289.2,27.0,21.16,61.19,0,1,0
772,359,4,3,Delivered,2024-04-12,2024-04-12 01:37:57,915.02,45.0,12.22,111.82,50,1,0
773,295,3,19,Delivered,2024-02-23,2024-02-23 22:21:36,413.03,20.0,17.31,71.5,0,1,0
774,389,2,1,Delivered,2024-02-12,2024-02-12 09:12:56,617.03,30.0,15.09,93.11,0,0,
775,72,3,3,Delivered,2025-03-13,2025-03-13 02:37:08,634.88,0.0,19.67,124.88,0,0,
776,47,5,10,Cancelled,2025-12-12,2025-12-12 21:07:37,526.7,32.0,0.0,0.0,30,1,1
777,131,2,14,Cancelled,2024-12-23,2024-12-23 20:53:04,243.5,25.0,15.02,36.57,0,0,
778,295,3,19,Delivered,2024-03-16,2024-03-16 17:53:49,350.59,20.0,15.36,53.85,50,1,0
779,248,1,7,Delivered,2025-05-06,2025-05-06 20:04:38,214.61,25.0,23.64,50.73,0,1,0
780,433,3,5,Delivered,2025-11-29,2025-11-29 22:45:04,284.98,22.0,15.63,44.54,30,1,0
781,224,1,6,Delivered,2025-10-24,2025-10-24 01:03:48,194.99,30.0,23.2,45.24,20,1,0
782,176,4,29,Delivered,2024-02-25,2024-02-25 14:05:11,614.79,20.0,14.49,89.08,0,1,0
783,17,1,6,Delivered,2024-01-04,2024-01-04 13:17:31,213.18,30.0,21.38,45.58,10,1,0
784,18,1,28,Delivered,2025-09-11,2025-09-11 23:02:25,169.29,20.0,21.41,36.24,0,1,0
785,391,1,20,Delivered,2024-04-04,2024-04-04 18:00:41,409.21,0.0,20.39,83.44,0,1,0
786,33,1,26,Delivered,2024-07-26,2024-07-26 20:20:01,216.73,22.0,20.11,43.58,0,1,0
787,49,1,3,Delivered,2024-11-11,2024-11-11 13:44:52,741.48,45.0,22.68,168.17,0,1,0
788,182,2,14,Delivered,2025-01-30,2025-01-30 22:08:58,380.73,25.0,16.05,61.11,0,1,0
789,26,1,1,Delivered,2025-06-14,2025-06-14 19:41:46,482.46,30.0,22.93,110.63,0,1,0
790,143,1,7,Delivered,2025-02-16,2025-02-16 22:21:01,328.72,25.0,20.74,68.18,0,1,0
791,424,1,9,Delivered,2025-03-14,2025-03-14 18:27:36,358.65,42.0,23.2,83.21,0,1,0
792,246,2,1,Delivered,2024-02-22,2024-02-22 21:47:25,131.44,30.0,17.33,22.78,30,0,
793,379,1,14,Delivered,2024-11-27,2024-11-27 11:11:08,344.2,25.0,20.03,68.94,0,1,0
794,445,2,11,Delivered,2024-03-16,2024-03-16 11:39:42,419.38,0.0,15.03,63.03,10,1,0
795,499,4,3,Pending,2025-02-03,2025-02-03 21:40:36,779.33,45.0,14.46,112.69,0,1,0
796,320,1,35,Delivered,2024-08-16,2024-08-16 21:20:13,495.78,38.0,24.39,120.92,0,1,0
797,62,5,7,Delivered,2024-11-03,2024-11-03 23:07:14,391.15,25.0,0.0,0.0,0,1,0
798,182,1,14,Delivered,2025-07-26,2025-07-26 14:39:02,506.21,25.0,24.56,124.33,0,1,1
799,358,1,35,Delivered,2024-05-19,2024-05-19 12:29:51,322.48,38.0,21.26,68.56,0,0,
800,415,2,15,Delivered,2025-06-21,2025-06-21 19:50:29,613.74,0.0,15.46,94.88,0,1,0
801,55,3,5,Delivered,2025-02-04,2025-02-04 22:51:28,229.68,22.0,19.85,45.59,0,0,
802,383,1,15,Delivered,2024-03-13,2024-03-13 02:44:24,587.28,22.0,23.07,135.49,50,0,
803,169,1,10,Cancelled,2025-11-25,2025-11-25 22:51:04,490.25,32.0,20.63,101.14,20,1,0
804,432,1,2,Delivered,2024-11-11,2024-11-11 19:22:23,637.95,28.0,21.56,137.54,20,0,
805,176,5,29,Delivered,2024-11-11,2024-11-11 20:55:27,439.76,20.0,0.0,0.0,0,1,1
806,133,1,6,Delivered,2024-09-24,2024-09-24 21:39:20,292.41,30.0,22.58,66.03,30,0,
807,488,1,8,Delivered,2025-04-06,2025-04-06 20:38:17,628.32,40.0,21.99,138.17,50,0,
808,303,1,5,Delivered,2024-11-07,2024-11-07 13:43:30,332.48,22.0,20.47,68.06,0,1,0
809,8,1,4,Cancelled,2025-11-24,2025-11-24 22:06:43,734.95,0.0,22.75,167.2,0,1,0
810,103,2,9,Rejected,2025-02-08,2025-02-08 21:13:24,778.12,0.0,17.18,133.68,20,0,
811,147,1,13,Delivered,2025-10-29,2025-10-29 20:28:50,538.8,25.0,22.82,122.95,0,1,0
812,359,2,3,Delivered,2025-03-25,2025-03-25 17:26:06,730.19,45.0,17.44,127.35,0,1,0
813,135,5,5,Delivered,2024-01-03,2024-01-03 22:47:53,122.83,22.0,0.0,0.0,0,1,1
814,333,1,6,Delivered,2025-06-13,2025-06-13 21:20:45,640.6,30.0,24.51,157.01,0,1,0
815,449,4,1,Delivered,2024-02-05,2024-02-05 21:22:28,368.35,30.0,12.17,44.83,20,1,0
816,105,5,12,Refunded,2024-11-01,2024-11-01 15:59:14,509.87,27.0,0.0,0.0,20,1,0
817,485,2,12,Delivered,2024-11-09,2024-11-09 22:08:32,458.48,27.0,15.02,68.86,0,1,1
818,151,2,1,Delivered,2025-01-20,2025-01-20 13:59:16,607.85,30.0,16.31,99.14,50,1,0
819,375,1,1,Delivered,2025-12-05,2025-12-05 22:21:12,216.16,30.0,24.32,52.57,0,1,0
820,106,1,5,Delivered,2024-07-24,2024-07-24 21:16:43,240.69,22.0,22.21,53.46,5,1,0
821,476,1,9,Delivered,2024-05-25,2024-05-25 14:31:43,864.13,42.0,23.92,206.7,30,1,0
822,315,2,10,Delivered,2025-05-01,2025-05-01 15:13:42,272.42,0.0,15.56,42.39,30,1,0
823,166,1,12,Delivered,2024-08-12,2024-08-12 18:43:24,160.77,27.0,20.84,33.5,20,0,
824,390,1,8,Delivered,2025-03-10,2025-03-10 13:42:21,402.0,0.0,22.4,90.05,0,0,
825,426,1,1,Cancelled,2024-12-12,2024-12-12 23:17:26,549.09,30.0,21.43,117.67,0,1,0
826,225,3,5,Delivered,2025-02-21,2025-02-21 23:52:38,343.68,22.0,17.22,59.18,5,1,0
827,383,1,15,Delivered,2024-12-28,2024-12-28 19:18:39,355.52,22.0,21.59,76.76,15,1,0
828,163,1,14,Delivered,2025-06-12,2025-06-12 12:35:54,133.33,25.0,24.49,32.65,10,0,
829,357,1,22,Refunded,2025-11-06,2025-11-06 12:21:59,513.97,22.0,24.25,124.64,0,1,0
830,487,4,6,Delivered,2025-04-14,2025-04-14 14:42:22,591.33,30.0,12.89,76.22,0,1,0
831,355,2,23,Delivered,2024-05-23,2024-05-23 15:59:03,425.77,20.0,15.88,67.61,30,0,
832,487,1,6,Delivered,2025-12-16,2025-12-16 20:34:41,470.24,30.0,21.5,101.1,0,1,0
833,351,2,11,Delivered,2025-09-08,2025-09-08 23:13:01,458.67,28.0,16.63,76.28,20,1,0
834,350,1,35,Delivered,2024-06-22,2024-06-22 23:46:30,794.33,38.0,23.19,184.21,0,0,
835,84,1,16,Delivered,2025-05-03,2025-05-03 23:02:00,159.71,20.0,21.06,33.63,0,0,
836,411,3,7,Delivered,2025-01-12,2025-01-12 22:38:39,346.7,25.0,17.38,60.26,25,1,0
837,17,3,6,Delivered,2025-10-23,2025-10-23 12:45:20,602.23,30.0,18.38,110.69,0,1,0
838,460,2,2,Delivered,2024-07-04,2024-07-04 20:47:49,698.0,28.0,18.0,125.64,20,1,0
839,320,2,35,Delivered,2025-04-27,2025-04-27 22:20:02,808.46,38.0,16.53,133.64,0,0,
840,22,1,28,Delivered,2025-08-31,2025-08-31 18:01:14,257.86,20.0,21.06,54.31,50,1,0
841,424,1,9,Delivered,2024-03-17,2024-03-17 02:45:44,395.33,42.0,24.7,97.65,5,0,
842,210,1,2,Cancelled,2024-03-12,2024-03-12 18:53:03,414.25,28.0,20.71,85.79,0,1,0
843,131,1,14,Cancelled,2024-09-29,2024-09-29 23:29:24,556.96,25.0,24.92,138.79,50,0,
844,485,2,12,Delivered,2024-04-07,2024-04-07 18:23:33,725.0,27.0,17.6,127.6,0,1,0
845,377,1,11,Delivered,2025-09-07,2025-09-07 13:32:03,356.14,28.0,24.39,86.86,0,0,
846,357,4,22,Delivered,2025-02-14,2025-02-14 16:41:02,518.77,22.0,12.06,62.56,0,1,0
847,61,5,2,Delivered,2025-06-20,2025-06-20 00:16:35,349.27,28.0,0.0,0.0,0,0,
848,152,1,22,Delivered,2024-07-06,2024-07-06 22:40:14,499.38,22.0,22.95,114.61,0,0,
849,417,4,20,Delivered,2024-10-04,2024-10-04 23:23:05,351.18,22.0,12.1,42.49,0,0,
850,208,5,11,Delivered,2024-10-02,2024-10-02 22:31:22,481.8,0.0,0.0,0.0,0,1,1
851,204,2,14,Delivered,2025-04-12,2025-04-12 10:20:20,558.42,25.0,16.48,92.03,30,1,0
852,166,5,12,Delivered,2025-03-09,2025-03-09 12:56:39,550.79,27.0,0.0,0.0,30,1,0
853,114,4,24,Delivered,2024-02-29,2024-02-29 13:46:55,266.41,20.0,14.14,37.67,10,1,0
854,201,1,10,Delivered,2024-04-11,2024-04-11 13:37:19,801.59,32.0,24.56,196.87,0,0,
855,179,5,12,Delivered,2025-10-14,2025-10-14 19:28:17,487.62,27.0,0.0,0.0,0,1,0
856,255,3,3,Delivered,2025-07-17,2025-07-17 18:50:30,754.02,45.0,16.76,126.37,0,1,0
857,284,1,5,Cancelled,2025-02-01,2025-02-01 22:18:02,242.0,22.0,20.56,49.76,0,1,1
858,441,5,10,Delivered,2025-06-06,2025-06-06 01:25:42,824.32,32.0,0.0,0.0,20,1,0
859,455,1,10,Cancelled,2024-08-13,2024-08-13 23:26:59,381.64,32.0,20.5,78.24,0,1,0
860,218,3,2,Delivered,2024-07-12,2024-07-12 13:59:09,223.9,28.0,17.96,40.21,0,1,0
861,339,5,11,Delivered,2024-03-18,2024-03-18 03:47:50,168.52,0.0,0.0,0.0,5,1,0
862,68,3,2,Delivered,2025-01-21,2025-01-21 22:48:28,510.32,28.0,18.64,95.12,30,1,0
863,170,5,2,Delivered,2024-06-17,2024-06-17 20:58:15,416.49,28.0,0.0,0.0,0,0,
864,407,5,4,Delivered,2025-11-12,2025-11-12 11:57:09,875.19,35.0,0.0,0.0,0,0,
865,55,2,5,Delivered,2025-02-27,2025-02-27 20:35:29,389.89,22.0,15.41,60.08,25,1,0
866,148,1,8,Delivered,2024-12-29,2024-12-29 19:07:07,455.46,40.0,24.57,111.91,5,1,0
867,59,1,18,Delivered,2025-08-10,2025-08-10 18:50:01,161.54,20.0,21.57,34.84,10,0,
868,326,1,6,Refunded,2024-11-02,2024-11-02 23:45:56,554.39,30.0,21.25,117.81,0,1,0
869,435,3,30,Delivered,2024-01-27,2024-01-27 21:28:25,559.64,20.0,18.58,103.98,0,1,0
870,10,1,1,Delivered,2024-09-03,2024-09-03 22:48:34,587.14,30.0,23.81,139.8,0,1,0
871,145,1,9,Delivered,2024-03-14,2024-03-14 17:55:52,500.58,42.0,20.89,104.57,0,1,1
872,219,2,32,Delivered,2025-02-13,2025-02-13 15:24:11,605.43,20.0,16.14,97.72,30,1,0
873,186,3,12,Delivered,2025-01-12,2025-01-12 09:16:07,361.53,0.0,17.9,64.71,0,1,0
874,47,3,10,Delivered,2024-11-14,2024-11-14 01:45:58,427.87,32.0,15.04,64.35,0,1,0
875,195,4,28,Delivered,2025-03-09,2025-03-09 18:55:08,404.1,20.0,14.82,59.89,20,1,0
876,88,1,5,Delivered,2024-02-25,2024-02-25 19:57:02,349.71,22.0,22.65,79.21,0,1,1
877,83,2,10,Delivered,2025-01-27,2025-01-27 14:39:27,233.54,32.0,16.15,37.72,0,1,0
878,22,5,28,Delivered,2025-10-04,2025-10-04 22:18:10,152.46,20.0,0.0,0.0,30,1,1
879,137,1,16,Delivered,2025-03-28,2025-03-28 03:45:08,293.48,20.0,20.18,59.22,25,1,0
880,242,1,25,Delivered,2024-12-18,2024-12-18 14:36:18,237.06,20.0,23.77,56.35,5,0,
881,446,4,19,Delivered,2025-07-24,2025-07-24 16:15:59,494.19,20.0,14.7,72.65,10,1,0
882,105,3,12,Delivered,2025-09-01,2025-09-01 12:40:56,180.57,27.0,18.62,33.62,25,1,0
883,446,1,19,Delivered,2025-04-24,2025-04-24 00:38:43,679.28,20.0,24.47,166.22,30,1,0
884,17,1,6,Delivered,2024-07-27,2024-07-27 20:33:30,328.53,30.0,23.61,77.57,0,1,1
885,62,3,7,Delivered,2024-08-30,2024-08-30 13:39:27,348.15,25.0,19.79,68.9,10,1,0
886,18,2,28,Delivered,2025-07-03,2025-07-03 23:07:00,533.5,20.0,15.49,82.64,0,1,0
887,138,1,2,Delivered,2025-05-08,2025-05-08 00:33:09,486.16,28.0,23.6,114.73,0,0,
888,459,2,8,Delivered,2024-06-05,2024-06-05 21:18:25,306.49,40.0,17.86,54.74,5,1,0
889,323,1,15,Delivered,2025-01-03,2025-01-03 18:22:07,392.34,22.0,23.11,90.67,15,1,0
890,123,5,21,Delivered,2025-05-22,2025-05-22 21:28:48,183.6,20.0,0.0,0.0,0,1,0
891,478,4,5,Delivered,2025-06-04,2025-06-04 12:48:30,417.79,22.0,14.56,60.83,0,1,0
892,99,1,6,Delivered,2025-03-15,2025-03-15 17:44:28,395.46,30.0,21.0,83.05,30,1,0
893,148,1,8,Refunded,2025-11-17,2025-11-17 20:13:54,199.47,40.0,24.44,48.75,0,1,0
894,415,1,15,Pending,2025-08-12,2025-08-12 16:03:12,610.33,22.0,20.82,127.07,0,0,
895,130,1,10,Delivered,2024-07-14,2024-07-14 14:47:39,382.62,32.0,22.55,86.28,15,0,
896,92,5,29,Refunded,2024-11-15,2024-11-15 21:11:35,469.09,20.0,0.0,0.0,25,1,0
897,195,2,28,Delivered,2025-12-21,2025-12-21 20:19:44,234.17,20.0,15.86,37.14,20,1,0
898,360,2,17,Delivered,2025-11-26,2025-11-26 20:01:02,329.05,20.0,15.07,49.59,20,1,0
899,291,3,5,Rejected,2024-12-18,2024-12-18 12:41:00,484.84,22.0,17.83,86.45,20,1,0
900,192,1,7,Delivered,2025-08-21,2025-08-21 13:49:23,415.42,25.0,21.73,90.27,50,0,
901,277,2,8,Delivered,2024-09-24,2024-09-24 09:34:19,291.65,40.0,17.39,50.72,10,0,
902,435,1,30,Refunded,2024-02-15,2024-02-15 22:34:59,583.82,20.0,21.01,122.66,30,1,0
903,149,5,33,Delivered,2025-03-06,2025-03-06 18:33:02,503.84,20.0,0.0,0.0,0,1,1
904,255,5,3,Delivered,2025-11-05,2025-11-05 22:46:49,350.12,45.0,0.0,0.0,15,1,0
905,315,2,10,Delivered,2025-10-22,2025-10-22 22:45:35,832.48,32.0,16.47,137.11,0,1,0
906,324,1,5,Delivered,2024-03-22,2024-03-22 17:26:41,543.74,22.0,21.01,114.24,0,1,0
907,210,1,2,Delivered,2024-04-27,2024-04-27 21:58:44,140.75,28.0,24.15,33.99,10,1,0
908,202,3,2,Delivered,2024-07-01,2024-07-01 14:23:58,597.84,28.0,18.42,110.12,50,1,0
909,270,2,5,Refunded,2025-02-12,2025-02-12 23:04:51,457.76,22.0,17.48,80.02,15,1,0
910,17,2,6,Delivered,2025-10-20,2025-10-20 11:57:43,594.65,30.0,17.25,102.58,0,1,0
911,464,5,9,Delivered,2024-05-02,2024-05-02 00:55:09,594.55,42.0,0.0,0.0,0,0,
912,289,3,19,Delivered,2025-01-17,2025-01-17 01:08:32,667.73,0.0,16.66,111.24,0,0,
913,166,5,12,Delivered,2024-07-17,2024-07-17 12:06:05,698.17,27.0,0.0,0.0,0,1,0
914,236,3,7,Delivered,2024-10-22,2024-10-22 13:55:45,499.62,25.0,15.86,79.24,20,1,0
915,46,1,4,Delivered,2024-02-02,2024-02-02 01:01:36,726.12,35.0,21.05,152.85,30,0,
916,415,3,15,Delivered,2024-10-06,2024-10-06 23:00:43,402.27,22.0,17.87,71.89,50,1,0
917,184,1,1,Refunded,2025-06-11,2025-06-11 13:28:00,602.76,30.0,23.59,142.19,0,1,0
918,183,1,1,Delivered,2024-01-26,2024-01-26 23:48:33,643.65,30.0,21.03,135.36,0,1,0
919,80,4,2,Delivered,2025-08-20,2025-08-20 23:19:32,694.49,28.0,14.99,104.1,0,1,0
920,220,2,18,Delivered,2025-09-19,2025-09-19 20:16:43,630.08,20.0,15.22,95.9,0,1,0
921,65,2,26,Delivered,2025-08-13,2025-08-13 12:27:53,486.85,22.0,15.57,75.8,30,1,0
922,39,3,4,Delivered,2024-07-14,2024-07-14 12:19:44,687.7,35.0,15.68,107.83,0,0,
923,323,2,15,Delivered,2025-12-05,2025-12-05 16:30:13,679.42,22.0,15.35,104.29,20,0,
924,253,2,3,Delivered,2025-01-12,2025-01-12 20:19:41,594.08,45.0,17.38,103.25,0,1,0
925,15,1,7,Delivered,2024-11-29,2024-11-29 12:39:33,215.92,25.0,23.97,51.76,25,1,0
926,141,3,7,Delivered,2024-02-10,2024-02-10 22:04:20,477.32,25.0,19.76,94.32,0,1,0
927,326,4,6,Delivered,2025-03-05,2025-03-05 20:34:42,445.23,0.0,12.39,55.16,0,0,
928,397,1,21,Delivered,2024-01-25,2024-01-25 23:38:27,231.5,20.0,21.55,49.89,30,1,0
929,21,2,3,Delivered,2025-10-30,2025-10-30 15:50:44,628.6,45.0,16.26,102.21,0,1,0
930,239,1,17,Delivered,2024-07-15,2024-07-15 19:17:45,182.35,20.0,21.16,38.59,0,1,0
931,383,1,15,Delivered,2024-11-11,2024-11-11 14:18:06,553.88,22.0,20.37,112.83,0,1,0
932,130,4,10,Pending,2025-02-07,2025-02-07 15:19:28,454.62,32.0,12.48,56.74,15,0,
933,375,3,1,Delivered,2024-11-27,2024-11-27 12:13:15,192.7,30.0,18.37,35.4,0,1,1
934,210,1,2,Delivered,2025-02-05,2025-02-05 21:39:28,374.07,0.0,21.32,79.75,0,1,0
935,377,5,11,Delivered,2024-07-27,2024-07-27 19:40:30,435.25,28.0,0.0,0.0,0,1,0
936,314,1,5,Delivered,2024-10-31,2024-10-31 01:56:42,244.24,22.0,20.51,50.09,0,0,
937,66,2,2,Delivered,2024-07-30,2024-07-30 14:03:01,334.51,28.0,17.03,56.97,50,1,1
938,53,3,2,Delivered,2025-01-10,2025-01-10 13:15:34,194.73,28.0,19.7,38.36,0,0,
939,445,1,11,Delivered,2024-10-05,2024-10-05 22:21:15,158.99,0.0,24.06,38.25,0,1,0
940,404,5,35,Delivered,2024-07-04,2024-07-04 14:10:51,601.23,38.0,0.0,0.0,0,1,0
941,357,1,22,Delivered,2024-06-30,2024-06-30 19:28:07,694.65,22.0,22.88,158.94,0,1,0
942,214,2,16,Refunded,2024-07-22,2024-07-22 17:34:50,187.22,0.0,16.69,31.25,0,1,0
943,62,3,7,Refunded,2024-04-20,2024-04-20 14:37:52,244.48,25.0,15.42,37.7,25,0,
944,6,4,2,Delivered,2025-09-30,2025-09-30 19:48:41,238.93,28.0,14.34,34.26,0,1,0
945,461,2,32,Rejected,2025-10-11,2025-10-11 22:59:38,691.26,0.0,15.91,109.98,50,1,0
946,391,1,20,Delivered,2024-03-16,2024-03-16 18:41:35,183.67,22.0,23.26,42.72,20,0,
947,353,5,12,Delivered,2024-03-20,2024-03-20 03:18:03,643.14,27.0,0.0,0.0,0,1,0
948,410,2,26,Cancelled,2025-05-18,2025-05-18 21:36:08,522.16,22.0,16.02,83.65,50,0,
949,80,5,2,Delivered,2024-12-05,2024-12-05 01:39:03,685.92,28.0,0.0,0.0,0,1,0
950,241,2,33,Delivered,2025-04-13,2025-04-13 11:32:21,378.32,20.0,15.78,59.7,25,1,0
951,289,3,19,Delivered,2025-06-14,2025-06-14 21:33:38,256.32,20.0,15.66,40.14,0,1,0
952,260,1,6,Delivered,2025-05-14,2025-05-14 19:00:30,671.07,30.0,20.78,139.45,20,1,0
953,222,1,15,Delivered,2025-01-16,2025-01-16 13:42:09,183.73,22.0,23.5,43.18,5,1,0
954,393,3,6,Delivered,2025-09-17,2025-09-17 20:25:51,213.68,30.0,15.5,33.12,0,1,0
955,441,3,10,Cancelled,2024-03-24,2024-03-24 13:52:04,235.61,32.0,19.98,47.07,0,0,
956,455,3,10,Delivered,2024-11-08,2024-11-08 13:44:25,473.21,0.0,19.76,93.51,50,0,
957,476,1,9,Refunded,2025-09-04,2025-09-04 14:54:46,742.48,42.0,24.74,183.69,0,0,
958,292,2,10,Delivered,2024-03-30,2024-03-30 17:25:08,211.93,32.0,15.89,33.68,0,1,0
959,288,5,8,Delivered,2025-06-11,2025-06-11 10:33:33,441.11,40.0,0.0,0.0,0,1,0
960,362,1,4,Delivered,2025-06-30,2025-06-30 23:55:32,201.49,35.0,20.43,41.16,0,0,
961,29,2,13,Delivered,2024-06-21,2024-06-21 22:23:32,136.04,25.0,17.89,24.34,0,1,0
962,46,2,4,Delivered,2024-08-12,2024-08-12 13:39:57,423.89,35.0,15.39,65.24,0,0,
963,289,1,19,Cancelled,2024-12-27,2024-12-27 17:16:58,411.44,20.0,24.8,102.04,30,0,
964,16,1,4,Delivered,2024-09-09,2024-09-09 20:45:04,239.07,35.0,23.56,56.32,0,0,
965,201,2,10,Delivered,2025-11-19,2025-11-19 14:34:26,803.52,32.0,15.95,128.16,50,0,
966,18,4,28,Delivered,2025-05-17,2025-05-17 19:19:44,379.37,20.0,12.72,48.26,25,1,0
967,203,1,33,Delivered,2025-10-20,2025-10-20 20:08:58,240.07,20.0,22.66,54.4,0,0,
968,455,4,10,Delivered,2024-09-15,2024-09-15 22:00:19,808.26,32.0,13.13,106.12,0,0,
969,100,5,3,Delivered,2025-08-21,2025-08-21 12:34:38,799.41,45.0,0.0,0.0,0,0,
970,88,1,5,Delivered,2024-12-25,2024-12-25 09:49:24,253.99,22.0,22.41,56.92,0,1,0
971,133,1,6,Delivered,2025-10-31,2025-10-31 13:43:43,653.31,30.0,23.33,152.42,30,1,1
972,205,3,22,Delivered,2024-01-13,2024-01-13 20:26:12,155.98,22.0,19.05,29.71,15,1,0
973,432,3,2,Delivered,2025-05-27,2025-05-27 21:39:56,435.86,28.0,17.61,76.75,0,1,0
974,239,1,17,Delivered,2024-02-29,2024-02-29 19:32:41,410.36,20.0,22.43,92.04,30,1,0
975,369,2,34,Delivered,2024-11-06,2024-11-06 10:36:22,385.87,20.0,17.74,68.45,0,1,0
976,485,3,12,Refunded,2024-12-09,2024-12-09 22:20:16,479.56,27.0,17.74,85.07,5,1,0
977,180,5,5,Delivered,2024-07-25,2024-07-25 23:27:28,336.4,22.0,0.0,0.0,0,1,1
978,240,2,11,Cancelled,2025-12-10,2025-12-10 14:07:25,435.26,28.0,16.51,71.86,10,1,0
979,426,5,1,Delivered,2024-01-04,2024-01-04 21:23:22,359.05,30.0,0.0,0.0,0,1,0
980,42,1,5,Delivered,2024-02-05,2024-02-05 19:09:54,132.32,22.0,23.02,30.46,10,1,0
981,315,1,10,Delivered,2025-03-20,2025-03-20 10:57:01,797.6,32.0,21.2,169.09,0,0,
982,127,5,22,Cancelled,2024-10-25,2024-10-25 21:47:48,504.32,22.0,0.0,0.0,20,0,
983,290,1,1,Delivered,2024-02-20,2024-02-20 22:37:46,651.71,30.0,23.94,156.02,50,1,0
984,152,2,22,Delivered,2025-12-06,2025-12-06 09:06:05,364.12,22.0,16.98,61.83,0,1,0
985,140,5,17,Delivered,2024-03-07,2024-03-07 18:48:20,496.74,20.0,0.0,0.0,0,0,
986,432,5,2,Delivered,2024-03-02,2024-03-02 22:37:27,572.25,28.0,0.0,0.0,0,1,0
987,330,2,13,Delivered,2025-04-10,2025-04-10 21:26:51,179.41,25.0,15.82,28.38,0,0,
988,339,5,11,Delivered,2025-07-11,2025-07-11 23:22:05,348.93,28.0,0.0,0.0,0,1,0
989,353,1,12,Delivered,2024-11-17,2024-11-17 13:30:36,523.8,27.0,23.46,122.88,0,1,0
990,261,2,8,Delivered,2024-06-04,2024-06-04 21:06:41,363.82,40.0,16.82,61.19,30,0,
991,482,1,2,Delivered,2024-01-03,2024-01-03 14:09:42,675.61,28.0,20.73,140.05,0,1,0
992,287,3,9,Delivered,2025-11-23,2025-11-23 12:21:33,583.46,42.0,18.64,108.76,30,0,
993,4,1,13,Delivered,2024-02-29,2024-02-29 15:05:53,178.66,25.0,23.72,42.38,10,1,0
994,221,1,19,Cancelled,2025-06-03,2025-06-03 11:10:44,437.95,20.0,23.62,103.44,0,1,0
995,120,2,12,Delivered,2024-11-04,2024-11-04 21:06:49,600.97,27.0,16.82,101.08,0,1,0
996,218,1,2,Delivered,2025-03-15,2025-03-15 10:53:26,541.78,28.0,23.45,127.05,50,1,0
997,316,1,30,Delivered,2025-04-09,2025-04-09 14:57:43,147.45,20.0,22.89,33.75,0,1,0
998,203,1,33,Delivered,2025-07-30,2025-07-30 17:13:08,205.12,20.0,22.95,47.08,0,1,0
999,342,1,1,Delivered,2025-01-05,2025-01-05 21:10:49,476.55,30.0,20.32,96.83,0,0,
1000,419,1,10,Delivered,2025-04-25,2025-04-25 15:06:41,731.26,32.0,20.16,147.42,20,0,
1001,80,1,2,Delivered,2025-11-04,2025-11-04 23:01:35,353.6,28.0,22.37,79.1,25,1,0
1002,394,1,9,Delivered,2024-02-21,2024-02-21 19:39:53,484.58,42.0,22.32,108.16,5,1,0
1003,246,2,1,Delivered,2024-06-20,2024-06-20 13:41:16,393.54,30.0,17.3,68.08,0,1,0
1004,109,3,11,Delivered,2024-12-09,2024-12-09 21:51:47,626.66,28.0,17.37,108.85,20,1,0
1005,289,1,19,Delivered,2024-10-21,2024-10-21 14:00:19,442.77,20.0,23.6,104.49,0,0,
1006,133,1,6,Delivered,2025-08-12,2025-08-12 16:54:50,254.8,30.0,22.32,56.87,10,1,0
1007,78,4,11,Cancelled,2025-04-02,2025-04-02 20:13:34,160.82,28.0,14.97,24.07,0,1,0
1008,380,1,7,Delivered,2025-12-03,2025-12-03 21:46:34,427.7,25.0,21.81,93.28,50,1,1
1009,429,2,11,Delivered,2025-09-05,2025-09-05 17:13:07,614.13,0.0,15.6,95.8,0,1,1
1010,306,2,10,Delivered,2024-01-28,2024-01-28 21:37:53,731.97,32.0,16.8,122.97,30,1,0
1011,35,5,10,Delivered,2024-06-28,2024-06-28 23:26:47,255.97,32.0,0.0,0.0,30,0,
1012,280,2,2,Delivered,2025-03-18,2025-03-18 03:43:30,791.33,28.0,16.29,128.91,0,1,0
1013,408,2,3,Cancelled,2025-02-21,2025-02-21 14:36:17,457.72,0.0,15.25,69.8,0,1,0
1014,119,5,10,Delivered,2024-01-20,2024-01-20 13:01:08,811.9,32.0,0.0,0.0,20,1,0
1015,277,4,8,Delivered,2025-05-22,2025-05-22 15:09:29,599.5,40.0,12.37,74.16,20,0,
1016,182,4,14,Delivered,2025-11-07,2025-11-07 21:34:47,638.87,25.0,13.47,86.06,0,0,
1017,411,2,7,Cancelled,2024-03-26,2024-03-26 22:13:39,663.96,25.0,16.87,112.01,30,1,0
1018,288,2,8,Delivered,2025-02-25,2025-02-25 13:48:37,329.69,0.0,17.43,57.46,0,0,
1019,11,1,14,Delivered,2025-06-21,2025-06-21 20:48:55,572.36,25.0,24.97,142.92,50,1,0
1020,251,1,1,Delivered,2025-02-17,2025-02-17 11:48:48,585.75,30.0,21.28,124.65,20,1,1
1021,271,5,5,Delivered,2025-03-01,2025-03-01 17:19:49,443.75,22.0,0.0,0.0,0,1,0
1022,55,1,5,Delivered,2024-12-21,2024-12-21 20:28:22,155.14,22.0,23.21,36.01,0,1,0
1023,119,4,10,Delivered,2024-07-10,2024-07-10 12:50:10,201.59,32.0,13.21,26.63,20,0,
1024,216,1,1,Delivered,2025-05-17,2025-05-17 23:45:15,176.97,30.0,21.66,38.33,0,1,0
1025,280,1,2,Delivered,2025-02-25,2025-02-25 20:52:36,424.71,28.0,22.42,95.22,0,0,
1026,192,1,7,Pending,2024-06-05,2024-06-05 12:53:26,459.97,25.0,21.94,100.92,5,1,0
1027,69,1,8,Delivered,2025-02-14,2025-02-14 01:05:51,564.15,40.0,22.94,129.42,0,0,
1028,486,1,25,Delivered,2024-06-13,2024-06-13 22:12:19,236.55,20.0,22.89,54.15,10,1,0
1029,220,1,18,Delivered,2025-11-26,2025-11-26 20:05:18,388.09,20.0,24.73,95.97,0,1,0
1030,497,1,2,Delivered,2024-05-24,2024-05-24 14:38:28,564.48,28.0,23.56,132.99,0,1,0
1031,125,1,12,Delivered,2025-05-14,2025-05-14 23:08:33,697.47,27.0,20.55,143.33,20,1,0
1032,105,1,12,Cancelled,2025-09-27,2025-09-27 21:39:24,489.69,27.0,21.74,106.46,0,0,
1033,73,3,1,Delivered,2024-06-06,2024-06-06 13:03:19,478.12,30.0,15.51,74.16,5,1,0
1034,30,1,17,Delivered,2024-08-29,2024-08-29 18:10:14,435.54,20.0,23.97,104.4,0,1,0
1035,196,2,11,Delivered,2024-07-08,2024-07-08 13:40:56,308.38,28.0,15.8,48.72,20,1,0
1036,441,1,10,Delivered,2025-06-19,2025-06-19 17:31:20,214.36,32.0,21.78,46.69,5,1,0
1037,131,1,14,Delivered,2024-09-13,2024-09-13 21:43:31,696.94,25.0,24.81,172.91,0,1,0
1038,485,5,12,Delivered,2025-04-03,2025-04-03 22:36:44,681.4,27.0,0.0,0.0,0,1,0
1039,500,1,18,Delivered,2024-05-17,2024-05-17 12:33:17,265.44,20.0,22.93,60.87,0,0,
1040,290,1,1,Delivered,2024-10-29,2024-10-29 21:12:02,184.56,30.0,24.84,45.84,0,1,0
1041,205,3,22,Cancelled,2025-09-03,2025-09-03 23:08:42,690.08,0.0,18.59,128.29,50,0,
1042,252,4,21,Delivered,2024-04-11,2024-04-11 22:08:55,709.15,20.0,12.05,85.45,30,1,0
1043,377,1,11,Delivered,2024-04-10,2024-04-10 12:27:58,750.32,28.0,21.12,158.47,0,0,
1044,124,1,1,Delivered,2024-03-18,2024-03-18 13:51:53,741.28,30.0,20.49,151.89,0,1,0
1045,271,2,5,Delivered,2025-06-08,2025-06-08 09:56:58,911.2,22.0,15.95,145.34,30,1,0
1046,366,2,5,Delivered,2024-09-14,2024-09-14 12:59:07,499.51,22.0,17.18,85.82,50,1,0
1047,311,4,10,Delivered,2024-11-07,2024-11-07 01:29:52,533.48,32.0,12.15,64.82,20,0,
1048,294,2,10,Delivered,2025-10-03,2025-10-03 01:48:45,193.66,32.0,17.18,33.27,25,1,0
1049,26,1,1,Delivered,2025-01-31,2025-01-31 00:11:47,422.89,30.0,22.14,93.63,0,1,0
1050,413,1,4,Delivered,2024-09-24,2024-09-24 22:39:26,611.04,0.0,20.4,124.65,20,1,0
1051,89,3,5,Delivered,2024-02-10,2024-02-10 21:30:26,394.57,22.0,18.22,71.89,10,1,0
1052,230,2,32,Delivered,2024-06-13,2024-06-13 17:32:22,614.62,20.0,15.88,97.6,30,1,0
1053,66,3,2,Delivered,2025-10-21,2025-10-21 22:33:47,271.15,28.0,17.91,48.56,0,1,1
1054,424,2,9,Delivered,2024-02-17,2024-02-17 12:15:56,850.35,42.0,15.23,129.51,0,1,0
1055,180,1,5,Delivered,2024-11-30,2024-11-30 19:08:18,246.55,22.0,20.51,50.57,0,0,
1056,133,2,6,Delivered,2024-02-06,2024-02-06 12:39:03,456.39,30.0,17.62,80.42,0,0,
1057,277,5,8,Delivered,2025-10-20,2025-10-20 21:05:53,467.21,0.0,0.0,0.0,0,1,0
1058,155,1,24,Delivered,2024-02-02,2024-02-02 19:58:10,335.38,20.0,23.75,79.65,0,1,0
1059,170,1,2,Delivered,2024-08-05,2024-08-05 19:48:32,589.95,28.0,21.0,123.89,30,1,0
1060,206,1,5,Cancelled,2024-11-02,2024-11-02 22:10:25,434.17,22.0,21.32,92.57,0,1,0
1061,308,1,6,Delivered,2024-05-10,2024-05-10 20:55:06,532.57,30.0,20.74,110.46,30,0,
1062,337,1,6,Cancelled,2025-10-05,2025-10-05 21:47:38,533.95,30.0,22.28,118.96,50,1,0
1063,20,1,15,Delivered,2024-07-13,2024-07-13 14:39:39,270.1,22.0,22.06,59.58,0,1,0
1064,17,2,6,Delivered,2024-05-10,2024-05-10 22:48:21,680.46,30.0,15.03,102.27,50,1,0
1065,489,1,5,Delivered,2025-01-26,2025-01-26 23:34:46,338.12,22.0,23.56,79.66,0,0,
1066,249,5,12,Delivered,2024-06-26,2024-06-26 22:36:37,136.8,27.0,0.0,0.0,0,0,
1067,194,3,16,Refunded,2025-12-25,2025-12-25 14:03:28,574.64,20.0,16.96,97.46,0,1,0
1068,126,3,9,Delivered,2024-09-27,2024-09-27 00:36:00,862.98,42.0,19.75,170.44,0,1,0
1069,232,2,27,Delivered,2024-10-17,2024-10-17 19:58:16,158.43,20.0,17.06,27.03,0,1,0
1070,241,1,33,Delivered,2024-10-20,2024-10-20 11:01:45,659.96,20.0,24.74,163.27,20,1,1
1071,141,5,7,Delivered,2024-10-17,2024-10-17 17:47:02,164.01,25.0,0.0,0.0,0,1,0
1072,132,1,29,Delivered,2025-12-18,2025-12-18 20:45:18,642.12,20.0,24.39,156.61,0,1,0
1073,110,1,15,Delivered,2025-05-27,2025-05-27 19:22:31,511.83,22.0,20.13,103.03,0,1,0
1074,252,4,21,Delivered,2025-11-17,2025-11-17 19:50:19,651.4,20.0,14.43,94.0,0,1,0
1075,306,5,10,Delivered,2025-12-10,2025-12-10 20:29:46,406.14,0.0,0.0,0.0,0,1,0
1076,229,1,4,Delivered,2024-12-07,2024-12-07 19:16:40,724.75,35.0,23.99,173.87,0,0,
1077,123,4,21,Delivered,2025-12-21,2025-12-21 12:52:52,383.71,20.0,14.81,56.83,0,0,
1078,386,3,3,Delivered,2024-07-24,2024-07-24 23:01:48,184.19,45.0,16.13,29.71,0,0,
1079,66,1,2,Delivered,2024-11-24,2024-11-24 23:58:26,641.9,28.0,22.58,144.94,0,0,
1080,320,1,35,Delivered,2024-06-20,2024-06-20 13:06:43,405.12,38.0,22.85,92.57,0,1,0
1081,90,1,6,Delivered,2025-03-16,2025-03-16 10:36:31,175.74,30.0,24.29,42.69,0,1,0
1082,289,1,19,Delivered,2025-04-04,2025-04-04 23:18:24,373.48,20.0,22.94,85.68,30,1,0
1083,117,1,14,Delivered,2025-03-18,2025-03-18 18:21:12,590.48,25.0,23.74,140.18,50,1,0
1084,97,3,10,Delivered,2025-08-08,2025-08-08 13:52:27,286.68,32.0,15.6,44.72,20,1,0
1085,359,2,3,Delivered,2024-10-16,2024-10-16 12:18:36,629.01,45.0,15.91,100.08,0,0,
1086,385,1,18,Cancelled,2024-09-25,2024-09-25 20:21:48,360.85,20.0,22.66,81.77,0,0,
1087,427,2,6,Delivered,2025-09-23,2025-09-23 12:32:26,487.54,30.0,15.11,73.67,0,0,
1088,171,2,7,Delivered,2025-08-02,2025-08-02 14:24:14,242.02,0.0,16.11,38.99,0,1,0
1089,408,1,3,Delivered,2024-07-12,2024-07-12 15:21:27,755.83,45.0,23.94,180.95,0,1,0
1090,288,4,8,Delivered,2025-11-01,2025-11-01 14:29:39,835.33,40.0,14.75,123.21,0,0,
1091,289,1,19,Delivered,2025-08-28,2025-08-28 14:58:41,590.8,20.0,23.04,136.12,0,1,0
1092,80,1,2,Delivered,2024-06-29,2024-06-29 20:31:11,416.49,28.0,22.84,95.13,15,1,0
1093,320,1,35,Delivered,2025-07-22,2025-07-22 23:15:02,400.41,38.0,20.26,81.12,0,1,0
1094,57,2,22,Delivered,2025-05-13,2025-05-13 22:38:47,307.84,22.0,16.33,50.27,0,1,0
1095,89,2,5,Delivered,2024-10-02,2024-10-02 22:52:24,182.63,22.0,16.94,30.94,10,1,0
1096,300,2,30,Delivered,2025-04-23,2025-04-23 21:53:45,317.82,20.0,15.71,49.93,0,1,1
1097,297,2,11,Pending,2025-05-04,2025-05-04 23:40:37,376.17,28.0,15.87,59.7,20,1,0
1098,214,4,16,Delivered,2024-10-09,2024-10-09 20:02:04,696.57,20.0,12.27,85.47,0,0,
1099,265,5,35,Delivered,2025-02-09,2025-02-09 21:18:26,746.5,38.0,0.0,0.0,30,0,
1100,6,5,2,Delivered,2024-08-11,2024-08-11 13:54:50,187.65,28.0,0.0,0.0,0,0,
1101,398,1,7,Delivered,2025-10-09,2025-10-09 16:02:49,344.68,25.0,24.84,85.62,25,1,0
1102,166,2,12,Delivered,2024-06-07,2024-06-07 00:38:02,438.28,27.0,17.3,75.82,30,1,0
1103,373,2,2,Delivered,2025-04-02,2025-04-02 13:34:58,183.72,28.0,15.78,28.99,20,1,1
1104,320,1,35,Rejected,2025-08-17,2025-08-17 22:08:47,663.55,38.0,21.83,144.85,50,1,0
1105,229,1,4,Delivered,2025-12-21,2025-12-21 20:48:27,365.28,35.0,23.77,86.83,20,0,
1106,280,3,2,Delivered,2024-09-17,2024-09-17 23:42:54,368.6,28.0,18.08,66.64,0,1,1
1107,147,3,13,Refunded,2025-09-23,2025-09-23 23:29:20,278.39,25.0,17.81,49.58,10,1,0
1108,119,2,10,Refunded,2025-07-12,2025-07-12 21:00:04,360.96,32.0,15.93,57.5,0,0,
1109,271,1,5,Delivered,2025-05-08,2025-05-08 20:19:43,134.8,22.0,23.47,31.64,30,1,1
1110,17,1,6,Delivered,2024-08-10,2024-08-10 19:43:51,223.68,30.0,21.22,47.46,10,1,0
1111,26,1,1,Delivered,2025-03-01,2025-03-01 12:21:23,340.82,30.0,22.37,76.24,0,0,
1112,300,5,30,Delivered,2024-06-20,2024-06-20 17:47:37,252.9,20.0,0.0,0.0,5,1,0
1113,6,1,2,Delivered,2025-03-09,2025-03-09 17:53:45,572.47,28.0,21.43,122.68,0,1,0
1114,76,1,15,Delivered,2025-03-02,2025-03-02 17:29:01,197.58,22.0,21.91,43.29,0,0,
1115,246,2,1,Delivered,2024-07-02,2024-07-02 23:08:11,330.87,30.0,17.89,59.19,20,1,0
1116,302,3,5,Delivered,2024-09-10,2024-09-10 20:23:55,246.4,22.0,19.29,47.53,0,1,0
1117,379,1,14,Delivered,2025-04-28,2025-04-28 22:54:31,632.93,0.0,21.6,136.71,30,1,0
1118,371,1,6,Delivered,2025-02-27,2025-02-27 19:37:32,682.11,30.0,24.85,169.5,0,0,
1119,436,5,20,Delivered,2025-12-03,2025-12-03 13:23:39,334.08,22.0,0.0,0.0,0,1,0
1120,119,4,10,Delivered,2025-07-10,2025-07-10 14:09:34,858.38,32.0,14.57,125.07,30,1,0
1121,397,3,21,Delivered,2025-07-24,2025-07-24 14:40:00,196.8,20.0,19.29,37.96,0,1,0
1122,227,1,12,Delivered,2024-11-06,2024-11-06 19:57:49,350.89,27.0,22.91,80.39,0,0,
1123,205,4,22,Delivered,2025-09-25,2025-09-25 17:58:33,472.26,22.0,13.0,61.39,5,1,0
1124,80,5,2,Delivered,2024-04-14,2024-04-14 23:53:27,274.14,28.0,0.0,0.0,0,1,0
1125,228,1,11,Delivered,2025-04-01,2025-04-01 23:19:15,1081.57,28.0,24.98,270.18,0,0,
1126,105,4,12,Delivered,2025-10-05,2025-10-05 23:31:50,489.12,27.0,13.63,66.67,15,1,0
1127,43,3,18,Delivered,2024-02-19,2024-02-19 14:26:33,249.61,20.0,15.29,38.17,0,0,
1128,297,2,11,Delivered,2024-01-05,2024-01-05 19:15:28,588.7,28.0,16.66,98.08,0,0,
1129,220,1,18,Delivered,2024-03-04,2024-03-04 14:31:05,474.11,0.0,23.23,110.14,20,1,0
1130,207,3,11,Delivered,2025-07-17,2025-07-17 23:13:44,407.51,28.0,15.13,61.66,0,1,0
1131,257,4,7,Delivered,2025-11-22,2025-11-22 19:23:22,243.22,25.0,12.16,29.58,0,0,
1132,49,1,3,Delivered,2024-09-03,2024-09-03 21:49:28,193.51,45.0,23.26,45.01,5,0,
1133,214,3,16,Rejected,2024-01-14,2024-01-14 21:50:49,381.95,20.0,18.21,69.55,0,0,
1134,351,1,11,Delivered,2025-03-20,2025-03-20 21:03:33,421.59,28.0,22.68,95.62,15,1,0
1135,21,1,3,Delivered,2025-12-31,2025-12-31 10:47:31,726.84,45.0,24.11,175.24,0,1,0
1136,319,3,6,Delivered,2025-01-16,2025-01-16 13:38:05,641.6,30.0,15.11,96.95,30,1,0
1137,171,2,7,Delivered,2024-05-08,2024-05-08 22:41:34,279.74,25.0,16.91,47.3,20,1,0
1138,140,4,17,Delivered,2024-12-06,2024-12-06 23:18:06,324.91,20.0,13.19,42.86,0,1,0
1139,112,2,10,Delivered,2025-10-14,2025-10-14 13:17:47,675.98,32.0,16.5,111.54,20,0,
1140,175,5,4,Cancelled,2025-01-02,2025-01-02 21:26:14,372.97,35.0,0.0,0.0,0,1,0
1141,444,5,10,Delivered,2025-07-25,2025-07-25 12:33:14,442.16,32.0,0.0,0.0,30,1,1
1142,18,3,28,Delivered,2024-08-22,2024-08-22 15:57:06,209.81,20.0,18.65,39.13,25,1,1
1143,397,1,21,Delivered,2025-09-24,2025-09-24 09:39:34,564.8,20.0,21.84,123.35,0,1,0
1144,133,2,6,Delivered,2024-11-27,2024-11-27 19:09:59,600.09,30.0,17.14,102.86,0,1,0
1145,278,2,9,Delivered,2025-12-12,2025-12-12 12:13:52,753.81,42.0,15.51,116.92,0,0,
1146,195,1,28,Delivered,2025-09-25,2025-09-25 13:19:08,665.05,20.0,21.95,145.98,20,0,
1147,357,3,22,Delivered,2024-08-28,2024-08-28 22:55:50,563.81,22.0,18.48,104.19,50,1,0
1148,7,5,6,Delivered,2024-11-15,2024-11-15 13:45:46,402.84,30.0,0.0,0.0,0,1,1
1149,372,1,13,Delivered,2024-10-15,2024-10-15 23:42:43,199.01,25.0,24.22,48.2,0,1,0
1150,166,1,12,Delivered,2025-09-18,2025-09-18 17:59:58,390.23,27.0,24.98,97.48,0,0,
1151,305,1,6,Delivered,2025-05-02,2025-05-02 19:43:32,375.84,30.0,23.58,88.62,0,1,0
1152,383,5,15,Delivered,2024-06-06,2024-06-06 13:30:50,207.89,22.0,0.0,0.0,0,1,0
1153,75,1,35,Delivered,2025-09-07,2025-09-07 23:31:33,514.27,38.0,21.87,112.47,0,0,
1154,57,3,22,Delivered,2024-03-29,2024-03-29 17:06:52,525.79,0.0,16.08,84.55,20,0,
1155,10,2,1,Delivered,2024-01-11,2024-01-11 22:32:20,179.44,30.0,15.55,27.9,20,0,
1156,250,1,1,Delivered,2024-03-08,2024-03-08 12:03:30,673.42,30.0,21.96,147.88,0,1,0
1157,109,4,11,Delivered,2025-06-21,2025-06-21 22:35:28,409.35,28.0,14.06,57.55,0,1,0
1158,452,5,2,Delivered,2025-02-20,2025-02-20 23:35:15,635.77,28.0,0.0,0.0,0,0,
1159,368,1,1,Delivered,2025-02-18,2025-02-18 19:29:28,312.11,30.0,24.2,75.53,0,0,
1160,288,4,8,Delivered,2024-03-25,2024-03-25 17:51:15,466.82,40.0,13.54,63.21,0,0,
1161,485,2,12,Delivered,2025-06-28,2025-06-28 11:06:50,254.95,27.0,15.75,40.15,0,0,
1162,201,1,10,Refunded,2025-05-04,2025-05-04 14:27:36,419.91,32.0,23.79,99.9,0,0,
1163,17,2,6,Delivered,2025-03-11,2025-03-11 17:50:13,678.79,30.0,16.6,112.68,0,1,0
1164,398,1,7,Delivered,2025-12-31,2025-12-31 10:39:44,287.49,25.0,21.09,60.63,15,1,1
1165,369,1,34,Cancelled,2025-12-15,2025-12-15 20:35:13,359.97,20.0,24.35,87.65,20,0,
1166,320,2,35,Delivered,2025-06-27,2025-06-27 21:50:50,772.16,38.0,16.07,124.09,30,1,0
1167,129,2,31,Delivered,2024-11-12,2024-11-12 10:50:17,330.9,20.0,15.99,52.91,10,0,
1168,26,1,1,Refunded,2025-12-13,2025-12-13 14:53:16,240.77,30.0,24.0,57.78,0,0,
1169,131,1,14,Delivered,2024-06-02,2024-06-02 14:06:52,238.87,0.0,21.48,51.31,10,1,0
1170,132,2,29,Delivered,2024-02-07,2024-02-07 19:08:11,200.06,20.0,17.98,35.97,10,1,0
1171,359,4,3,Delivered,2025-06-08,2025-06-08 22:32:33,604.64,45.0,13.53,81.81,0,1,0
1172,84,1,16,Delivered,2025-05-09,2025-05-09 17:21:19,193.57,20.0,23.41,45.31,0,1,0
1173,140,1,17,Delivered,2025-05-28,2025-05-28 14:10:13,350.5,20.0,20.37,71.4,0,1,0
1174,206,4,5,Refunded,2025-03-16,2025-03-16 20:32:49,236.98,22.0,13.47,31.92,0,1,0
1175,457,5,11,Delivered,2024-03-19,2024-03-19 02:13:30,383.04,28.0,0.0,0.0,10,1,0
1176,346,4,3,Delivered,2025-08-19,2025-08-19 22:39:39,711.6,45.0,14.19,100.98,20,0,
1177,284,5,5,Delivered,2025-08-10,2025-08-10 23:55:49,198.19,22.0,0.0,0.0,0,1,0
1178,335,1,14,Refunded,2025-03-05,2025-03-05 18:17:23,386.0,25.0,24.42,94.26,0,1,0
1179,257,2,7,Delivered,2024-06-06,2024-06-06 01:29:12,214.29,25.0,16.53,35.42,0,1,0
1180,269,2,9,Cancelled,2025-10-28,2025-10-28 13:59:29,188.53,42.0,16.28,30.69,0,1,0
1181,47,1,10,Delivered,2025-08-15,2025-08-15 13:38:00,596.12,32.0,21.18,126.26,0,1,0
1182,368,2,1,Delivered,2024-07-15,2024-07-15 21:59:21,686.37,30.0,17.26,118.47,0,1,0
1183,229,1,4,Delivered,2025-06-15,2025-06-15 13:16:24,248.74,35.0,24.23,60.27,0,0,
1184,292,1,10,Delivered,2024-02-02,2024-02-02 01:05:46,658.89,32.0,22.36,147.33,50,0,
1185,110,4,15,Delivered,2025-05-23,2025-05-23 00:24:08,311.46,22.0,13.2,41.11,20,0,
1186,306,1,10,Delivered,2024-04-13,2024-04-13 10:13:20,830.57,32.0,20.97,174.17,50,1,0
1187,441,2,10,Delivered,2025-03-07,2025-03-07 02:57:09,551.19,32.0,15.52,85.54,50,0,
1188,356,1,1,Delivered,2024-03-14,2024-03-14 10:09:24,363.0,30.0,24.16,87.7,0,1,0
1189,391,3,20,Delivered,2025-11-06,2025-11-06 00:42:49,298.62,22.0,15.05,44.94,0,0,
1190,135,5,5,Delivered,2025-12-26,2025-12-26 20:45:07,435.39,0.0,0.0,0.0,15,1,1
1191,457,1,11,Cancelled,2025-11-26,2025-11-26 12:31:02,532.71,28.0,23.91,127.37,0,0,
1192,433,2,5,Delivered,2024-11-19,2024-11-19 14:01:13,307.18,22.0,15.01,46.11,10,1,1
1193,284,3,5,Delivered,2024-06-18,2024-06-18 14:20:06,1083.77,22.0,18.55,201.04,30,1,0
1194,457,3,11,Delivered,2025-10-05,2025-10-05 23:42:55,324.2,28.0,15.09,48.92,0,0,
1195,180,1,5,Pending,2025-08-11,2025-08-11 18:05:47,302.09,22.0,24.67,74.53,0,1,0
1196,180,1,5,Delivered,2025-01-24,2025-01-24 14:19:10,378.88,22.0,23.56,89.26,25,1,0
1197,265,1,35,Cancelled,2025-11-20,2025-11-20 14:39:30,646.27,38.0,20.52,132.61,0,0,
1198,152,3,22,Cancelled,2024-03-14,2024-03-14 17:02:16,546.86,22.0,16.49,90.18,0,0,
1199,189,1,29,Refunded,2024-03-08,2024-03-08 21:57:08,396.51,20.0,21.79,86.4,0,1,0
1200,76,1,15,Delivered,2025-03-02,2025-03-02 17:20:42,636.64,22.0,22.74,144.77,20,1,0
1201,387,1,9,Delivered,2025-06-21,2025-06-21 20:05:42,400.49,42.0,21.58,86.43,0,0,
1202,396,2,13,Delivered,2025-12-23,2025-12-23 14:00:16,485.15,25.0,17.14,83.15,0,1,0
1203,391,5,20,Delivered,2024-12-04,2024-12-04 13:53:36,498.43,22.0,0.0,0.0,0,1,0
1204,114,1,24,Delivered,2025-02-21,2025-02-21 23:40:41,380.83,20.0,20.52,78.15,0,0,
1205,106,1,5,Cancelled,2024-03-23,2024-03-23 02:49:56,464.43,22.0,22.06,102.45,20,1,0
1206,308,1,6,Delivered,2024-11-27,2024-11-27 21:44:19,240.3,30.0,20.26,48.68,0,1,0
1207,328,1,7,Delivered,2025-09-11,2025-09-11 17:33:16,362.22,25.0,22.82,82.66,10,1,0
1208,55,2,5,Delivered,2024-11-30,2024-11-30 14:46:58,470.47,22.0,15.34,72.17,0,1,0
1209,179,1,12,Delivered,2024-05-02,2024-05-02 18:57:47,177.48,27.0,20.57,36.51,0,1,0
1210,26,1,1,Delivered,2025-05-27,2025-05-27 14:53:44,630.82,30.0,22.18,139.92,0,1,0
1211,91,1,14,Refunded,2025-05-08,2025-05-08 18:21:48,299.24,25.0,24.71,73.94,0,1,0
1212,337,2,6,Cancelled,2025-03-10,2025-03-10 22:14:40,236.88,30.0,16.17,38.3,50,1,0
1213,398,4,7,Delivered,2024-08-24,2024-08-24 18:30:59,248.24,25.0,14.09,34.98,0,1,0
1214,185,1,24,Delivered,2024-04-27,2024-04-27 13:15:08,320.12,20.0,24.83,79.49,30,1,0
1215,34,2,8,Delivered,2025-06-13,2025-06-13 22:12:36,314.37,40.0,17.2,54.07,50,1,0
1216,240,5,11,Delivered,2025-02-08,2025-02-08 22:23:39,442.95,28.0,0.0,0.0,30,1,0
1217,278,1,9,Cancelled,2024-03-01,2024-03-01 00:45:43,624.8,0.0,20.06,125.33,0,0,
1218,92,5,29,Delivered,2024-12-31,2024-12-31 12:51:53,189.17,20.0,0.0,0.0,0,1,0
1219,455,5,10,Delivered,2025-10-24,2025-10-24 18:24:15,413.41,32.0,0.0,0.0,0,1,0
1220,133,1,6,Delivered,2024-06-27,2024-06-27 21:01:20,407.72,30.0,21.08,85.95,0,0,
1221,426,1,1,Delivered,2025-09-09,2025-09-09 20:54:21,445.11,30.0,24.42,108.7,0,1,0
1222,217,5,7,Refunded,2025-06-16,2025-06-16 20:16:02,419.23,25.0,0.0,0.0,0,1,1
1223,159,3,3,Delivered,2025-05-15,2025-05-15 16:12:55,236.98,45.0,19.41,46.0,5,0,
1224,83,1,10,Delivered,2025-05-20,2025-05-20 20:04:40,707.53,32.0,23.48,166.13,50,0,
1225,92,5,29,Delivered,2025-08-25,2025-08-25 13:54:23,650.25,20.0,0.0,0.0,30,1,0
1226,220,2,18,Delivered,2024-10-06,2024-10-06 19:09:08,270.17,20.0,16.17,43.69,0,1,0
1227,159,2,3,Delivered,2024-10-19,2024-10-19 19:05:11,382.27,45.0,15.28,58.41,0,0,
1228,358,1,35,Delivered,2024-06-24,2024-06-24 10:44:10,260.64,38.0,22.08,57.55,20,0,
1229,269,5,9,Delivered,2024-06-17,2024-06-17 22:32:07,1082.34,42.0,0.0,0.0,20,1,0
1230,287,4,9,Refunded,2025-02-14,2025-02-14 23:38:31,697.27,42.0,14.05,97.97,30,1,0
1231,390,1,8,Delivered,2024-07-22,2024-07-22 23:30:40,672.3,40.0,20.12,135.27,0,0,
1232,59,4,18,Delivered,2024-10-11,2024-10-11 20:22:50,173.7,20.0,13.51,23.47,50,1,0
1233,333,2,6,Delivered,2025-05-27,2025-05-27 22:03:46,133.95,30.0,15.68,21.0,30,1,0
1234,162,5,8,Delivered,2025-02-27,2025-02-27 00:10:09,267.21,40.0,0.0,0.0,15,1,1
1235,169,5,10,Delivered,2025-11-10,2025-11-10 10:12:23,876.28,32.0,0.0,0.0,0,0,
1236,344,2,9,Delivered,2024-12-25,2024-12-25 12:58:45,233.16,42.0,16.76,39.08,0,1,0
1237,439,2,20,Delivered,2025-09-26,2025-09-26 12:23:12,320.82,22.0,17.95,57.59,0,1,0
1238,198,5,2,Delivered,2024-01-16,2024-01-16 22:02:21,642.67,28.0,0.0,0.0,30,1,0
1239,401,1,9,Refunded,2025-08-17,2025-08-17 22:31:23,211.54,42.0,22.15,46.86,10,1,0
1240,86,1,16,Delivered,2025-06-07,2025-06-07 19:09:04,672.28,20.0,23.23,156.17,0,0,
1241,274,3,32,Delivered,2024-09-27,2024-09-27 20:31:26,618.96,20.0,18.62,115.25,20,1,0
1242,170,4,2,Delivered,2024-10-05,2024-10-05 23:57:35,516.33,28.0,12.55,64.8,50,0,
1243,92,5,29,Delivered,2025-02-13,2025-02-13 13:32:37,589.35,20.0,0.0,0.0,0,1,0
1244,243,1,25,Delivered,2024-12-27,2024-12-27 01:05:43,144.46,20.0,24.85,35.9,10,1,0
1245,288,1,8,Delivered,2024-08-05,2024-08-05 12:03:11,494.97,40.0,23.06,114.14,0,1,0
1246,239,4,17,Delivered,2025-02-04,2025-02-04 14:14:50,311.73,20.0,14.51,45.23,0,1,0
1247,288,3,8,Delivered,2025-03-01,2025-03-01 18:09:41,284.95,0.0,18.72,53.34,15,1,0
1248,311,1,10,Delivered,2024-05-04,2024-05-04 19:47:07,199.0,32.0,24.7,49.15,5,0,
1249,407,1,4,Delivered,2024-01-16,2024-01-16 20:55:15,487.99,35.0,21.25,103.7,0,1,0
1250,463,2,8,Delivered,2025-06-25,2025-06-25 21:15:37,740.68,40.0,17.98,133.17,30,0,
1251,427,4,6,Delivered,2025-04-24,2025-04-24 00:30:04,326.78,30.0,14.13,46.17,10,1,1
1252,429,5,11,Delivered,2025-02-20,2025-02-20 20:04:21,573.71,28.0,0.0,0.0,20,1,0
1253,415,1,15,Delivered,2025-06-12,2025-06-12 01:20:10,253.81,0.0,20.02,50.81,15,1,0
1254,461,2,32,Delivered,2024-07-10,2024-07-10 19:26:16,238.13,20.0,16.76,39.91,0,0,
1255,282,1,12,Delivered,2024-07-23,2024-07-23 18:34:24,207.62,27.0,23.51,48.81,0,1,0
1256,99,1,6,Delivered,2024-12-19,2024-12-19 14:30:20,563.15,30.0,24.04,135.38,0,1,0
1257,168,5,18,Delivered,2025-01-26,2025-01-26 10:53:58,354.16,20.0,0.0,0.0,0,1,0
1258,294,4,10,Cancelled,2025-01-18,2025-01-18 20:30:35,748.9,32.0,12.4,92.86,50,1,0
1259,234,1,4,Delivered,2024-08-18,2024-08-18 13:05:36,360.03,35.0,23.13,83.27,0,0,
1260,328,1,7,Refunded,2024-04-24,2024-04-24 19:42:27,200.45,25.0,21.71,43.52,0,1,0
1261,446,5,19,Delivered,2024-05-31,2024-05-31 22:25:03,552.16,20.0,0.0,0.0,50,1,0
1262,125,3,12,Refunded,2024-01-08,2024-01-08 14:14:04,493.43,27.0,19.51,96.27,0,1,0
1263,312,4,6,Delivered,2025-08-01,2025-08-01 12:05:28,497.53,30.0,13.01,64.73,0,0,
1264,435,2,30,Delivered,2024-08-06,2024-08-06 23:43:10,532.24,20.0,16.11,85.74,0,1,0
1265,130,5,10,Delivered,2025-03-08,2025-03-08 17:56:59,755.83,32.0,0.0,0.0,0,1,0
1266,239,1,17,Delivered,2024-08-13,2024-08-13 13:53:30,378.56,20.0,22.11,83.7,0,1,1
1267,83,1,10,Delivered,2024-08-24,2024-08-24 23:07:32,394.98,32.0,20.86,82.39,0,0,
1268,425,5,11,Delivered,2025-06-01,2025-06-01 12:21:09,183.94,28.0,0.0,0.0,0,1,0
1269,436,3,20,Delivered,2024-07-05,2024-07-05 18:53:08,384.28,22.0,19.04,73.17,0,1,0
1270,353,1,12,Delivered,2025-12-31,2025-12-31 19:12:27,424.55,27.0,23.2,98.5,10,0,
1271,88,3,5,Delivered,2024-07-19,2024-07-19 12:24:28,394.11,22.0,17.39,68.54,25,0,
1272,147,5,13,Delivered,2024-10-20,2024-10-20 11:27:21,144.48,25.0,0.0,0.0,5,1,0
1273,154,3,26,Delivered,2024-06-30,2024-06-30 22:42:40,158.51,0.0,16.77,26.58,0,1,0
1274,92,1,29,Cancelled,2025-02-27,2025-02-27 21:17:56,505.45,20.0,24.51,123.89,0,1,1
1275,140,5,17,Refunded,2024-06-18,2024-06-18 13:21:30,865.89,20.0,0.0,0.0,0,1,0
1276,313,1,5,Delivered,2025-06-30,2025-06-30 19:41:05,450.85,22.0,21.43,96.62,0,1,0
1277,416,1,1,Delivered,2025-12-19,2025-12-19 21:27:35,454.48,30.0,22.33,101.49,0,1,0
1278,91,2,14,Delivered,2024-07-09,2024-07-09 12:17:25,176.57,25.0,16.35,28.87,0,1,0
1279,460,2,2,Delivered,2024-06-11,2024-06-11 22:19:24,311.26,0.0,16.68,51.92,5,1,0
1280,376,2,9,Delivered,2025-05-03,2025-05-03 19:29:10,201.32,42.0,15.95,32.11,0,1,0
1281,116,1,1,Delivered,2024-06-08,2024-06-08 22:40:06,672.66,30.0,21.36,143.68,0,0,
1282,135,3,5,Delivered,2024-01-31,2024-01-31 22:31:35,498.53,22.0,16.7,83.25,0,1,0
1283,119,1,10,Delivered,2024-08-16,2024-08-16 15:30:29,888.03,32.0,22.68,201.41,30,1,0
1284,335,2,14,Delivered,2025-05-12,2025-05-12 20:32:07,642.56,25.0,16.87,108.4,30,0,
1285,31,2,5,Delivered,2025-02-26,2025-02-26 22:55:43,414.84,22.0,15.36,63.72,0,1,1
1286,367,2,10,Delivered,2025-02-15,2025-02-15 14:10:05,281.95,32.0,16.55,46.66,0,1,0
1287,319,1,6,Delivered,2024-01-18,2024-01-18 16:49:18,301.35,30.0,22.49,67.77,0,1,0
1288,55,1,5,Delivered,2024-05-11,2024-05-11 14:44:57,373.22,22.0,21.19,79.09,20,1,0
1289,189,5,29,Delivered,2025-01-23,2025-01-23 22:46:02,683.27,20.0,0.0,0.0,30,1,0
1290,391,1,20,Delivered,2024-01-18,2024-01-18 23:33:13,693.74,22.0,24.02,166.64,0,1,0
1291,202,1,2,Delivered,2024-07-07,2024-07-07 21:05:57,347.82,28.0,23.55,81.91,15,0,
1292,115,2,1,Delivered,2025-06-29,2025-06-29 19:21:14,306.31,30.0,15.83,48.49,0,0,
1293,468,3,22,Delivered,2024-03-14,2024-03-14 17:10:44,407.25,22.0,19.72,80.31,10,0,
1294,148,1,8,Delivered,2024-04-21,2024-04-21 14:48:06,277.0,40.0,23.65,65.51,0,1,0
1295,380,1,7,Delivered,2024-04-04,2024-04-04 17:31:13,622.16,25.0,20.29,126.24,0,1,0
1296,34,2,8,Delivered,2024-05-18,2024-05-18 13:56:03,801.83,40.0,15.34,123.0,0,1,0
1297,166,5,12,Delivered,2025-06-04,2025-06-04 12:29:34,275.22,27.0,0.0,0.0,0,1,0
1298,173,3,7,Delivered,2025-09-14,2025-09-14 13:41:40,382.57,25.0,16.3,62.36,10,0,
1299,422,1,9,Delivered,2024-02-13,2024-02-13 20:29:46,276.55,42.0,24.16,66.81,0,1,0
1300,396,1,13,Delivered,2024-01-12,2024-01-12 00:24:28,619.0,25.0,20.44,126.52,0,1,0
1301,408,1,3,Delivered,2024-06-23,2024-06-23 23:37:33,704.97,45.0,24.83,175.04,20,0,
1302,491,1,20,Delivered,2025-07-24,2025-07-24 23:27:02,371.83,22.0,23.81,88.53,0,0,
1303,66,1,2,Delivered,2025-06-16,2025-06-16 21:48:40,221.22,0.0,23.98,53.05,0,1,0
1304,129,3,31,Refunded,2025-06-06,2025-06-06 01:54:49,334.3,20.0,18.17,60.74,30,1,0
1305,281,1,4,Delivered,2024-01-20,2024-01-20 10:50:18,524.53,35.0,23.59,123.74,0,1,0
1306,80,3,2,Delivered,2025-07-02,2025-07-02 23:34:12,612.86,28.0,16.6,101.73,50,1,0
1307,110,1,15,Rejected,2024-08-15,2024-08-15 22:53:40,521.61,22.0,24.75,129.1,0,1,0
1308,64,2,11,Refunded,2024-04-13,2024-04-13 19:15:49,413.92,28.0,15.99,66.19,10,1,0
1309,320,1,35,Delivered,2025-12-21,2025-12-21 21:41:51,453.48,38.0,20.7,93.87,20,1,0
1310,203,1,33,Delivered,2025-05-19,2025-05-19 20:37:44,568.94,20.0,23.74,135.07,0,1,0
1311,198,5,2,Delivered,2025-07-16,2025-07-16 16:31:07,450.26,28.0,0.0,0.0,15,0,
1312,246,3,1,Delivered,2024-09-09,2024-09-09 19:25:34,317.42,30.0,17.34,55.04,0,1,0
1313,482,1,2,Delivered,2025-04-09,2025-04-09 13:13:35,626.21,28.0,22.69,142.09,0,1,0
1314,363,1,27,Delivered,2025-12-29,2025-12-29 21:39:44,494.24,20.0,23.28,115.06,0,1,0
1315,380,5,7,Delivered,2024-02-21,2024-02-21 23:13:47,132.66,25.0,0.0,0.0,25,1,0
1316,338,1,4,Delivered,2024-01-12,2024-01-12 12:33:22,732.6,35.0,23.09,169.16,0,1,1
1317,413,4,4,Delivered,2024-06-06,2024-06-06 17:18:06,275.01,35.0,13.14,36.14,50,0,
1318,80,1,2,Delivered,2024-10-01,2024-10-01 10:28:40,650.39,28.0,23.18,150.76,30,1,1
1319,122,1,19,Delivered,2025-02-13,2025-02-13 20:20:34,333.53,20.0,20.67,68.94,0,0,
1320,154,1,26,Delivered,2025-02-21,2025-02-21 21:34:34,201.28,22.0,22.87,46.03,0,1,0
1321,145,4,9,Delivered,2024-04-07,2024-04-07 18:33:49,674.94,0.0,14.29,96.45,20,0,
1322,231,5,10,Rejected,2025-02-03,2025-02-03 22:13:29,250.88,32.0,0.0,0.0,0,1,0
1323,475,2,13,Delivered,2025-05-08,2025-05-08 15:41:56,297.3,25.0,17.52,52.09,0,1,0
1324,11,4,14,Delivered,2025-02-26,2025-02-26 19:15:13,168.36,25.0,13.34,22.46,0,0,
1325,252,1,21,Delivered,2025-06-26,2025-06-26 19:04:27,610.12,20.0,23.23,141.73,20,0,
1326,112,1,10,Delivered,2025-10-22,2025-10-22 13:42:08,377.83,32.0,23.95,90.49,0,1,0
1327,166,5,12,Delivered,2024-09-08,2024-09-08 12:43:11,698.98,27.0,0.0,0.0,0,1,0
1328,288,1,8,Delivered,2025-03-08,2025-03-08 02:34:17,388.64,40.0,20.64,80.22,0,0,
1329,32,1,10,Delivered,2024-01-20,2024-01-20 12:05:41,850.74,32.0,21.15,179.93,0,1,0
1330,324,3,5,Delivered,2025-07-18,2025-07-18 17:16:23,436.67,22.0,15.61,68.16,50,1,0
1331,407,2,4,Delivered,2025-09-17,2025-09-17 14:42:15,499.85,35.0,16.81,84.02,0,0,
1332,380,1,7,Delivered,2024-08-22,2024-08-22 22:15:09,256.87,25.0,21.61,55.51,0,0,
1333,176,1,29,Refunded,2025-03-26,2025-03-26 17:24:19,792.73,20.0,23.37,185.26,20,1,0
1334,318,3,31,Delivered,2025-10-02,2025-10-02 22:48:04,495.12,20.0,16.48,81.6,30,1,0
1335,367,1,10,Delivered,2024-11-25,2024-11-25 11:38:59,461.02,32.0,21.22,97.83,0,1,0
1336,415,1,15,Delivered,2025-11-21,2025-11-21 18:59:30,202.32,22.0,22.23,44.98,0,1,1
1337,39,2,4,Delivered,2025-12-28,2025-12-28 12:22:05,675.46,35.0,16.51,111.52,0,0,
1338,376,5,9,Delivered,2025-01-16,2025-01-16 01:30:47,766.36,42.0,0.0,0.0,50,0,
1339,425,2,11,Delivered,2025-08-13,2025-08-13 20:24:03,491.1,28.0,17.47,85.8,0,1,0
1340,372,2,13,Delivered,2024-09-27,2024-09-27 16:28:15,468.71,25.0,17.21,80.66,10,0,
1341,139,1,1,Delivered,2025-03-15,2025-03-15 18:39:43,341.85,30.0,23.35,79.82,0,1,0
1342,131,2,14,Delivered,2025-08-20,2025-08-20 19:27:38,147.62,25.0,15.25,22.51,0,1,0
1343,131,2,14,Delivered,2025-02-01,2025-02-01 13:02:17,378.69,25.0,15.2,57.56,20,1,0
1344,281,5,4,Delivered,2025-01-11,2025-01-11 14:45:48,834.08,35.0,0.0,0.0,0,0,
1345,299,1,4,Delivered,2024-06-22,2024-06-22 11:49:00,532.28,35.0,20.22,107.63,0,1,0
1346,427,5,6,Refunded,2024-04-06,2024-04-06 18:28:26,732.62,30.0,0.0,0.0,0,0,
1347,346,5,3,Delivered,2024-01-05,2024-01-05 22:57:35,650.74,45.0,0.0,0.0,0,0,
1348,364,1,16,Delivered,2025-09-20,2025-09-20 21:14:37,624.47,0.0,21.59,134.82,0,0,
1349,300,1,30,Delivered,2025-02-08,2025-02-08 12:09:55,685.57,20.0,21.08,144.52,0,0,
1350,368,2,1,Delivered,2024-04-04,2024-04-04 21:40:30,477.76,30.0,17.1,81.7,0,1,0
1351,169,3,10,Refunded,2024-12-26,2024-12-26 17:29:11,820.05,32.0,16.82,137.93,30,0,
1352,93,2,6,Delivered,2024-05-23,2024-05-23 23:13:33,253.95,30.0,17.15,43.55,0,0,
1353,24,1,1,Delivered,2024-05-05,2024-05-05 19:55:43,631.57,30.0,24.46,154.48,0,1,0
1354,130,3,10,Delivered,2024-03-28,2024-03-28 17:08:09,216.46,32.0,15.46,33.46,20,1,0
1355,189,1,29,Delivered,2025-05-24,2025-05-24 12:17:04,675.14,20.0,22.21,149.95,0,0,
1356,134,3,5,Delivered,2024-04-12,2024-04-12 17:21:00,376.23,22.0,19.85,74.68,10,1,0
1357,278,2,9,Delivered,2025-05-19,2025-05-19 22:24:34,262.95,42.0,16.13,42.41,0,0,
1358,442,3,2,Delivered,2024-06-17,2024-06-17 14:33:04,654.55,28.0,18.7,122.4,0,1,0
1359,4,1,13,Delivered,2025-05-09,2025-05-09 16:48:16,294.98,25.0,22.49,66.34,0,1,0
1360,436,1,20,Delivered,2024-04-21,2024-04-21 22:30:12,164.3,22.0,21.3,35.0,0,1,0
1361,192,1,7,Delivered,2025-03-22,2025-03-22 17:37:23,647.3,25.0,21.81,141.18,50,1,0
1362,127,1,22,Delivered,2024-04-07,2024-04-07 02:17:47,592.41,22.0,22.88,135.54,0,1,0
1363,485,1,12,Delivered,2024-10-03,2024-10-03 12:51:08,425.77,27.0,20.21,86.05,0,1,1
1364,453,2,16,Delivered,2024-04-05,2024-04-05 02:36:40,658.43,20.0,16.15,106.34,0,1,0
1365,3,1,2,Delivered,2024-07-30,2024-07-30 17:41:26,196.51,0.0,20.19,39.68,0,1,0
1366,137,2,16,Rejected,2025-02-08,2025-02-08 19:44:04,188.82,20.0,15.69,29.63,0,1,0
1367,207,2,11,Cancelled,2025-04-04,2025-04-04 23:04:41,605.45,28.0,18.0,108.98,30,1,0
1368,459,2,8,Cancelled,2024-04-27,2024-04-27 14:10:48,296.82,40.0,17.64,52.36,0,0,
1369,274,1,32,Delivered,2025-02-28,2025-02-28 20:27:56,659.6,0.0,24.73,163.12,50,1,0
1370,423,2,10,Pending,2024-01-20,2024-01-20 14:40:09,602.65,32.0,17.16,103.41,0,0,
1371,182,2,14,Delivered,2025-07-31,2025-07-31 18:26:00,325.58,25.0,15.53,50.56,20,1,0
1372,8,2,4,Delivered,2025-02-02,2025-02-02 19:02:08,693.79,35.0,16.56,114.89,20,1,0
1373,465,1,13,Delivered,2024-03-08,2024-03-08 17:00:05,327.96,25.0,21.31,69.89,0,1,0
1374,404,3,35,Delivered,2024-08-01,2024-08-01 17:24:17,699.01,38.0,20.0,139.8,50,0,
1375,497,1,2,Delivered,2024-03-24,2024-03-24 12:10:11,484.77,28.0,24.41,118.33,0,0,
1376,383,1,15,Delivered,2024-03-21,2024-03-21 20:36:52,738.86,22.0,23.01,170.01,50,1,0
1377,246,3,1,Delivered,2024-11-16,2024-11-16 13:42:37,408.81,30.0,19.1,78.08,20,1,0
1378,426,1,1,Delivered,2025-12-26,2025-12-26 21:35:15,551.77,30.0,21.9,120.84,50,0,
1379,426,4,1,Delivered,2025-01-05,2025-01-05 21:13:24,169.4,30.0,13.66,23.14,30,1,1
1380,439,1,20,Delivered,2024-05-16,2024-05-16 15:38:55,167.88,22.0,20.33,34.13,0,1,0
1381,133,2,6,Delivered,2025-03-11,2025-03-11 17:00:04,256.2,0.0,17.18,44.02,0,1,0
1382,396,1,13,Delivered,2024-08-30,2024-08-30 19:19:27,548.19,25.0,21.31,116.82,0,1,0
1383,214,2,16,Delivered,2024-04-02,2024-04-02 02:11:41,418.85,20.0,16.7,69.95,25,1,0
1384,313,2,5,Cancelled,2025-06-04,2025-06-04 13:20:13,320.89,22.0,17.66,56.67,10,1,0
1385,124,2,1,Delivered,2024-04-16,2024-04-16 22:48:34,496.62,30.0,15.41,76.53,0,1,0
1386,334,2,12,Delivered,2025-02-03,2025-02-03 22:28:26,644.21,27.0,16.01,103.14,50,1,0
1387,414,2,7,Delivered,2024-06-03,2024-06-03 19:57:19,378.27,25.0,17.95,67.9,20,1,0
1388,437,1,4,Delivered,2025-02-14,2025-02-14 16:18:48,230.53,35.0,21.2,48.87,10,0,
1389,192,1,7,Delivered,2025-11-17,2025-11-17 20:41:09,303.22,25.0,20.38,61.8,0,1,0
1390,317,5,28,Delivered,2024-10-26,2024-10-26 12:47:29,679.21,20.0,0.0,0.0,50,1,0
1391,43,1,18,Delivered,2024-07-28,2024-07-28 23:46:40,413.71,20.0,24.42,101.03,20,0,
1392,335,1,14,Cancelled,2024-09-14,2024-09-14 20:39:38,629.55,25.0,23.14,145.68,50,1,0
1393,169,1,10,Delivered,2025-03-22,2025-03-22 02:05:45,692.39,32.0,22.03,152.53,30,0,
1394,462,2,35,Pending,2025-03-26,2025-03-26 03:06:27,413.7,38.0,15.32,63.38,0,1,0
1395,6,5,2,Delivered,2025-06-06,2025-06-06 22:55:30,320.05,28.0,0.0,0.0,5,1,1
1396,21,2,3,Delivered,2025-05-17,2025-05-17 23:21:38,889.4,45.0,17.11,152.18,0,0,
1397,460,1,2,Delivered,2024-10-07,2024-10-07 19:38:30,326.96,28.0,20.25,66.21,0,0,
1398,198,4,2,Delivered,2024-08-10,2024-08-10 13:48:13,456.41,28.0,14.04,64.08,50,1,0
1399,269,1,9,Delivered,2025-03-27,2025-03-27 17:07:26,266.08,42.0,23.62,62.85,15,1,0
1400,456,1,1,Delivered,2024-03-31,2024-03-31 03:52:05,719.67,30.0,24.75,178.12,30,1,0
1401,145,3,9,Delivered,2024-12-04,2024-12-04 12:20:33,595.3,42.0,18.75,111.62,0,0,
1402,31,2,5,Delivered,2024-05-11,2024-05-11 14:03:49,431.69,22.0,16.32,70.45,50,1,1
1403,144,4,8,Delivered,2025-10-09,2025-10-09 17:08:29,536.94,40.0,13.03,69.96,30,1,0
1404,130,2,10,Delivered,2024-03-18,2024-03-18 03:11:20,548.5,32.0,15.97,87.6,0,1,0
1405,486,4,25,Delivered,2024-01-04,2024-01-04 00:31:59,425.02,20.0,13.08,55.59,0,1,0
1406,14,2,20,Delivered,2025-04-10,2025-04-10 16:23:20,365.94,22.0,15.66,57.31,20,1,0
1407,329,5,30,Delivered,2024-08-09,2024-08-09 12:10:38,493.64,0.0,0.0,0.0,0,1,0
1408,420,1,2,Delivered,2025-08-27,2025-08-27 19:38:39,565.39,28.0,23.74,134.22,30,1,0
1409,139,5,1,Delivered,2025-07-30,2025-07-30 19:43:44,323.76,30.0,0.0,0.0,0,0,
1410,130,2,10,Delivered,2024-03-30,2024-03-30 03:41:50,407.39,32.0,17.44,71.05,0,1,0
1411,231,1,10,Delivered,2025-06-10,2025-06-10 20:00:18,865.03,32.0,24.03,207.87,0,1,0
1412,170,1,2,Delivered,2024-05-16,2024-05-16 23:46:40,617.89,28.0,21.72,134.21,0,0,
1413,226,2,1,Delivered,2024-07-03,2024-07-03 20:38:28,482.68,30.0,15.42,74.43,0,0,
1414,161,3,10,Delivered,2024-08-08,2024-08-08 15:28:28,828.84,32.0,16.03,132.86,0,0,
1415,50,1,1,Delivered,2024-12-05,2024-12-05 12:50:09,520.59,30.0,22.37,116.46,20,1,0
1416,33,1,26,Delivered,2025-03-22,2025-03-22 17:31:13,372.24,22.0,24.99,93.02,0,0,
1417,76,1,15,Delivered,2024-09-13,2024-09-13 13:36:40,585.51,22.0,22.87,133.91,20,0,
1418,423,1,10,Cancelled,2024-08-21,2024-08-21 23:47:30,374.72,32.0,24.21,90.72,0,1,0
1419,163,2,14,Refunded,2025-12-27,2025-12-27 20:17:05,476.87,25.0,17.82,84.98,0,1,0
1420,278,1,9,Delivered,2024-03-08,2024-03-08 23:30:17,646.86,42.0,23.27,150.52,0,1,0
1421,26,3,1,Delivered,2025-02-14,2025-02-14 19:50:45,311.18,30.0,15.92,49.54,50,1,0
1422,436,1,20,Delivered,2024-08-05,2024-08-05 22:48:07,291.38,22.0,20.97,61.1,5,0,
1423,46,1,4,Delivered,2025-10-11,2025-10-11 19:20:35,647.61,35.0,22.66,146.75,0,1,0
1424,95,1,24,Delivered,2025-10-06,2025-10-06 22:31:47,329.95,20.0,23.32,76.94,30,1,0
1425,442,1,2,Delivered,2024-02-14,2024-02-14 22:00:11,359.34,28.0,22.02,79.13,20,1,0
1426,277,1,8,Delivered,2025-12-17,2025-12-17 19:46:03,519.33,40.0,21.42,111.24,50,1,0
1427,424,1,9,Delivered,2024-09-28,2024-09-28 20:26:01,446.77,42.0,22.45,100.3,50,0,
1428,44,5,4,Delivered,2024-12-04,2024-12-04 14:19:36,701.97,35.0,0.0,0.0,0,1,0
1429,202,1,2,Delivered,2025-09-02,2025-09-02 22:02:08,621.93,28.0,24.59,152.93,0,0,
1430,304,1,3,Delivered,2024-08-12,2024-08-12 23:57:07,656.13,45.0,24.2,158.78,0,0,
1431,131,5,14,Delivered,2024-06-27,2024-06-27 00:44:38,301.12,25.0,0.0,0.0,25,1,0
1432,353,3,12,Delivered,2024-10-13,2024-10-13 23:21:37,145.81,27.0,17.79,25.94,0,1,1
1433,476,1,9,Delivered,2024-09-20,2024-09-20 01:57:20,547.27,42.0,24.79,135.67,30,1,0
1434,131,2,14,Delivered,2024-08-24,2024-08-24 23:31:20,330.35,25.0,16.42,54.24,0,0,
1435,162,2,8,Cancelled,2025-10-09,2025-10-09 19:35:05,768.84,40.0,16.15,124.17,50,1,0
1436,286,1,34,Delivered,2024-12-17,2024-12-17 12:05:38,674.51,20.0,20.69,139.56,0,1,0
1437,411,3,7,Delivered,2024-09-13,2024-09-13 18:55:39,490.54,25.0,16.66,81.72,0,1,0
1438,384,2,13,Delivered,2025-06-09,2025-06-09 21:09:55,1113.98,0.0,17.93,199.74,0,1,0
1439,303,1,5,Cancelled,2025-02-04,2025-02-04 14:43:15,450.73,22.0,22.1,99.61,0,0,
1440,437,2,4,Cancelled,2025-09-01,2025-09-01 20:27:32,492.18,35.0,17.56,86.43,20,0,
1441,242,1,25,Delivered,2025-03-05,2025-03-05 03:56:05,772.25,20.0,20.28,156.61,0,1,1
1442,417,5,20,Delivered,2025-05-16,2025-05-16 14:37:26,172.92,22.0,0.0,0.0,0,1,0
1443,246,4,1,Delivered,2025-10-26,2025-10-26 20:50:51,224.76,30.0,13.97,31.4,10,0,
1444,383,3,15,Cancelled,2024-12-10,2024-12-10 12:36:04,206.75,22.0,16.4,33.91,0,1,1
1445,115,1,1,Cancelled,2024-11-25,2024-11-25 23:09:37,136.88,30.0,22.54,30.85,0,1,0
1446,87,4,3,Delivered,2025-03-28,2025-03-28 17:01:14,427.64,0.0,13.97,59.74,25,0,
1447,3,1,2,Delivered,2025-01-29,2025-01-29 20:54:23,186.63,28.0,22.72,42.4,0,1,0
1448,260,1,6,Refunded,2025-10-02,2025-10-02 12:22:26,291.15,30.0,21.12,61.49,0,0,
1449,314,1,5,Delivered,2024-02-06,2024-02-06 14:48:47,152.45,22.0,24.56,37.44,10,1,0
1450,360,5,17,Rejected,2024-02-29,2024-02-29 13:42:48,337.13,20.0,0.0,0.0,20,1,0
1451,490,2,24,Delivered,2024-07-03,2024-07-03 20:40:24,133.76,20.0,15.65,20.93,0,1,0
1452,270,2,5,Cancelled,2025-11-23,2025-11-23 21:44:25,475.32,22.0,17.57,83.51,50,1,0
1453,93,1,6,Delivered,2025-03-04,2025-03-04 10:57:34,746.72,0.0,23.22,173.39,30,0,
1454,414,4,7,Delivered,2024-07-18,2024-07-18 14:42:55,280.68,25.0,12.01,33.71,0,1,0
1455,206,2,5,Cancelled,2025-11-15,2025-11-15 21:40:48,269.55,22.0,16.6,44.75,5,1,0
1456,437,1,4,Delivered,2025-12-07,2025-12-07 19:06:23,819.92,35.0,24.75,202.93,0,1,0
1457,145,1,9,Refunded,2024-05-23,2024-05-23 12:33:41,734.46,42.0,24.91,182.95,30,0,
1458,66,4,2,Delivered,2025-12-31,2025-12-31 12:27:56,204.14,28.0,12.23,24.97,0,1,0
1459,132,1,29,Delivered,2025-12-25,2025-12-25 00:24:36,326.75,20.0,22.45,73.36,0,0,
1460,77,4,3,Delivered,2025-04-18,2025-04-18 12:38:20,886.62,45.0,14.03,124.39,0,0,
1461,41,2,9,Delivered,2024-03-07,2024-03-07 00:45:46,268.95,42.0,16.35,43.97,50,0,
1462,127,2,22,Delivered,2024-05-31,2024-05-31 13:06:48,152.45,22.0,16.42,25.03,0,0,
1463,485,2,12,Delivered,2024-06-18,2024-06-18 21:41:05,1117.14,27.0,16.8,187.68,20,1,0
1464,194,2,16,Delivered,2024-06-02,2024-06-02 14:00:32,619.72,20.0,17.45,108.14,0,1,0
1465,149,3,33,Delivered,2025-09-20,2025-09-20 11:03:29,178.13,20.0,17.04,30.35,5,1,0
1466,72,1,3,Delivered,2024-03-28,2024-03-28 22:00:07,450.75,45.0,21.11,95.15,20,0,
1467,29,1,13,Delivered,2025-06-17,2025-06-17 20:24:41,345.76,25.0,24.49,84.68,20,1,0
1468,119,5,10,Delivered,2024-11-06,2024-11-06 19:50:12,885.26,0.0,0.0,0.0,0,0,
1469,398,1,7,Delivered,2024-09-12,2024-09-12 18:44:47,258.23,25.0,23.23,59.99,0,1,0
1470,166,5,12,Delivered,2025-05-19,2025-05-19 12:36:54,294.72,27.0,0.0,0.0,0,1,0
1471,300,2,30,Delivered,2024-12-16,2024-12-16 22:12:14,142.16,20.0,17.67,25.12,0,1,0
1472,82,2,17,Delivered,2024-12-23,2024-12-23 19:37:36,495.19,20.0,17.08,84.58,10,1,0
1473,7,5,6,Delivered,2024-01-23,2024-01-23 12:43:28,670.83,30.0,0.0,0.0,0,1,0
1474,483,2,2,Delivered,2025-02-25,2025-02-25 23:30:48,214.03,28.0,17.1,36.6,5,1,0
1475,490,5,24,Delivered,2025-12-31,2025-12-31 21:13:04,180.67,20.0,0.0,0.0,25,1,0
1476,430,2,22,Delivered,2025-11-21,2025-11-21 18:57:17,442.76,22.0,15.11,66.9,10,1,0
1477,175,1,4,Delivered,2024-11-19,2024-11-19 21:12:50,670.95,35.0,23.12,155.12,0,1,0
1478,441,1,10,Delivered,2025-05-06,2025-05-06 22:32:43,809.95,0.0,24.24,196.33,50,1,0
1479,286,2,34,Delivered,2024-01-28,2024-01-28 13:24:58,147.7,20.0,16.13,23.82,10,1,0
1480,374,2,11,Delivered,2024-12-27,2024-12-27 21:11:55,674.93,28.0,16.26,109.74,20,1,1
1481,93,1,6,Cancelled,2024-05-17,2024-05-17 13:07:00,311.6,0.0,21.64,67.43,0,0,
1482,271,1,5,Delivered,2024-08-14,2024-08-14 23:07:54,485.94,22.0,22.91,111.33,0,1,1
1483,300,2,30,Delivered,2025-10-03,2025-10-03 17:47:32,388.49,20.0,17.4,67.6,20,1,0
1484,251,2,1,Delivered,2025-12-12,2025-12-12 21:07:27,134.75,30.0,15.55,20.95,0,1,1
1485,437,4,4,Delivered,2025-03-16,2025-03-16 20:22:56,354.55,35.0,14.85,52.65,0,0,
1486,290,1,1,Delivered,2025-11-01,2025-11-01 19:21:49,215.61,30.0,24.54,52.91,0,1,0
1487,385,1,18,Delivered,2024-04-01,2024-04-01 03:51:18,597.25,20.0,22.95,137.07,0,0,
1488,441,2,10,Delivered,2024-01-17,2024-01-17 14:37:18,668.44,32.0,15.98,106.82,20,1,0
1489,27,2,9,Delivered,2025-12-27,2025-12-27 21:42:04,360.5,42.0,16.74,60.35,0,1,0
1490,135,1,5,Refunded,2024-12-27,2024-12-27 14:00:06,458.73,0.0,24.05,110.32,0,1,1
1491,179,1,12,Delivered,2025-10-11,2025-10-11 20:21:20,257.4,27.0,22.18,57.09,0,0,
1492,189,1,29,Delivered,2025-01-29,2025-01-29 09:39:05,319.75,0.0,22.5,71.94,0,1,0
1493,437,1,4,Delivered,2025-05-18,2025-05-18 21:54:36,729.33,35.0,22.36,163.08,20,1,0
1494,73,3,1,Delivered,2024-07-16,2024-07-16 14:50:42,485.68,30.0,17.32,84.12,0,1,1
1495,366,3,5,Delivered,2025-02-11,2025-02-11 20:12:30,339.32,22.0,15.78,53.54,0,1,0
1496,289,2,19,Delivered,2024-11-30,2024-11-30 21:05:30,695.28,20.0,17.36,120.7,0,1,0
1497,282,1,12,Delivered,2025-01-01,2025-01-01 20:52:14,281.6,27.0,24.07,67.78,0,0,
1498,148,3,8,Cancelled,2024-08-20,2024-08-20 15:12:01,380.25,40.0,19.61,74.57,0,0,
1499,173,1,7,Delivered,2024-09-11,2024-09-11 20:02:19,198.98,25.0,20.78,41.35,0,1,0
1500,166,1,12,Delivered,2024-05-21,2024-05-21 22:12:37,442.33,27.0,24.98,110.49,0,0,
1501,137,2,16,Delivered,2024-01-03,2024-01-03 12:11:06,547.59,20.0,16.27,89.09,0,1,0
1502,319,2,6,Delivered,2024-08-12,2024-08-12 15:48:13,494.28,30.0,17.39,85.96,10,0,
1503,85,1,5,Delivered,2024-07-18,2024-07-18 14:55:49,476.83,22.0,23.61,112.58,0,0,
1504,99,2,6,Delivered,2025-12-04,2025-12-04 23:54:08,586.91,30.0,16.88,99.07,0,1,1
1505,490,3,24,Delivered,2025-08-19,2025-08-19 18:13:21,246.49,20.0,17.37,42.82,25,1,0
1506,289,2,19,Delivered,2024-01-01,2024-01-01 12:54:30,347.25,20.0,15.98,55.49,0,1,0
1507,232,1,27,Delivered,2025-01-23,2025-01-23 13:34:54,363.25,20.0,22.09,80.24,0,1,0
1508,101,3,5,Delivered,2024-11-09,2024-11-09 21:05:13,466.58,22.0,17.6,82.12,50,1,0
1509,180,2,5,Delivered,2025-04-05,2025-04-05 21:44:51,492.39,22.0,15.78,77.7,0,1,1
1510,188,1,28,Cancelled,2025-04-24,2025-04-24 20:17:26,364.34,20.0,21.88,79.72,0,1,0
1511,63,1,12,Refunded,2024-02-03,2024-02-03 21:25:42,341.41,27.0,22.8,77.84,0,1,0
1512,134,1,5,Delivered,2025-03-04,2025-03-04 14:40:04,199.55,22.0,24.69,49.27,0,1,0
1513,166,1,12,Delivered,2025-12-15,2025-12-15 22:23:22,426.78,27.0,22.31,95.21,0,1,0
1514,185,5,24,Pending,2025-06-30,2025-06-30 21:19:29,277.53,20.0,0.0,0.0,50,0,
1515,207,2,11,Delivered,2025-01-28,2025-01-28 13:50:24,612.54,28.0,16.17,99.05,0,1,0
1516,321,1,17,Delivered,2024-05-17,2024-05-17 15:45:30,232.73,20.0,21.97,51.13,10,1,0
1517,30,2,17,Delivered,2025-04-21,2025-04-21 14:41:27,318.38,20.0,15.13,48.17,0,1,0
1518,159,1,3,Delivered,2024-12-12,2024-12-12 01:03:00,727.55,45.0,20.08,146.09,0,0,
1519,233,1,12,Delivered,2025-11-28,2025-11-28 20:39:34,483.42,27.0,20.96,101.32,20,0,
1520,144,3,8,Delivered,2024-11-13,2024-11-13 22:42:08,609.34,40.0,17.78,108.34,50,0,
1521,453,1,16,Delivered,2024-05-12,2024-05-12 10:52:13,670.38,20.0,23.35,156.53,0,1,0
1522,58,1,27,Delivered,2024-11-06,2024-11-06 19:31:43,145.25,20.0,23.02,33.44,20,1,1
1523,93,4,6,Delivered,2025-07-29,2025-07-29 15:59:44,624.77,30.0,14.35,89.65,20,1,0
1524,383,5,15,Refunded,2024-09-11,2024-09-11 13:01:28,346.26,22.0,0.0,0.0,0,1,0
1525,384,3,13,Delivered,2024-12-25,2024-12-25 19:33:34,164.53,25.0,15.22,25.04,10,1,0
1526,316,1,30,Delivered,2025-08-27,2025-08-27 21:52:19,472.54,20.0,22.92,108.31,0,1,0
1527,441,1,10,Delivered,2025-04-24,2025-04-24 12:14:01,190.95,32.0,20.33,38.82,0,0,
1528,413,4,4,Delivered,2025-08-24,2025-08-24 23:56:36,785.69,35.0,14.31,112.43,30,1,0
1529,453,1,16,Delivered,2025-10-16,2025-10-16 14:52:44,443.14,20.0,20.07,88.94,10,1,0
1530,168,2,18,Pending,2024-11-14,2024-11-14 12:43:01,501.5,20.0,15.27,76.58,0,0,
1531,480,3,17,Delivered,2025-01-08,2025-01-08 20:44:11,122.93,20.0,15.71,19.31,25,1,1
1532,375,1,1,Delivered,2025-02-06,2025-02-06 00:04:24,553.65,30.0,21.93,121.42,0,1,1
1533,122,5,19,Delivered,2025-06-29,2025-06-29 20:04:43,332.01,20.0,0.0,0.0,20,0,
1534,92,1,29,Delivered,2025-10-17,2025-10-17 21:30:39,472.0,0.0,22.61,106.72,10,1,1
1535,3,5,2,Delivered,2024-05-01,2024-05-01 11:23:05,580.69,0.0,0.0,0.0,0,1,0
1536,447,1,26,Delivered,2024-08-06,2024-08-06 20:46:26,323.07,22.0,24.6,79.48,0,1,0
1537,75,1,35,Delivered,2024-09-05,2024-09-05 23:27:40,356.08,0.0,23.08,82.18,50,1,0
1538,76,4,15,Delivered,2024-08-08,2024-08-08 17:14:26,372.66,22.0,14.29,53.25,0,1,0
1539,190,1,9,Delivered,2025-02-03,2025-02-03 23:31:09,252.35,42.0,24.36,61.47,5,1,1
1540,228,1,11,Delivered,2025-08-21,2025-08-21 23:20:51,163.96,28.0,20.16,33.05,20,1,0
1541,236,1,7,Pending,2024-09-05,2024-09-05 23:37:10,461.81,25.0,20.62,95.23,0,1,0
1542,119,1,10,Delivered,2024-08-26,2024-08-26 23:45:25,383.26,32.0,21.25,81.44,20,1,0
1543,195,1,28,Delivered,2024-06-19,2024-06-19 21:27:17,332.74,20.0,23.18,77.13,0,1,0
1544,192,2,7,Delivered,2025-05-02,2025-05-02 12:31:20,236.62,25.0,15.05,35.61,30,1,1
1545,78,1,11,Delivered,2024-09-01,2024-09-01 20:39:05,164.16,28.0,21.48,35.26,15,1,0
1546,375,1,1,Delivered,2025-10-14,2025-10-14 14:01:09,531.58,30.0,24.86,132.15,0,1,0
1547,71,1,19,Delivered,2025-07-22,2025-07-22 23:21:13,392.09,20.0,20.08,78.73,0,1,1
1548,76,5,15,Delivered,2025-02-21,2025-02-21 18:48:35,199.1,22.0,0.0,0.0,0,1,0
1549,3,3,2,Delivered,2025-12-11,2025-12-11 19:30:28,573.47,28.0,15.55,89.17,0,0,
1550,149,3,33,Delivered,2024-11-07,2024-11-07 21:27:53,228.32,20.0,17.4,39.73,20,1,1
1551,93,2,6,Delivered,2024-06-24,2024-06-24 22:20:52,312.47,30.0,17.41,54.4,0,0,
1552,378,1,5,Delivered,2025-10-05,2025-10-05 19:39:45,354.25,22.0,20.25,71.74,0,1,0
1553,308,2,6,Delivered,2025-08-07,2025-08-07 21:38:06,411.34,30.0,17.9,73.63,0,1,0
1554,466,1,12,Delivered,2025-07-01,2025-07-01 12:02:36,539.45,27.0,21.11,113.88,0,1,0
1555,350,4,35,Delivered,2025-06-21,2025-06-21 22:11:22,353.27,38.0,14.6,51.58,50,1,0
1556,133,1,6,Delivered,2024-06-09,2024-06-09 09:32:54,414.84,30.0,21.03,87.24,0,1,0
1557,363,1,27,Delivered,2025-05-25,2025-05-25 13:20:34,383.93,20.0,21.9,84.08,5,1,0
1558,92,2,29,Delivered,2025-08-23,2025-08-23 20:40:01,493.88,20.0,15.31,75.61,0,1,0
1559,80,2,2,Delivered,2025-03-15,2025-03-15 17:10:48,763.74,28.0,17.98,137.32,30,0,
1560,252,1,21,Delivered,2024-04-19,2024-04-19 14:25:03,404.33,20.0,21.71,87.78,0,0,
1561,68,1,2,Delivered,2024-01-25,2024-01-25 19:38:54,362.91,28.0,22.86,82.96,10,1,0
1562,92,2,29,Delivered,2025-06-05,2025-06-05 18:08:40,352.53,20.0,16.21,57.15,10,1,1
1563,205,1,22,Delivered,2025-12-30,2025-12-30 22:47:17,696.25,22.0,23.61,164.38,50,0,
1564,230,3,32,Delivered,2025-11-12,2025-11-12 21:19:40,169.22,20.0,15.73,26.62,0,1,1
1565,185,1,24,Delivered,2024-05-14,2024-05-14 13:20:55,655.57,20.0,23.72,155.5,0,0,
1566,490,1,24,Delivered,2024-04-23,2024-04-23 21:26:39,517.87,20.0,23.59,122.17,0,1,0
1567,219,1,32,Delivered,2024-11-01,2024-11-01 14:08:19,193.05,20.0,21.23,40.98,0,1,0
1568,57,1,22,Delivered,2024-06-07,2024-06-07 22:07:48,691.23,22.0,20.55,142.05,50,1,0
1569,180,2,5,Delivered,2025-01-07,2025-01-07 20:27:49,222.87,22.0,17.19,38.31,0,1,0
1570,450,3,19,Delivered,2025-10-06,2025-10-06 12:32:09,451.25,20.0,17.94,80.95,0,1,0
1571,470,5,6,Delivered,2025-07-24,2025-07-24 16:09:00,218.11,30.0,0.0,0.0,0,1,0
1572,222,2,15,Refunded,2024-02-25,2024-02-25 14:13:30,306.87,22.0,16.52,50.69,5,1,0
1573,391,1,20,Delivered,2024-12-11,2024-12-11 23:18:31,636.6,22.0,21.32,135.72,20,1,0
1574,476,2,9,Delivered,2024-07-01,2024-07-01 13:48:56,485.18,42.0,15.33,74.38,10,1,0
1575,68,1,2,Delivered,2025-01-10,2025-01-10 19:26:30,456.64,28.0,24.5,111.88,0,1,0
1576,398,5,7,Delivered,2025-05-26,2025-05-26 22:48:01,319.61,25.0,0.0,0.0,0,1,0
1577,326,5,6,Cancelled,2025-07-24,2025-07-24 21:35:59,190.84,30.0,0.0,0.0,25,1,1
1578,58,3,27,Rejected,2024-12-30,2024-12-30 22:12:18,507.39,20.0,16.31,82.76,50,1,0
1579,40,3,7,Delivered,2024-01-24,2024-01-24 13:26:14,402.1,25.0,18.79,75.55,30,0,
1580,231,2,10,Delivered,2024-05-17,2024-05-17 15:50:41,663.33,32.0,15.96,105.87,20,0,
1581,236,1,7,Delivered,2025-08-02,2025-08-02 19:28:56,203.54,25.0,22.23,45.25,20,1,0
1582,62,1,7,Delivered,2024-11-04,2024-11-04 23:52:18,396.15,25.0,20.9,82.8,0,1,0
1583,119,1,10,Delivered,2024-05-25,2024-05-25 23:14:44,240.81,32.0,21.95,52.86,0,0,
1584,162,2,8,Delivered,2025-12-26,2025-12-26 19:37:32,723.68,40.0,15.83,114.56,0,0,
1585,270,2,5,Cancelled,2024-04-10,2024-04-10 13:21:51,468.33,22.0,16.3,76.34,0,1,0
1586,382,1,4,Cancelled,2024-06-27,2024-06-27 22:26:51,363.34,35.0,24.63,89.49,0,1,0
1587,307,1,14,Delivered,2025-05-09,2025-05-09 22:37:00,311.95,25.0,23.86,74.43,0,1,0
1588,441,1,10,Delivered,2024-07-12,2024-07-12 18:57:15,314.47,32.0,23.24,73.08,0,1,0
1589,445,2,11,Delivered,2024-10-04,2024-10-04 19:22:53,491.68,28.0,16.17,79.5,0,1,0
1590,163,2,14,Delivered,2024-01-03,2024-01-03 20:00:23,595.9,25.0,15.99,95.28,0,1,0
1591,411,5,7,Delivered,2025-10-02,2025-10-02 22:53:37,289.81,25.0,0.0,0.0,0,1,0
1592,300,1,30,Delivered,2025-03-21,2025-03-21 17:44:02,642.74,20.0,22.59,145.19,0,1,0
1593,435,1,30,Delivered,2025-12-09,2025-12-09 14:20:27,366.97,20.0,21.38,78.46,0,0,
1594,3,2,2,Delivered,2024-06-28,2024-06-28 17:06:43,263.28,0.0,17.65,46.47,0,0,
1595,241,4,33,Cancelled,2025-03-23,2025-03-23 18:50:22,700.68,20.0,14.86,104.12,20,1,1
1596,356,1,1,Delivered,2024-11-27,2024-11-27 21:58:41,223.82,30.0,23.37,52.31,25,1,0
1597,31,5,5,Delivered,2024-04-16,2024-04-16 19:16:14,260.92,22.0,0.0,0.0,0,0,
1598,427,3,6,Delivered,2024-08-30,2024-08-30 21:30:02,271.56,30.0,16.33,44.35,0,0,
1599,500,1,18,Delivered,2024-04-14,2024-04-14 21:51:36,480.21,20.0,22.53,108.19,0,1,0
1600,445,2,11,Delivered,2024-08-01,2024-08-01 22:10:10,511.84,28.0,17.79,91.06,0,0,
1601,22,1,28,Delivered,2024-06-23,2024-06-23 19:37:45,697.01,20.0,21.72,151.39,0,1,0
1602,418,1,2,Delivered,2025-07-04,2025-07-04 12:19:25,611.54,28.0,23.99,146.71,0,1,0
1603,273,1,5,Delivered,2024-01-31,2024-01-31 10:59:59,421.33,22.0,24.0,101.12,0,1,0
1604,429,1,11,Delivered,2024-02-22,2024-02-22 17:03:56,280.99,28.0,20.29,57.01,20,1,0
1605,249,1,12,Delivered,2024-12-16,2024-12-16 11:24:00,318.08,27.0,21.27,67.66,0,0,
1606,441,1,10,Delivered,2024-01-25,2024-01-25 18:03:04,836.22,32.0,20.95,175.19,20,0,
1607,30,1,17,Delivered,2025-08-18,2025-08-18 23:06:27,170.88,20.0,21.16,36.16,0,1,0
1608,165,1,10,Delivered,2025-07-24,2025-07-24 19:00:30,364.63,32.0,24.94,90.94,50,0,
1609,292,1,10,Delivered,2024-12-27,2024-12-27 20:18:19,611.82,32.0,23.69,144.94,0,1,0
1610,335,3,14,Delivered,2025-01-17,2025-01-17 22:25:10,579.75,25.0,16.24,94.15,0,0,
1611,316,2,30,Delivered,2025-07-26,2025-07-26 13:51:20,420.7,20.0,17.72,74.55,50,1,0
1612,134,1,5,Delivered,2025-05-10,2025-05-10 13:21:07,310.18,22.0,22.67,70.32,0,1,0
1613,486,1,25,Delivered,2025-04-25,2025-04-25 20:30:27,460.32,20.0,20.04,92.25,0,1,1
1614,168,3,18,Delivered,2024-03-28,2024-03-28 17:03:17,759.12,20.0,15.66,118.88,0,1,0
1615,202,2,2,Delivered,2024-09-15,2024-09-15 21:10:51,357.62,28.0,15.36,54.93,0,1,0
1616,445,2,11,Refunded,2025-03-03,2025-03-03 12:16:10,474.18,28.0,16.83,79.8,0,0,
1617,230,4,32,Delivered,2025-03-10,2025-03-10 17:47:03,625.25,20.0,12.47,77.97,20,1,0
1618,476,5,9,Cancelled,2024-11-08,2024-11-08 18:53:24,444.01,42.0,0.0,0.0,0,0,
1619,450,3,19,Delivered,2025-04-11,2025-04-11 15:12:23,273.35,20.0,16.9,46.2,0,0,
1620,227,2,12,Delivered,2025-05-13,2025-05-13 19:40:14,496.26,27.0,16.77,83.22,10,0,
1621,250,1,1,Delivered,2025-05-20,2025-05-20 20:56:47,590.5,30.0,20.35,120.17,0,1,0
1622,168,1,18,Delivered,2024-03-17,2024-03-17 17:40:59,695.14,20.0,20.78,144.45,30,1,0
1623,220,5,18,Delivered,2025-10-19,2025-10-19 12:18:57,411.25,20.0,0.0,0.0,0,0,
1624,284,3,5,Delivered,2024-05-24,2024-05-24 14:57:23,174.5,22.0,19.71,34.39,0,1,0
1625,372,2,13,Delivered,2024-04-16,2024-04-16 20:41:14,181.04,25.0,16.49,29.85,0,1,0
1626,69,2,8,Delivered,2024-03-28,2024-03-28 17:36:33,273.11,40.0,15.36,41.95,0,1,1
1627,143,1,7,Delivered,2024-06-05,2024-06-05 11:14:33,350.56,25.0,23.31,81.72,0,1,0
1628,372,3,13,Delivered,2024-09-12,2024-09-12 12:59:46,596.15,25.0,16.27,96.99,0,0,
1629,288,3,8,Delivered,2024-02-14,2024-02-14 19:30:35,583.57,40.0,15.74,91.85,20,1,0
1630,196,4,11,Delivered,2024-09-01,2024-09-01 12:30:34,174.26,28.0,12.15,21.17,0,1,0
1631,76,1,15,Delivered,2024-07-08,2024-07-08 23:13:28,386.48,22.0,21.87,84.52,0,1,0
1632,240,3,11,Delivered,2025-10-31,2025-10-31 18:44:39,183.17,28.0,18.77,34.38,0,1,0
1633,230,1,32,Delivered,2024-11-11,2024-11-11 21:37:01,556.64,20.0,20.97,116.73,50,1,0
1634,159,5,3,Pending,2025-10-05,2025-10-05 22:22:44,603.89,45.0,0.0,0.0,0,1,0
1635,173,1,7,Delivered,2024-10-28,2024-10-28 21:27:25,248.57,25.0,21.68,53.89,0,0,
1636,95,1,24,Delivered,2024-07-14,2024-07-14 17:31:13,227.49,20.0,23.18,52.73,0,1,1
1637,84,2,16,Delivered,2025-02-07,2025-02-07 18:08:07,675.88,20.0,15.38,103.95,50,1,0
1638,314,1,5,Delivered,2025-02-21,2025-02-21 17:25:11,478.21,22.0,20.41,97.6,10,1,1
1639,31,2,5,Delivered,2025-05-10,2025-05-10 22:19:16,333.61,22.0,16.2,54.04,0,1,0
1640,477,1,19,Delivered,2024-02-21,2024-02-21 14:28:26,409.82,20.0,24.75,101.43,0,1,0
1641,123,1,21,Delivered,2025-01-28,2025-01-28 21:11:06,307.38,20.0,22.15,68.08,10,1,0
1642,379,5,14,Delivered,2024-03-13,2024-03-13 20:08:37,246.58,25.0,0.0,0.0,0,1,0
1643,380,5,7,Delivered,2025-01-11,2025-01-11 22:34:55,424.28,25.0,0.0,0.0,20,1,0
1644,342,3,1,Delivered,2025-02-21,2025-02-21 20:30:13,140.53,30.0,16.54,23.24,0,1,0
1645,42,3,5,Delivered,2025-08-25,2025-08-25 23:36:50,333.63,22.0,18.75,62.56,5,1,0
1646,117,1,14,Delivered,2024-04-17,2024-04-17 20:29:49,286.3,25.0,21.01,60.15,0,1,0
1647,94,2,12,Delivered,2025-02-12,2025-02-12 20:04:17,371.16,27.0,17.85,66.25,0,1,0
1648,379,1,14,Delivered,2024-05-06,2024-05-06 20:23:48,515.55,25.0,21.3,109.81,0,1,0
1649,101,2,5,Cancelled,2024-09-25,2024-09-25 12:04:16,476.58,22.0,17.12,81.59,0,0,
1650,21,2,3,Delivered,2024-01-21,2024-01-21 20:53:51,814.77,45.0,15.93,129.79,0,1,0
1651,225,1,5,Delivered,2024-05-25,2024-05-25 20:19:25,324.72,22.0,24.44,79.36,0,0,
1652,96,4,7,Delivered,2025-10-13,2025-10-13 13:08:25,374.63,25.0,14.29,53.53,0,1,1
1653,55,1,5,Delivered,2025-07-24,2025-07-24 23:23:32,398.52,0.0,21.3,84.88,0,1,0
1654,208,1,11,Delivered,2025-03-12,2025-03-12 02:13:59,707.9,28.0,21.62,153.05,0,0,
1655,366,3,5,Cancelled,2024-09-23,2024-09-23 23:48:01,403.93,22.0,15.56,62.85,50,1,1
1656,354,1,5,Refunded,2024-01-14,2024-01-14 21:30:28,261.92,22.0,22.15,58.02,0,0,
1657,249,2,12,Delivered,2025-09-13,2025-09-13 10:57:16,696.89,27.0,17.34,120.84,50,0,
1658,89,2,5,Delivered,2024-01-20,2024-01-20 14:55:10,131.47,22.0,15.24,20.04,25,1,0
1659,395,2,6,Refunded,2025-10-16,2025-10-16 18:28:38,375.52,30.0,16.78,63.01,0,1,1
1660,62,2,7,Delivered,2024-03-14,2024-03-14 17:33:45,780.28,25.0,17.54,136.86,0,1,0
1661,326,2,6,Delivered,2024-09-22,2024-09-22 23:52:01,641.2,30.0,15.34,98.36,0,1,1
1662,34,4,8,Delivered,2025-12-27,2025-12-27 12:12:06,529.47,40.0,13.71,72.59,0,0,
1663,333,3,6,Delivered,2024-04-06,2024-04-06 18:09:41,714.81,30.0,15.56,111.22,0,1,0
1664,400,5,16,Cancelled,2025-04-22,2025-04-22 14:41:56,449.21,20.0,0.0,0.0,0,1,1
1665,336,1,4,Delivered,2025-01-21,2025-01-21 23:58:43,826.33,0.0,24.79,204.85,0,0,
1666,375,2,1,Pending,2024-04-04,2024-04-04 20:47:17,639.79,30.0,16.8,107.48,0,1,0
1667,314,3,5,Delivered,2025-11-07,2025-11-07 16:22:17,189.48,22.0,19.43,36.82,0,1,0
1668,230,1,32,Delivered,2025-11-25,2025-11-25 20:28:11,170.85,20.0,21.57,36.85,20,1,0
1669,365,4,5,Delivered,2025-12-02,2025-12-02 13:31:30,151.76,22.0,13.82,20.97,20,1,0
1670,437,2,4,Rejected,2024-02-15,2024-02-15 16:35:20,403.73,35.0,15.53,62.7,10,0,
1671,315,3,10,Refunded,2025-01-11,2025-01-11 20:22:55,401.19,32.0,18.41,73.86,0,0,
1672,337,3,6,Delivered,2025-10-29,2025-10-29 20:37:14,146.37,30.0,17.39,25.45,0,0,
1673,141,3,7,Delivered,2025-10-08,2025-10-08 22:05:56,318.44,25.0,18.92,60.25,0,1,0
1674,391,2,20,Delivered,2025-06-02,2025-06-02 22:33:27,670.76,22.0,17.08,114.57,0,0,
1675,170,5,2,Refunded,2024-10-30,2024-10-30 21:49:25,402.73,28.0,0.0,0.0,0,1,0
1676,476,1,9,Cancelled,2025-12-15,2025-12-15 21:38:23,523.0,42.0,23.56,123.22,0,0,
1677,109,1,11,Refunded,2025-05-30,2025-05-30 22:45:30,332.35,28.0,21.58,71.72,15,0,
1678,119,4,10,Delivered,2025-11-28,2025-11-28 01:48:18,341.74,32.0,14.99,51.23,0,0,
1679,360,5,17,Delivered,2025-11-09,2025-11-09 21:18:49,484.78,20.0,0.0,0.0,0,1,0
1680,261,3,8,Delivered,2025-11-27,2025-11-27 12:06:24,536.49,40.0,15.54,83.37,0,0,
1681,212,2,10,Delivered,2025-07-20,2025-07-20 19:25:46,567.65,32.0,16.41,93.15,0,0,
1682,130,1,10,Delivered,2024-09-26,2024-09-26 12:47:59,809.45,32.0,22.85,184.96,0,0,
1683,111,1,5,Delivered,2024-01-13,2024-01-13 19:22:46,133.91,22.0,21.24,28.44,10,1,1
1684,26,1,1,Refunded,2025-04-03,2025-04-03 20:57:41,479.81,30.0,24.79,118.94,0,1,0
1685,373,1,2,Cancelled,2025-01-05,2025-01-05 19:32:01,190.08,28.0,22.7,43.15,15,1,0
1686,456,1,1,Delivered,2025-06-27,2025-06-27 19:00:10,535.64,30.0,20.38,109.16,30,0,
1687,43,1,18,Delivered,2024-11-08,2024-11-08 19:19:19,418.81,20.0,20.03,83.89,0,1,0
1688,154,1,26,Delivered,2025-01-09,2025-01-09 23:19:09,166.91,0.0,22.8,38.06,10,1,0
1689,340,3,6,Cancelled,2024-08-02,2024-08-02 14:19:42,173.73,30.0,18.56,32.24,0,1,0
1690,202,2,2,Delivered,2025-08-10,2025-08-10 19:55:13,464.39,28.0,17.97,83.45,15,1,0
1691,221,5,19,Delivered,2025-09-06,2025-09-06 12:57:21,296.31,20.0,0.0,0.0,50,1,0
1692,433,5,5,Delivered,2024-03-09,2024-03-09 09:17:12,433.78,22.0,0.0,0.0,0,1,1
1693,134,1,5,Delivered,2024-02-23,2024-02-23 14:42:42,329.81,22.0,24.69,81.43,30,1,0
1694,189,1,29,Delivered,2025-01-01,2025-01-01 20:14:03,280.77,20.0,20.27,56.91,15,1,0
1695,220,5,18,Delivered,2024-12-20,2024-12-20 21:49:58,270.03,20.0,0.0,0.0,0,1,0
1696,207,1,11,Delivered,2024-04-08,2024-04-08 18:01:58,644.83,28.0,23.63,152.37,0,1,1
1697,324,2,5,Delivered,2025-02-25,2025-02-25 22:15:32,465.96,22.0,15.56,72.5,20,0,
1698,7,2,6,Delivered,2024-03-29,2024-03-29 17:01:47,270.93,30.0,15.35,41.59,0,1,0
1699,360,4,17,Delivered,2025-06-23,2025-06-23 21:49:40,244.65,20.0,12.41,30.36,0,1,0
1700,56,1,6,Delivered,2024-04-16,2024-04-16 23:26:29,652.14,30.0,20.66,134.73,30,1,1
1701,192,1,7,Cancelled,2025-02-12,2025-02-12 21:20:47,410.67,25.0,20.68,84.93,0,0,
1702,185,3,24,Delivered,2024-03-30,2024-03-30 02:26:06,220.12,20.0,15.96,35.13,25,1,0
1703,425,2,11,Delivered,2025-05-14,2025-05-14 11:24:13,270.01,28.0,15.83,42.74,0,1,0
1704,233,4,12,Delivered,2024-02-26,2024-02-26 19:25:33,687.48,27.0,12.14,83.46,0,1,1
1705,31,2,5,Delivered,2025-09-16,2025-09-16 20:11:54,128.78,22.0,16.99,21.88,0,1,1
1706,25,2,16,Delivered,2024-09-09,2024-09-09 20:41:42,390.04,20.0,17.48,68.18,0,0,
1707,346,1,3,Delivered,2024-12-23,2024-12-23 13:08:59,655.41,45.0,23.27,152.51,0,1,0
1708,338,1,4,Delivered,2025-08-18,2025-08-18 23:34:03,706.44,35.0,20.33,143.62,0,0,
1709,240,3,11,Cancelled,2025-09-24,2025-09-24 21:07:50,448.27,28.0,17.99,80.64,25,0,
1710,176,2,29,Delivered,2024-01-20,2024-01-20 20:13:46,190.97,20.0,17.28,33.0,20,1,0
1711,43,1,18,Delivered,2024-04-03,2024-04-03 22:59:50,791.08,20.0,21.58,170.72,0,0,
1712,148,2,8,Rejected,2025-06-06,2025-06-06 15:36:42,580.51,40.0,16.79,97.47,50,1,0
1713,443,3,5,Delivered,2024-01-20,2024-01-20 13:23:21,419.49,22.0,15.81,66.32,0,1,0
1714,232,1,27,Delivered,2024-11-03,2024-11-03 20:01:05,435.79,20.0,22.92,99.88,0,1,1
1715,365,2,5,Delivered,2024-12-03,2024-12-03 19:20:18,387.45,22.0,17.47,67.69,0,1,1
1716,194,1,16,Delivered,2025-03-14,2025-03-14 10:39:56,624.1,20.0,23.98,149.66,0,1,0
1717,311,3,10,Delivered,2024-01-10,2024-01-10 20:26:01,727.26,32.0,19.15,139.27,0,0,
1718,129,1,31,Delivered,2025-12-09,2025-12-09 22:44:52,444.03,20.0,21.02,93.34,5,1,0
1719,357,3,22,Delivered,2024-04-19,2024-04-19 01:29:07,448.2,22.0,17.01,76.24,0,1,0
1720,386,1,3,Delivered,2025-10-30,2025-10-30 21:57:03,264.29,45.0,21.26,56.19,30,0,
1721,268,1,10,Delivered,2024-02-21,2024-02-21 19:08:05,795.9,0.0,23.36,185.92,0,1,0
1722,31,1,5,Delivered,2024-10-28,2024-10-28 11:59:58,192.26,22.0,21.17,40.7,20,1,0
1723,58,2,27,Delivered,2025-08-04,2025-08-04 19:55:19,195.25,20.0,16.62,32.45,25,1,0
1724,339,2,11,Delivered,2024-10-05,2024-10-05 23:22:10,510.02,28.0,17.22,87.83,0,1,0
1725,452,1,2,Delivered,2025-04-24,2025-04-24 17:28:38,633.17,28.0,21.79,137.97,20,1,0
1726,375,1,1,Delivered,2025-04-28,2025-04-28 20:12:06,134.45,30.0,23.46,31.54,20,1,0
1727,331,3,7,Delivered,2025-07-22,2025-07-22 23:29:24,450.15,25.0,19.42,87.42,0,1,0
1728,197,5,11,Refunded,2024-09-13,2024-09-13 16:43:56,350.99,28.0,0.0,0.0,0,0,
1729,201,5,10,Delivered,2025-01-13,2025-01-13 13:35:57,626.72,32.0,0.0,0.0,0,0,
1730,66,4,2,Delivered,2024-10-13,2024-10-13 19:45:03,658.18,28.0,13.37,88.0,0,1,0
1731,296,3,2,Delivered,2025-09-05,2025-09-05 22:24:39,277.79,28.0,16.33,45.36,0,1,0
1732,35,5,10,Delivered,2024-12-25,2024-12-25 23:48:40,490.02,32.0,0.0,0.0,0,0,
1733,445,1,11,Delivered,2025-06-06,2025-06-06 20:44:45,934.0,28.0,20.93,195.49,30,1,0
1734,420,2,2,Delivered,2025-10-09,2025-10-09 20:33:00,659.41,28.0,17.64,116.32,30,1,1
1735,478,3,5,Delivered,2025-12-22,2025-12-22 23:32:23,384.59,22.0,15.48,59.53,0,1,1
1736,330,2,13,Delivered,2025-03-14,2025-03-14 18:38:57,790.24,25.0,17.04,134.66,0,1,0
1737,314,1,5,Delivered,2025-09-15,2025-09-15 19:01:44,375.82,22.0,22.99,86.4,0,0,
1738,312,1,6,Delivered,2024-09-17,2024-09-17 21:24:38,459.85,30.0,20.62,94.82,5,0,
1739,442,1,2,Delivered,2025-02-02,2025-02-02 22:40:51,147.04,28.0,23.92,35.17,30,1,0
1740,148,1,8,Delivered,2024-12-26,2024-12-26 20:07:13,293.33,40.0,24.62,72.22,0,1,0
1741,14,5,20,Delivered,2024-05-12,2024-05-12 12:47:07,555.72,22.0,0.0,0.0,0,1,0
1742,313,2,5,Delivered,2024-12-27,2024-12-27 14:34:20,243.31,22.0,17.28,42.04,20,1,1
1743,212,1,10,Delivered,2024-09-26,2024-09-26 14:35:59,341.72,32.0,24.7,84.4,50,1,0
1744,164,4,5,Delivered,2024-09-01,2024-09-01 23:46:46,259.25,22.0,12.32,31.94,0,1,0
1745,439,3,20,Delivered,2025-11-01,2025-11-01 13:57:48,494.02,22.0,18.96,93.67,0,1,1
1746,197,1,11,Delivered,2024-10-30,2024-10-30 19:33:23,595.39,28.0,22.86,136.11,0,1,0
1747,143,1,7,Delivered,2025-07-15,2025-07-15 23:36:24,250.99,25.0,24.62,61.79,50,1,0
1748,495,3,14,Delivered,2024-12-26,2024-12-26 15:12:59,646.56,25.0,15.5,100.22,50,1,0
1749,139,4,1,Delivered,2024-09-28,2024-09-28 21:50:01,570.25,30.0,14.86,84.74,0,1,0
1750,231,1,10,Cancelled,2025-02-06,2025-02-06 14:41:59,696.52,32.0,23.34,162.57,0,1,0
1751,182,3,14,Delivered,2024-02-29,2024-02-29 23:31:53,437.1,25.0,19.58,85.58,0,0,
1752,6,3,2,Delivered,2025-12-08,2025-12-08 11:27:17,494.5,28.0,15.29,75.61,0,1,0
1753,209,1,21,Delivered,2024-07-28,2024-07-28 13:44:50,465.37,20.0,22.33,103.92,0,1,0
1754,126,5,9,Cancelled,2025-07-09,2025-07-09 16:23:47,195.07,42.0,0.0,0.0,30,1,0
1755,323,5,15,Delivered,2025-06-08,2025-06-08 22:36:32,956.91,22.0,0.0,0.0,0,0,
1756,246,1,1,Delivered,2025-04-17,2025-04-17 12:39:00,172.41,30.0,23.02,39.69,0,1,0
1757,442,1,2,Delivered,2024-02-19,2024-02-19 20:28:04,593.09,28.0,22.76,134.99,50,1,0
1758,64,5,11,Delivered,2025-04-18,2025-04-18 23:08:13,622.07,28.0,0.0,0.0,50,1,0
1759,185,1,24,Delivered,2025-12-09,2025-12-09 14:33:24,271.74,20.0,23.57,64.05,0,1,0
1760,315,1,10,Delivered,2024-09-25,2024-09-25 22:14:25,724.54,32.0,20.05,145.27,0,0,
1761,290,1,1,Delivered,2025-11-14,2025-11-14 22:01:21,479.19,30.0,21.15,101.35,0,1,0
1762,314,1,5,Delivered,2024-02-26,2024-02-26 23:33:21,492.6,22.0,24.61,121.23,25,1,0
1763,116,2,1,Delivered,2025-09-10,2025-09-10 22:32:18,672.32,30.0,17.6,118.33,50,1,0
1764,383,2,15,Delivered,2024-01-17,2024-01-17 20:13:03,402.6,0.0,16.57,66.71,20,0,
1765,22,5,28,Delivered,2025-11-01,2025-11-01 23:09:05,574.33,20.0,0.0,0.0,0,0,
1766,441,1,10,Delivered,2025-02-08,2025-02-08 13:08:08,249.14,32.0,22.76,56.7,50,1,0
1767,482,1,2,Delivered,2025-08-02,2025-08-02 14:09:26,507.72,28.0,22.67,115.1,0,1,0
1768,443,4,5,Delivered,2025-12-08,2025-12-08 21:32:29,279.36,22.0,13.35,37.29,10,1,1
1769,81,4,4,Delivered,2024-03-14,2024-03-14 18:43:53,259.34,0.0,13.07,33.9,0,0,
1770,442,2,2,Delivered,2024-11-27,2024-11-27 23:20:26,412.44,28.0,15.36,63.35,20,1,0
1771,14,1,20,Pending,2024-07-08,2024-07-08 21:24:29,434.18,22.0,21.31,92.52,0,1,1
1772,225,5,5,Delivered,2025-08-28,2025-08-28 14:14:21,385.63,22.0,0.0,0.0,10,1,1
1773,498,5,6,Delivered,2024-03-29,2024-03-29 20:58:55,414.05,30.0,0.0,0.0,0,1,0
1774,33,4,26,Delivered,2025-04-03,2025-04-03 15:17:49,353.68,22.0,12.54,44.35,0,1,0
1775,55,1,5,Delivered,2024-08-09,2024-08-09 23:22:09,261.71,22.0,20.81,54.46,5,1,0
1776,218,2,2,Delivered,2024-12-10,2024-12-10 14:26:51,388.86,28.0,16.89,65.68,0,1,0
1777,318,5,31,Delivered,2025-04-09,2025-04-09 12:48:59,131.89,0.0,0.0,0.0,0,1,1
1778,308,1,6,Delivered,2025-11-02,2025-11-02 21:57:52,466.11,30.0,23.03,107.35,0,1,0
1779,110,5,15,Delivered,2024-04-30,2024-04-30 12:11:20,466.95,22.0,0.0,0.0,0,0,
1780,181,3,17,Cancelled,2025-11-11,2025-11-11 20:33:47,162.24,20.0,15.9,25.8,30,1,0
1781,455,2,10,Delivered,2024-05-01,2024-05-01 21:57:42,412.75,32.0,17.17,70.87,50,1,0
1782,71,1,19,Delivered,2025-05-01,2025-05-01 14:17:56,376.22,20.0,24.79,93.26,20,1,0
1783,335,1,14,Delivered,2025-07-21,2025-07-21 22:18:11,464.38,25.0,24.95,115.86,30,0,
1784,327,2,11,Delivered,2024-10-12,2024-10-12 19:02:00,538.77,28.0,15.57,83.89,30,1,0
1785,489,3,5,Delivered,2025-04-30,2025-04-30 13:23:06,187.97,22.0,17.09,32.12,0,1,1
1786,231,1,10,Delivered,2024-09-20,2024-09-20 12:29:27,538.93,32.0,22.23,119.8,0,1,0
1787,220,1,18,Delivered,2025-08-28,2025-08-28 12:26:37,203.88,20.0,21.63,44.1,0,1,0
1788,103,5,9,Delivered,2024-06-08,2024-06-08 13:34:45,212.21,42.0,0.0,0.0,50,1,0
1789,9,1,5,Refunded,2024-05-18,2024-05-18 19:41:36,208.24,22.0,24.25,50.5,10,1,0
1790,334,2,12,Delivered,2024-04-05,2024-04-05 03:34:22,760.45,27.0,17.74,134.9,0,0,
1791,133,1,6,Delivered,2024-06-09,2024-06-09 22:56:33,395.97,30.0,22.6,89.49,0,1,0
1792,353,2,12,Delivered,2024-01-03,2024-01-03 12:54:20,562.77,27.0,15.68,88.24,0,1,0
1793,287,3,9,Delivered,2024-12-04,2024-12-04 22:08:30,426.81,42.0,19.84,84.68,10,0,
1794,485,5,12,Delivered,2025-09-27,2025-09-27 09:02:03,537.85,27.0,0.0,0.0,0,1,0
1795,182,2,14,Delivered,2024-11-26,2024-11-26 13:20:03,631.21,25.0,17.14,108.19,30,0,
1796,442,1,2,Delivered,2024-05-17,2024-05-17 20:28:38,600.68,28.0,22.14,132.99,50,0,
1797,222,2,15,Delivered,2024-08-28,2024-08-28 23:33:44,448.49,22.0,16.45,73.78,10,1,0
1798,414,3,7,Delivered,2025-07-01,2025-07-01 21:04:08,142.59,25.0,18.31,26.11,0,1,0
1799,168,1,18,Delivered,2025-01-18,2025-01-18 22:10:09,453.47,20.0,21.02,95.32,30,1,1
1800,6,4,2,Delivered,2024-04-07,2024-04-07 22:58:33,210.74,28.0,12.05,25.39,15,1,0
1801,291,2,5,Cancelled,2025-04-02,2025-04-02 22:51:13,378.13,22.0,16.42,62.09,0,1,0
1802,6,5,2,Delivered,2025-10-24,2025-10-24 01:21:11,412.84,28.0,0.0,0.0,0,1,0
1803,322,2,6,Delivered,2025-09-30,2025-09-30 14:58:08,401.2,30.0,16.23,65.11,0,1,0
1804,373,1,2,Delivered,2024-03-28,2024-03-28 13:48:18,529.32,28.0,21.34,112.96,0,0,
1805,240,5,11,Delivered,2024-10-01,2024-10-01 14:56:23,457.31,28.0,0.0,0.0,5,0,
1806,201,2,10,Delivered,2025-09-30,2025-09-30 09:44:21,779.99,32.0,16.75,130.65,0,0,
1807,170,1,2,Cancelled,2025-07-29,2025-07-29 20:59:40,506.02,28.0,22.14,112.03,0,1,0
1808,217,1,7,Delivered,2024-05-01,2024-05-01 21:27:24,349.71,25.0,24.91,87.11,0,0,
1809,145,1,9,Delivered,2024-04-08,2024-04-08 17:05:25,591.19,0.0,21.68,128.17,0,0,
1810,441,1,10,Cancelled,2025-08-20,2025-08-20 21:14:13,260.43,32.0,24.75,64.46,0,1,0
1811,445,1,11,Delivered,2024-01-26,2024-01-26 18:42:48,499.64,28.0,21.32,106.52,5,0,
1812,376,5,9,Delivered,2024-10-14,2024-10-14 21:05:36,821.78,0.0,0.0,0.0,0,0,
1813,382,3,4,Cancelled,2024-11-30,2024-11-30 19:01:40,449.83,35.0,18.67,83.98,25,1,0
1814,76,3,15,Delivered,2024-11-07,2024-11-07 23:36:19,464.87,22.0,18.42,85.63,5,0,
1815,206,5,5,Delivered,2025-01-10,2025-01-10 01:05:09,210.36,22.0,0.0,0.0,10,0,
1816,76,1,15,Delivered,2024-09-30,2024-09-30 21:36:28,494.23,22.0,20.86,103.1,0,1,0
1817,429,4,11,Delivered,2025-03-13,2025-03-13 17:16:13,638.41,28.0,12.11,77.31,30,1,0
1818,466,1,12,Delivered,2024-06-12,2024-06-12 22:28:33,514.56,27.0,22.98,118.25,50,0,
1819,387,1,9,Delivered,2025-09-24,2025-09-24 12:15:52,339.85,42.0,23.16,78.71,25,1,0
1820,305,1,6,Delivered,2024-12-02,2024-12-02 20:10:29,150.76,30.0,21.28,32.08,0,1,0
1821,17,1,6,Delivered,2025-02-21,2025-02-21 19:28:55,696.56,30.0,21.18,147.53,0,1,0
1822,73,2,1,Delivered,2024-11-23,2024-11-23 22:46:39,383.44,30.0,17.39,66.68,20,1,0
1823,476,1,9,Delivered,2025-09-11,2025-09-11 17:09:01,195.03,42.0,21.93,42.77,0,1,0
1824,204,1,14,Delivered,2025-04-08,2025-04-08 13:08:00,186.41,25.0,24.5,45.67,0,1,0
1825,426,4,1,Pending,2024-07-07,2024-07-07 19:47:54,270.36,30.0,13.02,35.2,10,0,
1826,22,1,28,Delivered,2025-01-03,2025-01-03 16:08:12,325.32,20.0,24.46,79.57,0,1,0
1827,304,3,3,Delivered,2024-08-29,2024-08-29 20:17:24,583.33,45.0,19.52,113.87,20,1,0
1828,328,5,7,Delivered,2024-04-18,2024-04-18 23:20:42,303.31,25.0,0.0,0.0,0,1,0
1829,337,3,6,Delivered,2024-02-16,2024-02-16 13:00:27,174.19,30.0,17.19,29.94,5,1,0
1830,383,1,15,Cancelled,2025-03-16,2025-03-16 03:36:10,418.93,0.0,23.99,100.5,0,0,
1831,435,5,30,Delivered,2025-07-08,2025-07-08 13:14:33,611.17,0.0,0.0,0.0,50,1,0
1832,236,2,7,Delivered,2024-11-30,2024-11-30 13:41:58,311.41,25.0,17.72,55.18,0,1,0
1833,155,2,24,Refunded,2024-03-18,2024-03-18 12:17:01,662.0,20.0,16.41,108.63,0,0,
1834,399,1,23,Delivered,2024-11-22,2024-11-22 22:22:08,623.33,20.0,21.98,137.01,0,1,1
1835,355,2,23,Delivered,2025-10-17,2025-10-17 20:02:30,617.63,20.0,17.42,107.59,0,1,0
1836,116,1,1,Delivered,2024-09-17,2024-09-17 22:36:33,271.34,30.0,23.7,64.31,0,1,0
1837,151,1,1,Delivered,2024-09-16,2024-09-16 21:31:01,246.6,30.0,21.67,53.44,0,0,
1838,117,1,14,Delivered,2025-07-07,2025-07-07 23:23:01,452.46,25.0,24.8,112.21,0,1,0
1839,166,3,12,Delivered,2024-03-05,2024-03-05 19:16:21,155.88,27.0,17.81,27.76,0,1,0
1840,106,4,5,Delivered,2025-12-09,2025-12-09 22:08:52,401.4,22.0,12.25,49.17,25,1,0
1841,377,2,11,Delivered,2024-08-17,2024-08-17 23:00:17,190.69,28.0,16.9,32.23,0,1,0
1842,358,1,35,Delivered,2025-03-04,2025-03-04 22:56:42,313.2,38.0,21.51,67.37,0,0,
1843,471,5,18,Delivered,2025-09-24,2025-09-24 21:49:30,512.38,20.0,0.0,0.0,0,1,1
1844,394,1,9,Delivered,2025-07-13,2025-07-13 17:16:41,618.27,42.0,24.0,148.38,0,0,
1845,229,5,4,Delivered,2024-06-08,2024-06-08 23:07:44,216.8,35.0,0.0,0.0,15,0,
1846,296,5,2,Delivered,2025-08-23,2025-08-23 17:53:13,670.87,28.0,0.0,0.0,0,1,0
1847,99,2,6,Delivered,2024-05-04,2024-05-04 14:20:37,674.46,30.0,16.85,113.65,0,1,0
1848,110,1,15,Delivered,2025-09-14,2025-09-14 14:37:16,242.64,22.0,23.64,57.36,0,1,0
1849,476,4,9,Delivered,2024-11-14,2024-11-14 20:57:38,347.83,42.0,13.32,46.33,0,1,0
1850,409,1,3,Delivered,2024-07-30,2024-07-30 17:40:04,688.25,45.0,22.85,157.27,0,1,0
1851,344,1,9,Delivered,2024-02-06,2024-02-06 21:01:53,341.94,42.0,21.73,74.3,0,0,
1852,1,1,2,Rejected,2024-08-02,2024-08-02 19:28:22,692.96,28.0,24.81,171.92,0,1,0
1853,411,1,7,Delivered,2024-11-17,2024-11-17 20:26:01,261.63,25.0,22.62,59.18,20,1,0
1854,233,1,12,Delivered,2025-09-24,2025-09-24 21:09:42,691.59,0.0,23.47,162.32,20,1,0
1855,84,3,16,Delivered,2025-08-09,2025-08-09 22:25:38,284.75,20.0,15.8,44.99,5,0,
1856,288,1,8,Delivered,2024-02-29,2024-02-29 21:58:46,787.38,40.0,21.08,165.98,0,0,
1857,437,5,4,Delivered,2024-08-29,2024-08-29 19:25:27,479.08,35.0,0.0,0.0,10,1,0
1858,490,3,24,Delivered,2024-03-30,2024-03-30 10:40:22,645.01,0.0,15.89,102.49,0,1,0
1859,402,2,3,Delivered,2024-06-06,2024-06-06 17:32:45,666.37,45.0,15.87,105.75,0,1,0
1860,278,2,9,Delivered,2025-11-07,2025-11-07 13:19:38,653.26,42.0,16.56,108.18,0,1,0
1861,73,1,1,Delivered,2024-01-04,2024-01-04 01:04:58,272.49,30.0,21.55,58.72,0,1,0
1862,418,1,2,Delivered,2025-07-13,2025-07-13 20:23:44,504.52,28.0,21.49,108.42,20,1,0
1863,283,3,10,Refunded,2024-09-07,2024-09-07 14:21:22,564.95,32.0,17.19,97.11,20,1,0
1864,16,1,4,Delivered,2024-03-12,2024-03-12 18:49:20,169.26,35.0,22.45,38.0,25,1,0
1865,437,1,4,Refunded,2025-04-17,2025-04-17 17:20:15,578.55,35.0,24.45,141.46,20,0,
1866,90,5,6,Delivered,2025-03-26,2025-03-26 18:32:28,320.84,30.0,0.0,0.0,0,1,0
1867,109,1,11,Delivered,2024-12-12,2024-12-12 17:04:57,682.81,28.0,24.04,164.15,0,1,0
1868,470,2,6,Cancelled,2024-04-17,2024-04-17 19:10:45,286.99,30.0,17.7,50.8,50,1,0
1869,84,1,16,Delivered,2024-06-30,2024-06-30 11:57:14,229.64,20.0,20.67,47.47,5,1,0
1870,425,1,11,Delivered,2024-02-10,2024-02-10 22:04:58,187.93,28.0,20.9,39.28,0,1,0
1871,445,1,11,Pending,2025-11-14,2025-11-14 00:13:58,641.01,28.0,22.27,142.75,50,1,0
1872,289,2,19,Delivered,2025-03-21,2025-03-21 02:07:11,683.16,20.0,17.47,119.35,0,1,0
1873,63,4,12,Delivered,2025-03-11,2025-03-11 18:45:33,431.4,27.0,14.94,64.45,0,0,
1874,456,1,1,Delivered,2025-05-14,2025-05-14 23:52:23,351.54,30.0,24.46,85.99,0,1,1
1875,104,1,10,Delivered,2025-11-30,2025-11-30 22:43:37,659.45,32.0,23.98,158.14,20,1,0
1876,51,1,26,Delivered,2024-08-25,2024-08-25 23:14:49,192.78,22.0,21.19,40.85,0,1,0
1877,444,2,10,Delivered,2025-09-05,2025-09-05 14:15:40,314.72,32.0,17.04,53.63,20,1,0
1878,6,3,2,Delivered,2025-08-15,2025-08-15 20:04:45,572.43,28.0,16.47,94.28,20,1,0
1879,351,2,11,Delivered,2025-10-31,2025-10-31 22:51:15,274.85,28.0,15.67,43.07,0,1,0
1880,110,1,15,Delivered,2024-09-26,2024-09-26 21:13:21,528.8,22.0,24.15,127.71,0,1,0
1881,110,2,15,Delivered,2025-05-29,2025-05-29 14:48:25,651.31,22.0,15.41,100.37,30,1,0
1882,423,1,10,Delivered,2025-04-12,2025-04-12 22:03:39,855.9,32.0,22.37,191.46,0,1,0
1883,270,1,5,Delivered,2025-01-06,2025-01-06 13:20:32,380.61,22.0,22.32,84.95,0,1,0
1884,337,1,6,Delivered,2025-09-19,2025-09-19 22:14:53,408.35,30.0,24.22,98.9,0,1,0
1885,286,3,34,Delivered,2025-01-10,2025-01-10 21:43:08,523.57,20.0,18.63,97.54,0,0,
1886,395,4,6,Delivered,2025-07-26,2025-07-26 13:07:25,474.22,30.0,14.54,68.95,0,1,1
1887,83,1,10,Delivered,2024-08-02,2024-08-02 20:00:35,502.01,32.0,20.2,101.41,0,0,
1888,187,1,1,Delivered,2025-07-31,2025-07-31 23:44:16,317.94,30.0,22.87,72.71,0,1,1
1889,403,3,6,Delivered,2024-10-12,2024-10-12 14:59:28,664.47,30.0,15.32,101.8,30,1,0
1890,112,5,10,Delivered,2024-09-09,2024-09-09 23:02:04,415.14,0.0,0.0,0.0,0,0,
1891,18,2,28,Delivered,2025-09-03,2025-09-03 11:41:26,257.97,20.0,17.75,45.79,10,1,0
1892,243,2,25,Delivered,2025-08-30,2025-08-30 19:39:25,287.43,20.0,15.71,45.16,0,0,
1893,484,5,14,Delivered,2025-02-19,2025-02-19 21:44:01,659.97,25.0,0.0,0.0,30,1,0
1894,92,1,29,Delivered,2025-04-23,2025-04-23 13:53:52,425.81,20.0,21.59,91.93,25,1,0
1895,326,1,6,Delivered,2025-07-18,2025-07-18 18:30:40,496.55,30.0,21.77,108.1,25,1,0
1896,206,2,5,Delivered,2025-07-24,2025-07-24 23:33:17,390.15,22.0,15.13,59.03,50,1,1
1897,66,5,2,Delivered,2025-02-27,2025-02-27 20:44:25,384.33,28.0,0.0,0.0,0,0,
1898,48,1,5,Delivered,2024-12-11,2024-12-11 19:18:31,151.35,22.0,24.26,36.72,10,1,0
1899,256,1,30,Delivered,2025-05-22,2025-05-22 17:11:41,271.69,20.0,22.46,61.02,5,0,
1900,349,1,2,Delivered,2025-08-28,2025-08-28 16:34:55,326.26,28.0,22.14,72.23,0,1,1
1901,423,2,10,Delivered,2025-01-03,2025-01-03 23:46:00,181.03,32.0,16.96,30.7,15,1,0
1902,377,2,11,Delivered,2024-11-14,2024-11-14 21:53:15,173.61,28.0,17.11,29.7,0,1,0
1903,97,4,10,Delivered,2025-03-26,2025-03-26 02:32:47,604.76,32.0,12.87,77.83,30,0,
1904,349,2,2,Cancelled,2024-10-30,2024-10-30 21:28:46,301.26,28.0,17.03,51.3,0,1,0
1905,203,1,33,Delivered,2024-04-06,2024-04-06 17:51:41,215.17,0.0,21.8,46.91,0,1,0
1906,110,1,15,Delivered,2025-02-02,2025-02-02 23:37:36,525.86,22.0,22.37,117.63,50,1,0
1907,367,5,10,Delivered,2024-02-25,2024-02-25 19:36:34,720.77,32.0,0.0,0.0,0,0,
1908,312,3,6,Delivered,2024-02-05,2024-02-05 23:40:30,237.81,30.0,17.75,42.21,0,1,0
1909,220,1,18,Delivered,2025-12-21,2025-12-21 20:42:08,613.76,20.0,24.04,147.55,0,1,1
1910,407,2,4,Delivered,2025-08-12,2025-08-12 12:26:58,677.46,35.0,16.53,111.98,20,0,
1911,175,2,4,Cancelled,2025-01-06,2025-01-06 12:56:25,431.49,35.0,17.43,75.21,20,0,
1912,219,1,32,Delivered,2025-10-18,2025-10-18 13:43:38,295.94,20.0,21.11,62.47,50,0,
1913,127,1,22,Delivered,2025-10-19,2025-10-19 20:33:00,503.26,22.0,21.26,106.99,0,1,1
1914,228,2,11,Cancelled,2024-04-26,2024-04-26 22:42:38,339.46,28.0,17.33,58.83,0,1,0
1915,80,1,2,Delivered,2025-06-30,2025-06-30 12:21:47,467.55,28.0,24.71,115.53,0,1,0
1916,65,2,26,Delivered,2024-11-07,2024-11-07 22:42:46,454.03,22.0,15.76,71.56,50,1,0
1917,372,3,13,Delivered,2024-03-30,2024-03-30 18:59:31,664.66,25.0,17.44,115.92,20,1,0
1918,21,2,3,Delivered,2025-09-09,2025-09-09 13:11:10,879.96,45.0,15.38,135.34,0,0,
1919,160,1,3,Delivered,2025-04-02,2025-04-02 14:11:19,272.1,45.0,23.47,63.86,20,0,
1920,295,4,19,Pending,2024-06-21,2024-06-21 12:05:14,477.58,20.0,13.58,64.86,20,1,0
1921,358,2,35,Delivered,2025-06-28,2025-06-28 19:21:54,651.16,38.0,15.13,98.52,20,1,0
1922,278,5,9,Delivered,2025-04-11,2025-04-11 16:29:59,742.3,42.0,0.0,0.0,30,0,
1923,357,1,22,Delivered,2025-06-19,2025-06-19 14:42:00,338.45,22.0,21.2,71.75,0,1,0
1924,387,5,9,Delivered,2025-07-02,2025-07-02 19:23:02,722.99,42.0,0.0,0.0,0,0,
1925,223,1,9,Delivered,2024-11-08,2024-11-08 13:51:47,691.29,42.0,20.63,142.61,0,0,
1926,49,1,3,Delivered,2025-04-04,2025-04-04 12:46:37,351.71,45.0,23.96,84.27,0,1,0
1927,460,1,2,Delivered,2024-01-02,2024-01-02 13:19:26,525.45,28.0,21.55,113.23,50,1,0
1928,84,5,16,Delivered,2025-04-18,2025-04-18 22:30:03,420.62,20.0,0.0,0.0,20,1,0
1929,8,1,4,Delivered,2024-07-05,2024-07-05 13:38:56,786.85,35.0,21.43,168.62,30,1,0
1930,489,2,5,Delivered,2024-11-14,2024-11-14 13:44:15,474.15,22.0,17.89,84.83,30,1,0
1931,164,1,5,Refunded,2024-11-24,2024-11-24 20:00:54,339.63,22.0,24.35,82.7,0,1,0
1932,394,1,9,Delivered,2025-08-18,2025-08-18 23:11:40,369.14,42.0,21.39,78.96,0,0,
1933,335,1,14,Delivered,2024-09-20,2024-09-20 16:36:32,358.5,25.0,23.57,84.5,0,1,0
1934,23,1,11,Delivered,2024-11-29,2024-11-29 17:56:46,182.98,28.0,20.91,38.26,0,0,
1935,257,3,7,Delivered,2025-11-29,2025-11-29 12:57:41,430.77,25.0,19.73,84.99,10,1,0
1936,454,1,14,Delivered,2025-03-20,2025-03-20 21:49:59,755.73,25.0,20.12,152.05,20,1,0
1937,440,1,23,Delivered,2025-01-09,2025-01-09 21:33:22,246.99,20.0,21.26,52.51,0,1,0
1938,35,1,10,Delivered,2024-02-22,2024-02-22 15:23:35,715.3,32.0,24.11,172.46,0,1,0
1939,6,1,2,Delivered,2025-05-18,2025-05-18 21:15:36,367.44,28.0,20.43,75.07,0,1,0
1940,168,1,18,Delivered,2024-12-23,2024-12-23 14:02:55,668.59,20.0,24.78,165.68,30,1,0
1941,303,1,5,Delivered,2025-04-19,2025-04-19 13:18:03,132.53,22.0,23.43,31.05,0,1,0
1942,374,1,11,Delivered,2025-11-13,2025-11-13 01:00:40,231.04,28.0,21.42,49.49,20,0,
1943,437,1,4,Delivered,2024-07-01,2024-07-01 23:29:12,525.91,35.0,20.43,107.44,0,1,0
1944,208,1,11,Delivered,2024-05-10,2024-05-10 16:08:43,528.4,28.0,23.07,121.9,0,1,0
1945,423,1,10,Delivered,2025-04-17,2025-04-17 19:43:34,333.09,32.0,23.35,77.78,0,0,
1946,270,1,5,Cancelled,2024-03-15,2024-03-15 17:28:08,233.85,22.0,23.27,54.42,15,1,0
1947,486,1,25,Delivered,2024-03-20,2024-03-20 03:06:19,400.2,20.0,22.02,88.12,0,1,1
1948,364,5,16,Delivered,2025-10-31,2025-10-31 19:03:41,354.5,20.0,0.0,0.0,0,1,0
1949,418,2,2,Delivered,2025-05-07,2025-05-07 22:43:10,449.29,28.0,16.67,74.9,50,0,
1950,11,3,14,Delivered,2024-10-16,2024-10-16 22:52:14,271.08,25.0,16.38,44.4,0,0,
1951,234,1,4,Delivered,2024-07-07,2024-07-07 20:15:30,455.21,35.0,22.92,104.33,0,1,0
1952,426,1,1,Delivered,2024-06-15,2024-06-15 13:11:02,273.67,0.0,22.0,60.21,0,1,0
1953,426,5,1,Delivered,2025-10-16,2025-10-16 23:05:46,646.22,30.0,0.0,0.0,20,1,0
1954,384,1,13,Delivered,2025-09-14,2025-09-14 13:07:55,391.62,25.0,20.19,79.07,0,1,1
1955,198,2,2,Delivered,2024-01-31,2024-01-31 20:01:52,360.59,28.0,17.66,63.68,10,1,0
1956,141,4,7,Delivered,2025-10-01,2025-10-01 22:49:39,337.63,25.0,14.34,48.42,50,1,0
1957,303,1,5,Delivered,2024-05-17,2024-05-17 12:58:49,494.58,22.0,23.4,115.73,15,1,0
1958,412,1,14,Delivered,2024-09-21,2024-09-21 13:24:51,134.16,25.0,20.84,27.96,0,0,
1959,424,3,9,Delivered,2024-09-01,2024-09-01 21:10:46,228.49,42.0,19.19,43.85,0,0,
1960,194,4,16,Cancelled,2025-05-18,2025-05-18 23:44:50,248.65,20.0,14.33,35.63,10,1,0
1961,75,5,35,Delivered,2024-01-16,2024-01-16 14:08:24,651.51,38.0,0.0,0.0,30,1,0
1962,3,5,2,Delivered,2025-10-29,2025-10-29 20:07:42,623.88,28.0,0.0,0.0,50,1,0
1963,25,1,16,Delivered,2025-09-05,2025-09-05 21:18:28,588.73,20.0,23.01,135.47,0,1,0
1964,124,3,1,Delivered,2024-05-14,2024-05-14 19:12:05,305.06,30.0,19.5,59.49,0,1,0
1965,26,3,1,Delivered,2025-07-02,2025-07-02 19:18:48,658.21,30.0,19.11,125.78,50,1,0
1966,498,3,6,Refunded,2025-11-24,2025-11-24 22:24:04,513.28,30.0,15.85,81.35,0,1,0
1967,486,3,25,Delivered,2025-02-08,2025-02-08 19:57:53,367.03,20.0,18.03,66.18,20,1,0
1968,444,1,10,Delivered,2024-02-13,2024-02-13 22:57:36,459.55,32.0,23.37,107.4,0,1,0
1969,411,2,7,Delivered,2024-01-28,2024-01-28 14:52:46,483.63,25.0,16.47,79.65,10,1,0
1970,208,1,11,Cancelled,2024-05-09,2024-05-09 22:04:00,209.54,28.0,21.97,46.04,10,0,
1971,290,1,1,Cancelled,2024-05-05,2024-05-05 12:48:03,610.25,30.0,20.03,122.23,20,0,
1972,17,1,6,Delivered,2024-10-25,2024-10-25 18:26:43,410.28,30.0,22.22,91.16,5,0,
1973,473,2,14,Delivered,2024-12-12,2024-12-12 19:48:53,606.99,25.0,15.97,96.94,50,0,
1974,119,1,10,Delivered,2025-09-25,2025-09-25 13:33:06,735.59,32.0,21.16,155.65,0,0,
1975,346,3,3,Refunded,2025-11-22,2025-11-22 10:54:27,206.12,45.0,19.16,39.49,0,0,
1976,109,1,11,Delivered,2024-05-03,2024-05-03 20:17:18,597.83,28.0,22.92,137.02,30,1,0
1977,206,1,5,Delivered,2024-04-26,2024-04-26 21:36:19,277.44,22.0,24.18,67.08,0,0,
1978,412,1,14,Delivered,2025-06-07,2025-06-07 19:15:00,1143.38,25.0,24.0,274.41,30,1,0
1979,389,5,1,Delivered,2024-05-23,2024-05-23 18:29:33,662.67,30.0,0.0,0.0,0,1,0
1980,294,1,10,Delivered,2025-09-19,2025-09-19 21:55:51,491.76,32.0,24.83,122.1,5,0,
1981,204,1,14,Delivered,2025-12-11,2025-12-11 13:55:19,278.21,25.0,22.94,63.82,0,1,0
1982,32,5,10,Delivered,2025-07-05,2025-07-05 20:10:45,710.72,32.0,0.0,0.0,20,1,0
1983,66,1,2,Delivered,2024-12-28,2024-12-28 21:26:25,634.9,28.0,24.37,154.73,0,1,0
1984,178,4,1,Delivered,2025-11-06,2025-11-06 23:49:39,165.6,30.0,13.6,22.52,0,0,
1985,426,4,1,Delivered,2025-03-20,2025-03-20 17:12:32,760.23,30.0,12.65,96.17,0,1,0
1986,21,5,3,Delivered,2024-03-13,2024-03-13 22:55:23,774.36,45.0,0.0,0.0,30,1,0
1987,17,3,6,Delivered,2024-03-08,2024-03-08 23:50:15,315.76,30.0,18.93,59.77,15,1,0
1988,130,2,10,Delivered,2024-07-12,2024-07-12 14:31:00,431.55,32.0,17.64,76.13,0,0,
1989,168,5,18,Delivered,2024-03-10,2024-03-10 19:42:06,697.39,20.0,0.0,0.0,0,1,1
1990,320,2,35,Delivered,2025-02-13,2025-02-13 21:32:03,679.44,38.0,17.21,116.93,0,0,
1991,40,1,7,Delivered,2024-12-25,2024-12-25 21:49:52,228.65,25.0,21.47,49.09,0,1,0
1992,103,1,9,Delivered,2024-11-17,2024-11-17 10:39:01,295.43,0.0,24.65,72.82,0,1,0
1993,148,5,8,Delivered,2025-01-29,2025-01-29 20:12:59,628.54,40.0,0.0,0.0,30,1,0
1994,441,4,10,Delivered,2024-06-19,2024-06-19 12:04:10,932.84,32.0,14.09,131.44,50,0,
1995,4,2,13,Delivered,2024-12-24,2024-12-24 14:40:01,182.3,25.0,16.13,29.4,0,1,0
1996,398,5,7,Delivered,2025-06-18,2025-06-18 13:01:15,416.38,25.0,0.0,0.0,20,0,
1997,476,1,9,Delivered,2025-04-11,2025-04-11 18:39:46,813.15,42.0,22.9,186.21,50,1,0
1998,295,1,19,Delivered,2024-05-17,2024-05-17 22:54:08,239.43,20.0,20.06,48.03,0,0,
1999,233,3,12,Delivered,2024-12-02,2024-12-02 19:57:49,586.56,27.0,17.61,103.29,0,0,
2000,412,1,14,Delivered,2024-11-26,2024-11-26 14:43:39,252.83,25.0,23.14,58.5,0,1,0
2001,321,1,17,Refunded,2024-03-08,2024-03-08 23:54:52,204.57,20.0,23.72,48.52,0,1,1
2002,173,4,7,Delivered,2024-01-08,2024-01-08 19:09:46,352.16,25.0,14.47,50.96,20,1,0
2003,450,1,19,Delivered,2024-09-21,2024-09-21 21:07:28,460.82,20.0,23.84,109.86,15,1,0
2004,276,2,12,Delivered,2024-04-10,2024-04-10 20:29:49,329.81,27.0,16.68,55.01,0,1,0
2005,240,1,11,Cancelled,2024-10-02,2024-10-02 13:09:30,645.62,28.0,24.95,161.08,20,1,1
2006,32,3,10,Delivered,2024-03-15,2024-03-15 18:40:47,563.3,32.0,18.2,102.52,30,0,
2007,227,5,12,Delivered,2024-11-14,2024-11-14 18:22:51,182.9,27.0,0.0,0.0,10,0,
2008,338,1,4,Delivered,2024-01-30,2024-01-30 22:58:58,462.81,35.0,21.63,100.11,10,1,0
2009,248,1,7,Delivered,2025-05-08,2025-05-08 14:47:59,407.56,25.0,22.55,91.9,20,1,1
2010,375,5,1,Delivered,2024-01-28,2024-01-28 14:05:32,436.09,30.0,0.0,0.0,20,1,1
2011,152,4,22,Rejected,2025-03-28,2025-03-28 21:11:13,629.03,22.0,13.79,86.74,0,0,
2012,234,1,4,Delivered,2024-08-19,2024-08-19 20:50:50,399.99,35.0,23.15,92.6,5,1,0
2013,12,2,16,Delivered,2025-05-04,2025-05-04 13:41:42,347.26,20.0,17.09,59.35,0,1,0
2014,206,5,5,Delivered,2025-04-08,2025-04-08 22:42:19,350.84,22.0,0.0,0.0,20,1,0
2015,180,1,5,Delivered,2024-12-03,2024-12-03 12:42:11,479.67,22.0,20.34,97.56,0,1,0
2016,236,5,7,Delivered,2024-04-04,2024-04-04 18:30:53,383.02,25.0,0.0,0.0,0,1,0
2017,195,2,28,Delivered,2024-02-25,2024-02-25 13:08:27,617.33,20.0,15.96,98.53,0,1,0
2018,326,1,6,Delivered,2025-05-09,2025-05-09 00:17:00,263.96,30.0,21.57,56.94,0,1,0
2019,284,1,5,Delivered,2025-01-30,2025-01-30 13:59:45,454.4,22.0,24.56,111.6,15,1,0
2020,114,3,24,Delivered,2025-01-02,2025-01-02 23:45:01,379.96,20.0,15.3,58.13,0,0,
2021,450,5,19,Delivered,2025-05-22,2025-05-22 13:01:31,226.66,20.0,0.0,0.0,25,1,0
2022,71,1,19,Refunded,2024-06-21,2024-06-21 19:54:40,415.25,20.0,20.71,86.0,0,1,0
2023,65,1,26,Delivered,2025-03-20,2025-03-20 03:44:25,714.71,22.0,22.43,160.31,0,0,
2024,102,1,24,Delivered,2024-09-03,2024-09-03 19:07:19,454.01,20.0,21.32,96.79,30,1,1
2025,413,1,4,Delivered,2025-07-16,2025-07-16 17:57:09,194.34,35.0,21.28,41.36,25,0,
2026,202,2,2,Delivered,2025-06-09,2025-06-09 13:31:52,791.08,28.0,15.65,123.8,20,1,0
2027,84,5,16,Delivered,2025-07-25,2025-07-25 19:58:27,168.59,20.0,0.0,0.0,0,1,1
2028,375,2,1,Refunded,2024-08-01,2024-08-01 21:53:58,321.62,30.0,16.48,53.0,30,0,
2029,133,1,6,Cancelled,2025-09-15,2025-09-15 22:30:01,320.26,30.0,21.54,68.98,0,0,
2030,454,5,14,Delivered,2025-06-23,2025-06-23 10:10:04,460.63,25.0,0.0,0.0,0,1,0
2031,483,2,2,Delivered,2024-07-05,2024-07-05 13:13:44,406.97,0.0,16.27,66.21,0,1,0
2032,38,1,14,Delivered,2025-01-19,2025-01-19 14:24:14,688.48,25.0,23.55,162.14,0,1,0
2033,192,1,7,Delivered,2024-11-15,2024-11-15 20:06:23,466.4,25.0,23.6,110.07,0,1,0
2034,265,1,35,Delivered,2024-06-24,2024-06-24 19:28:55,602.82,0.0,21.56,129.97,30,1,0
2035,119,2,10,Delivered,2024-06-05,2024-06-05 20:54:15,307.7,0.0,16.56,50.96,30,0,
2036,174,1,12,Delivered,2025-01-30,2025-01-30 15:29:54,158.21,27.0,21.46,33.95,15,1,0
2037,459,1,8,Delivered,2024-12-29,2024-12-29 12:29:53,738.03,40.0,21.42,158.09,0,1,0
2038,424,5,9,Delivered,2024-05-16,2024-05-16 17:38:09,495.71,42.0,0.0,0.0,25,0,
2039,129,3,31,Delivered,2025-02-05,2025-02-05 19:33:31,295.82,20.0,19.74,58.39,0,1,0
2040,108,2,11,Delivered,2024-09-28,2024-09-28 14:43:13,587.6,28.0,16.11,94.66,0,1,0
2041,252,1,21,Delivered,2025-05-22,2025-05-22 20:48:30,463.73,20.0,22.97,106.52,50,0,
2042,500,1,18,Delivered,2024-02-19,2024-02-19 20:15:25,134.38,20.0,21.47,28.85,25,0,
2043,79,1,12,Delivered,2024-07-22,2024-07-22 21:55:50,404.27,27.0,21.8,88.13,30,1,0
2044,382,2,4,Delivered,2024-03-14,2024-03-14 17:55:05,706.51,35.0,16.9,119.4,30,0,
2045,234,5,4,Delivered,2025-06-24,2025-06-24 11:21:21,194.99,35.0,0.0,0.0,5,0,
2046,135,5,5,Delivered,2025-12-22,2025-12-22 14:02:14,499.3,22.0,0.0,0.0,0,1,1
2047,161,1,10,Delivered,2025-06-26,2025-06-26 00:00:41,674.09,32.0,24.0,161.78,0,1,0
2048,299,5,4,Cancelled,2024-12-31,2024-12-31 23:16:33,785.83,35.0,0.0,0.0,50,1,0
2049,220,1,18,Delivered,2025-09-01,2025-09-01 20:48:28,629.22,20.0,20.9,131.51,0,0,
2050,373,3,2,Delivered,2025-10-06,2025-10-06 13:54:11,264.34,28.0,15.3,40.44,10,1,0
2051,471,3,18,Delivered,2024-10-30,2024-10-30 23:27:20,276.52,20.0,18.16,50.22,20,0,
2052,485,1,12,Delivered,2025-09-17,2025-09-17 20:51:23,367.6,27.0,24.49,90.03,0,1,0
2053,388,2,4,Delivered,2025-04-19,2025-04-19 12:49:19,356.51,35.0,17.75,63.28,0,1,0
2054,150,4,1,Delivered,2024-02-04,2024-02-04 21:31:19,243.71,30.0,12.34,30.07,5,1,0
2055,119,2,10,Delivered,2025-10-05,2025-10-05 14:21:56,375.91,32.0,16.14,60.67,0,1,0
2056,139,2,1,Delivered,2025-07-24,2025-07-24 15:49:14,546.54,30.0,16.67,91.11,0,1,0
2057,383,2,15,Delivered,2024-07-16,2024-07-16 23:45:29,564.51,22.0,17.66,99.69,0,0,
2058,448,1,34,Delivered,2024-04-07,2024-04-07 18:10:39,277.0,20.0,23.22,64.32,0,1,0
2059,455,1,10,Delivered,2025-07-02,2025-07-02 21:06:26,282.4,32.0,20.0,56.48,0,0,
2060,360,3,17,Delivered,2024-04-03,2024-04-03 14:40:03,727.48,20.0,18.72,136.18,0,1,1
2061,203,2,33,Delivered,2024-04-01,2024-04-01 17:23:43,454.66,20.0,17.98,81.75,0,0,
2062,441,1,10,Delivered,2024-07-14,2024-07-14 20:11:51,543.82,32.0,21.32,115.94,0,1,0
2063,31,4,5,Delivered,2025-05-05,2025-05-05 22:12:09,424.01,22.0,13.42,56.9,25,1,0
2064,212,4,10,Delivered,2024-06-23,2024-06-23 20:18:56,497.9,32.0,12.81,63.78,0,1,0
2065,363,1,27,Refunded,2025-09-07,2025-09-07 20:41:38,299.59,20.0,21.93,65.7,0,1,0
2066,367,2,10,Delivered,2024-09-16,2024-09-16 21:57:41,807.91,32.0,15.73,127.08,0,0,
2067,292,1,10,Delivered,2024-10-03,2024-10-03 15:51:24,238.77,32.0,21.78,52.0,0,0,
2068,315,1,10,Delivered,2024-06-14,2024-06-14 19:51:20,836.61,32.0,23.05,192.84,0,0,
2069,246,3,1,Delivered,2025-09-16,2025-09-16 21:35:52,217.42,30.0,17.57,38.2,0,1,0
2070,195,1,28,Delivered,2025-10-20,2025-10-20 22:33:23,401.67,20.0,24.59,98.77,15,0,
2071,242,5,25,Delivered,2025-10-06,2025-10-06 19:33:13,178.62,20.0,0.0,0.0,50,1,0
2072,168,1,18,Delivered,2024-09-24,2024-09-24 12:22:45,582.04,20.0,24.14,140.5,0,1,0
2073,398,1,7,Delivered,2024-08-25,2024-08-25 23:37:34,299.56,25.0,24.31,72.82,0,1,0
2074,395,1,6,Delivered,2025-10-25,2025-10-25 13:17:39,369.51,30.0,20.74,76.64,0,0,
2075,297,1,11,Delivered,2025-03-19,2025-03-19 11:11:51,793.13,0.0,20.52,162.75,0,0,
2076,260,5,6,Delivered,2025-05-09,2025-05-09 15:22:40,150.06,30.0,0.0,0.0,25,0,
2077,90,5,6,Refunded,2025-12-29,2025-12-29 19:59:51,336.05,30.0,0.0,0.0,0,1,0
2078,345,1,6,Delivered,2024-11-15,2024-11-15 21:59:48,466.96,30.0,24.04,112.26,0,1,0
2079,168,5,18,Delivered,2024-02-19,2024-02-19 20:04:35,688.08,20.0,0.0,0.0,20,0,
2080,500,3,18,Delivered,2024-06-18,2024-06-18 13:03:55,539.7,20.0,19.37,104.54,0,0,
2081,281,1,4,Delivered,2024-04-15,2024-04-15 22:08:45,275.27,35.0,24.34,67.0,30,1,0
2082,130,1,10,Delivered,2025-03-28,2025-03-28 18:04:46,599.67,32.0,21.89,131.27,30,1,0
2083,288,1,8,Delivered,2024-06-27,2024-06-27 17:43:55,373.7,40.0,21.58,80.64,30,1,0
2084,474,1,1,Delivered,2024-11-10,2024-11-10 22:51:02,200.12,30.0,23.69,47.41,30,1,0
2085,113,1,18,Delivered,2025-06-19,2025-06-19 18:41:11,519.51,20.0,22.9,118.97,0,1,0
2086,490,4,24,Pending,2024-06-30,2024-06-30 19:36:29,270.98,20.0,13.64,36.96,20,1,0
2087,40,1,7,Delivered,2024-04-05,2024-04-05 17:27:25,654.54,25.0,23.6,154.47,50,1,0
2088,84,2,16,Cancelled,2025-01-19,2025-01-19 11:17:07,370.02,20.0,17.4,64.38,0,1,0
2089,284,1,5,Delivered,2025-08-19,2025-08-19 22:25:43,349.75,22.0,20.68,72.33,0,1,0
2090,405,5,11,Delivered,2025-07-28,2025-07-28 22:37:07,637.09,28.0,0.0,0.0,0,1,0
2091,198,1,2,Delivered,2025-09-06,2025-09-06 19:34:27,598.74,28.0,21.31,127.59,0,1,1
2092,298,1,19,Cancelled,2024-03-20,2024-03-20 18:28:55,575.95,20.0,22.64,130.4,20,0,
2093,416,2,1,Delivered,2024-03-10,2024-03-10 22:14:58,339.45,30.0,15.46,52.48,0,1,0
2094,130,1,10,Delivered,2024-04-22,2024-04-22 22:01:32,731.19,32.0,23.35,170.73,0,0,
2095,336,1,4,Cancelled,2025-07-05,2025-07-05 23:07:46,199.07,35.0,22.97,45.73,0,0,
2096,23,1,11,Delivered,2024-07-04,2024-07-04 15:54:18,335.32,28.0,22.13,74.21,5,1,0
2097,482,1,2,Delivered,2024-07-19,2024-07-19 23:15:38,473.71,28.0,22.39,106.06,15,0,
2098,421,4,3,Cancelled,2024-01-19,2024-01-19 00:00:44,358.15,0.0,14.78,52.93,0,1,0
2099,199,2,2,Delivered,2025-11-30,2025-11-30 23:29:10,359.2,28.0,16.8,60.35,0,1,0
2100,410,1,26,Delivered,2025-03-08,2025-03-08 18:25:59,610.44,22.0,24.17,147.54,50,1,0
2101,487,1,6,Delivered,2025-11-09,2025-11-09 12:27:02,154.02,30.0,23.76,36.6,0,1,0
2102,208,1,11,Delivered,2025-02-11,2025-02-11 23:55:51,344.83,28.0,22.75,78.45,10,1,1
2103,94,1,12,Delivered,2024-03-01,2024-03-01 15:13:00,512.18,27.0,21.93,112.32,0,1,0
2104,49,2,3,Delivered,2024-05-15,2024-05-15 11:29:59,896.58,45.0,17.08,153.14,0,0,
2105,139,1,1,Delivered,2025-12-23,2025-12-23 13:12:53,429.94,30.0,24.42,104.99,15,0,
2106,338,1,4,Delivered,2025-03-15,2025-03-15 17:25:50,309.94,35.0,20.34,63.04,0,0,
2107,344,1,9,Delivered,2024-05-13,2024-05-13 21:08:54,676.28,42.0,21.65,146.41,0,1,0
2108,268,1,10,Delivered,2024-06-29,2024-06-29 12:33:46,888.52,32.0,20.61,183.12,20,1,0
2109,119,1,10,Delivered,2025-07-18,2025-07-18 20:30:52,295.38,32.0,24.88,73.49,0,1,0
2110,314,2,5,Cancelled,2025-04-22,2025-04-22 22:40:45,465.77,22.0,16.19,75.41,0,1,0
2111,456,5,1,Delivered,2024-11-30,2024-11-30 23:42:57,146.89,30.0,0.0,0.0,0,0,
2112,130,3,10,Pending,2025-02-09,2025-02-09 21:26:41,196.12,32.0,19.49,38.22,20,1,0
2113,328,5,7,Pending,2025-01-05,2025-01-05 21:18:47,276.11,25.0,0.0,0.0,20,1,0
2114,427,3,6,Delivered,2024-04-01,2024-04-01 22:42:45,321.72,30.0,18.73,60.26,20,1,0
2115,472,1,1,Delivered,2024-02-23,2024-02-23 12:24:12,642.07,30.0,23.19,148.9,50,1,0
2116,18,1,28,Pending,2024-03-08,2024-03-08 12:30:04,205.64,20.0,23.4,48.12,20,0,
2117,376,4,9,Delivered,2024-03-27,2024-03-27 02:25:52,623.65,42.0,14.91,92.99,20,1,0
2118,225,1,5,Delivered,2024-04-13,2024-04-13 12:51:09,128.72,22.0,24.71,31.81,0,1,0
2119,277,1,8,Delivered,2024-04-25,2024-04-25 21:11:23,511.94,40.0,22.33,114.32,50,0,
2120,480,2,17,Delivered,2025-03-13,2025-03-13 18:34:23,660.98,20.0,17.08,112.9,20,1,1
2121,277,5,8,Delivered,2024-04-05,2024-04-05 17:54:36,421.02,0.0,0.0,0.0,0,0,
2122,116,1,1,Delivered,2025-01-17,2025-01-17 20:37:48,461.32,30.0,22.68,104.63,0,1,0
2123,233,2,12,Delivered,2025-08-04,2025-08-04 21:23:56,579.31,27.0,15.41,89.27,50,0,
2124,284,2,5,Cancelled,2025-10-10,2025-10-10 21:38:46,121.98,22.0,15.56,18.98,0,0,
2125,236,1,7,Delivered,2025-09-30,2025-09-30 21:56:52,450.3,25.0,23.92,107.71,0,1,0
2126,226,1,1,Pending,2024-02-06,2024-02-06 09:32:50,592.14,30.0,20.69,122.51,0,1,0
2127,368,4,1,Delivered,2024-03-29,2024-03-29 02:36:25,798.4,30.0,14.11,112.65,0,0,
2128,214,4,16,Delivered,2025-10-22,2025-10-22 10:58:34,699.57,20.0,12.22,85.49,0,1,0
2129,219,1,32,Delivered,2025-11-07,2025-11-07 12:58:53,209.7,20.0,20.92,43.87,0,1,1
2130,324,2,5,Delivered,2025-07-24,2025-07-24 20:40:04,215.26,22.0,16.81,36.19,0,1,0
2131,205,3,22,Delivered,2024-05-20,2024-05-20 19:34:39,549.45,22.0,19.92,109.45,0,1,1
2132,146,4,14,Delivered,2025-05-05,2025-05-05 14:17:54,215.32,25.0,14.41,31.03,10,1,0
2133,221,2,19,Delivered,2024-04-13,2024-04-13 21:08:24,595.75,20.0,17.61,104.91,30,0,
2134,176,1,29,Delivered,2025-04-23,2025-04-23 20:53:20,426.85,20.0,24.8,105.86,0,1,0
2135,186,1,12,Delivered,2025-02-21,2025-02-21 22:12:59,390.35,27.0,23.37,91.22,0,1,0
2136,205,2,22,Delivered,2025-01-21,2025-01-21 22:40:04,599.49,22.0,16.45,98.62,0,0,
2137,246,1,1,Delivered,2024-01-25,2024-01-25 12:56:56,671.07,30.0,23.61,158.44,0,1,0
2138,315,1,10,Delivered,2025-08-21,2025-08-21 13:27:48,799.65,32.0,20.65,165.13,20,0,
2139,494,2,13,Delivered,2025-07-17,2025-07-17 13:03:19,641.93,25.0,17.29,110.99,0,1,0
2140,426,2,1,Rejected,2024-09-30,2024-09-30 22:36:06,537.06,30.0,15.69,84.26,30,1,0
2141,84,2,16,Pending,2025-07-20,2025-07-20 12:12:26,443.78,20.0,17.63,78.24,0,0,
2142,192,5,7,Cancelled,2024-08-27,2024-08-27 21:57:50,179.49,25.0,0.0,0.0,0,1,0
2143,64,5,11,Delivered,2025-09-15,2025-09-15 11:08:22,509.35,28.0,0.0,0.0,0,1,0
2144,202,1,2,Delivered,2024-01-28,2024-01-28 23:45:19,311.79,28.0,22.7,70.78,0,0,
2145,199,2,2,Delivered,2024-08-05,2024-08-05 13:16:38,432.39,28.0,15.81,68.36,0,1,0
2146,187,1,1,Delivered,2024-01-07,2024-01-07 19:54:55,648.55,30.0,25.0,162.14,20,1,0
2147,76,3,15,Delivered,2024-04-03,2024-04-03 20:45:38,798.7,22.0,18.7,149.36,0,1,0
2148,476,1,9,Delivered,2024-07-11,2024-07-11 23:11:34,246.96,42.0,24.73,61.07,15,0,
2149,189,1,29,Delivered,2024-04-07,2024-04-07 17:18:05,253.66,0.0,23.86,60.52,0,1,0
2150,382,1,4,Delivered,2025-04-21,2025-04-21 11:01:44,241.6,35.0,21.41,51.73,0,1,0
2151,308,1,6,Delivered,2024-06-17,2024-06-17 21:06:03,838.25,30.0,21.96,184.08,20,0,
2152,203,4,33,Delivered,2025-12-17,2025-12-17 09:21:25,537.63,20.0,14.09,75.75,50,1,0
2153,500,2,18,Rejected,2024-06-06,2024-06-06 00:44:40,379.67,20.0,17.68,67.13,20,0,
2154,390,1,8,Delivered,2024-04-17,2024-04-17 12:04:42,896.99,40.0,22.11,198.32,0,0,
2155,314,4,5,Delivered,2025-12-28,2025-12-28 14:36:12,464.98,22.0,14.91,69.33,0,1,0
2156,472,4,1,Cancelled,2025-06-05,2025-06-05 13:19:45,542.8,30.0,14.18,76.97,0,0,
2157,119,1,10,Delivered,2025-03-13,2025-03-13 20:55:22,349.57,32.0,20.41,71.35,0,0,
2158,119,2,10,Delivered,2025-09-09,2025-09-09 13:04:14,873.62,32.0,17.68,154.46,20,1,0
2159,248,3,7,Delivered,2024-06-10,2024-06-10 22:41:00,207.2,25.0,19.07,39.51,0,1,0
2160,7,1,6,Delivered,2025-09-12,2025-09-12 23:17:08,486.26,30.0,20.47,99.54,0,1,0
2161,426,1,1,Delivered,2024-09-20,2024-09-20 00:40:18,660.04,30.0,20.73,136.83,0,1,0
2162,447,4,26,Refunded,2025-01-09,2025-01-09 19:08:31,529.45,22.0,13.25,70.15,0,0,
2163,415,2,15,Cancelled,2025-06-06,2025-06-06 01:34:40,620.74,22.0,16.35,101.49,50,1,0
2164,250,5,1,Delivered,2024-09-08,2024-09-08 21:29:02,561.42,30.0,0.0,0.0,0,0,
2165,314,4,5,Delivered,2024-09-05,2024-09-05 19:41:18,180.81,22.0,13.82,24.99,0,1,0
2166,55,1,5,Delivered,2025-04-17,2025-04-17 22:35:47,296.11,0.0,20.01,59.25,30,1,0
2167,21,1,3,Refunded,2025-08-17,2025-08-17 23:14:35,223.91,45.0,22.61,50.63,0,0,
2168,236,5,7,Delivered,2024-08-22,2024-08-22 17:01:56,491.03,25.0,0.0,0.0,5,1,0
2169,472,2,1,Delivered,2024-09-15,2024-09-15 12:43:24,321.46,30.0,15.44,49.63,0,1,0
2170,476,3,9,Delivered,2024-10-09,2024-10-09 21:18:30,816.9,42.0,16.54,135.12,50,0,
2171,166,4,12,Delivered,2025-01-16,2025-01-16 13:45:12,611.38,27.0,13.65,83.45,0,1,0
2172,494,2,13,Delivered,2025-01-27,2025-01-27 14:48:53,396.79,25.0,16.82,66.74,0,1,0
2173,357,1,22,Cancelled,2025-07-28,2025-07-28 17:42:23,689.61,0.0,24.82,171.16,20,1,0
2174,106,3,5,Delivered,2025-04-22,2025-04-22 22:50:31,136.07,22.0,15.12,20.57,0,1,1
2175,185,1,24,Delivered,2024-07-03,2024-07-03 15:30:53,133.58,20.0,21.22,28.35,10,0,
2176,52,1,8,Delivered,2024-02-13,2024-02-13 21:38:10,748.47,40.0,23.06,172.6,20,1,0
2177,396,1,13,Delivered,2025-05-29,2025-05-29 00:01:39,415.3,25.0,24.79,102.95,25,0,
2178,154,2,26,Delivered,2024-04-29,2024-04-29 11:57:31,514.37,22.0,17.37,89.35,0,1,0
2179,276,5,12,Refunded,2024-06-12,2024-06-12 09:25:12,215.91,27.0,0.0,0.0,0,1,0
2180,35,1,10,Delivered,2024-09-24,2024-09-24 22:32:21,653.42,32.0,23.0,150.29,0,0,
2181,282,4,12,Pending,2025-11-05,2025-11-05 14:26:40,577.08,27.0,14.61,84.31,0,1,0
2182,163,3,14,Delivered,2024-10-25,2024-10-25 23:04:23,147.46,25.0,17.14,25.27,10,1,0
2183,144,1,8,Delivered,2024-02-15,2024-02-15 21:03:29,473.61,40.0,23.15,109.64,30,0,
2184,500,4,18,Delivered,2024-04-12,2024-04-12 21:16:43,519.4,20.0,13.02,67.63,30,1,1
2185,383,1,15,Delivered,2025-12-26,2025-12-26 19:53:17,226.41,22.0,24.32,55.06,0,1,0
2186,130,2,10,Delivered,2025-10-26,2025-10-26 22:05:38,362.3,32.0,17.77,64.38,0,1,0
2187,144,1,8,Delivered,2024-02-10,2024-02-10 21:52:52,795.2,0.0,20.33,161.66,0,0,
2188,134,4,5,Delivered,2024-03-18,2024-03-18 22:27:42,354.61,22.0,14.1,50.0,10,0,
2189,298,2,19,Cancelled,2025-08-07,2025-08-07 23:43:07,666.62,20.0,15.72,104.79,0,0,
2190,239,4,17,Delivered,2024-05-30,2024-05-30 16:45:39,126.01,20.0,12.4,15.63,0,0,
2191,357,4,22,Refunded,2024-02-07,2024-02-07 21:28:46,665.6,22.0,14.51,96.58,0,1,0
2192,81,3,4,Delivered,2025-09-17,2025-09-17 19:49:29,802.72,35.0,16.38,131.49,0,1,0
2193,37,2,9,Delivered,2025-06-22,2025-06-22 13:49:27,412.86,42.0,15.27,63.04,0,1,0
2194,177,1,2,Delivered,2024-03-25,2024-03-25 03:51:09,266.38,0.0,23.45,62.47,10,1,0
2195,58,5,27,Delivered,2025-03-08,2025-03-08 18:20:54,394.62,0.0,0.0,0.0,0,0,
2196,88,1,5,Pending,2024-06-06,2024-06-06 17:56:06,223.02,22.0,21.85,48.73,10,1,0
2197,437,3,4,Pending,2024-09-18,2024-09-18 22:30:56,844.22,35.0,18.68,157.7,0,1,0
2198,49,3,3,Delivered,2024-07-07,2024-07-07 19:24:24,419.51,45.0,19.78,82.98,30,1,0
2199,39,1,4,Delivered,2024-02-15,2024-02-15 15:35:17,342.42,35.0,21.96,75.2,25,0,
2200,342,1,1,Delivered,2024-05-17,2024-05-17 14:03:16,533.91,30.0,24.38,130.17,0,1,0
2201,131,1,14,Cancelled,2025-08-23,2025-08-23 21:19:53,435.12,25.0,21.54,93.72,0,1,0
2202,8,3,4,Delivered,2025-09-23,2025-09-23 23:39:30,318.43,35.0,17.79,56.65,20,0,
2203,137,1,16,Delivered,2025-11-04,2025-11-04 21:34:10,504.66,20.0,20.03,101.08,0,0,
2204,393,5,6,Delivered,2024-02-12,2024-02-12 19:16:47,409.92,30.0,0.0,0.0,0,0,
2205,92,1,29,Delivered,2024-05-18,2024-05-18 23:44:31,499.88,20.0,22.05,110.22,50,1,0
2206,278,1,9,Delivered,2024-02-09,2024-02-09 00:52:06,537.38,42.0,20.14,108.23,20,1,0
2207,127,1,22,Delivered,2024-10-18,2024-10-18 16:32:17,689.76,22.0,20.12,138.78,20,1,0
2208,122,1,19,Delivered,2024-05-18,2024-05-18 23:35:09,510.49,20.0,22.47,114.71,0,0,
2209,47,5,10,Pending,2025-07-22,2025-07-22 23:00:04,646.84,32.0,0.0,0.0,0,0,
2210,8,1,4,Delivered,2024-01-23,2024-01-23 23:19:29,232.54,35.0,22.2,51.62,0,1,0
2211,353,1,12,Delivered,2025-03-04,2025-03-04 21:25:33,591.74,27.0,24.74,146.4,20,1,0
2212,415,5,15,Delivered,2025-05-26,2025-05-26 19:46:06,503.52,22.0,0.0,0.0,0,0,
2213,446,1,19,Delivered,2025-12-29,2025-12-29 19:25:59,437.46,20.0,23.22,101.58,0,1,0
2214,366,5,5,Delivered,2025-12-22,2025-12-22 13:00:20,465.15,0.0,0.0,0.0,0,1,1
2215,314,4,5,Delivered,2024-10-06,2024-10-06 23:06:28,234.75,0.0,12.15,28.52,0,1,0
2216,338,4,4,Cancelled,2024-08-13,2024-08-13 23:54:40,216.99,35.0,14.42,31.29,0,0,
2217,352,1,5,Cancelled,2024-11-11,2024-11-11 23:17:04,486.47,22.0,23.13,112.52,0,1,0
2218,359,4,3,Refunded,2025-09-23,2025-09-23 20:57:16,268.39,45.0,14.22,38.17,0,0,
2219,270,3,5,Delivered,2025-12-05,2025-12-05 16:32:23,398.87,22.0,17.8,71.0,0,1,0
2220,471,1,18,Delivered,2025-03-09,2025-03-09 18:21:40,328.84,0.0,24.46,80.43,5,1,0
2221,133,2,6,Delivered,2024-08-13,2024-08-13 23:18:22,598.02,30.0,15.12,90.42,0,0,
2222,220,3,18,Delivered,2025-11-08,2025-11-08 13:31:46,453.33,20.0,15.68,71.08,50,1,0
2223,162,1,8,Pending,2024-02-14,2024-02-14 21:53:28,670.34,40.0,21.16,141.84,0,0,
2224,475,5,13,Delivered,2024-09-15,2024-09-15 21:36:55,286.92,25.0,0.0,0.0,15,1,0
2225,352,1,5,Delivered,2024-03-12,2024-03-12 17:34:40,365.34,22.0,24.76,90.46,20,1,0
2226,31,5,5,Delivered,2024-08-16,2024-08-16 22:36:00,219.22,22.0,0.0,0.0,10,1,0
2227,471,1,18,Delivered,2025-12-10,2025-12-10 19:07:12,262.67,20.0,23.19,60.91,10,0,
2228,119,1,10,Delivered,2024-04-14,2024-04-14 22:12:13,735.11,32.0,20.62,151.58,0,0,
2229,237,2,6,Delivered,2025-04-14,2025-04-14 11:48:00,621.17,0.0,16.4,101.87,0,1,1
2230,357,2,22,Delivered,2024-01-30,2024-01-30 20:57:55,343.66,22.0,16.93,58.18,0,1,0
2231,414,1,7,Refunded,2024-11-09,2024-11-09 23:01:23,385.55,25.0,24.84,95.77,0,1,0
2232,21,1,3,Delivered,2025-05-20,2025-05-20 13:13:12,474.68,45.0,24.63,116.91,0,0,
2233,382,2,4,Delivered,2024-10-28,2024-10-28 20:07:28,493.36,35.0,17.54,86.54,0,0,
2234,120,3,12,Delivered,2025-04-24,2025-04-24 14:50:28,615.77,27.0,17.61,108.44,0,0,
2235,323,2,15,Delivered,2024-01-28,2024-01-28 20:28:49,660.81,22.0,16.44,108.64,50,1,0
2236,65,3,26,Delivered,2024-11-13,2024-11-13 23:05:26,629.75,22.0,17.94,112.98,0,1,0
2237,49,1,3,Delivered,2024-09-01,2024-09-01 19:09:34,733.47,45.0,23.22,170.31,0,0,
2238,377,1,11,Delivered,2025-12-30,2025-12-30 19:48:07,215.55,28.0,20.59,44.38,0,1,0
2239,289,4,19,Delivered,2025-07-08,2025-07-08 21:47:00,566.86,0.0,13.76,78.0,0,1,0
2240,44,1,4,Refunded,2025-10-16,2025-10-16 21:45:54,406.44,0.0,22.07,89.7,0,1,0
2241,230,1,32,Delivered,2025-03-05,2025-03-05 03:38:08,403.39,20.0,20.32,81.97,0,0,
2242,192,5,7,Cancelled,2025-01-22,2025-01-22 13:26:16,412.11,25.0,0.0,0.0,0,1,0
2243,47,5,10,Delivered,2024-09-05,2024-09-05 12:43:52,609.41,32.0,0.0,0.0,20,1,0
2244,287,1,9,Delivered,2024-12-12,2024-12-12 21:44:48,409.63,42.0,21.57,88.36,25,0,
2245,332,2,21,Delivered,2025-06-12,2025-06-12 16:18:40,536.64,20.0,15.54,83.39,30,1,1
2246,384,3,13,Delivered,2024-03-19,2024-03-19 17:19:35,512.75,25.0,16.85,86.4,0,0,
2247,101,1,5,Delivered,2025-07-06,2025-07-06 23:58:38,406.7,22.0,24.14,98.18,15,1,0
2248,241,1,33,Delivered,2024-01-23,2024-01-23 19:47:00,136.34,20.0,20.7,28.22,0,1,0
2249,374,1,11,Delivered,2024-04-02,2024-04-02 22:09:55,772.89,28.0,24.71,190.98,0,1,0
2250,143,2,7,Cancelled,2025-12-03,2025-12-03 21:40:57,135.41,0.0,17.88,24.21,0,1,1
2251,113,3,18,Delivered,2025-04-30,2025-04-30 22:35:26,330.65,20.0,19.5,64.48,20,1,0
2252,246,1,1,Delivered,2025-01-04,2025-01-04 14:13:31,665.13,30.0,23.83,158.5,20,1,0
2253,214,4,16,Delivered,2025-12-01,2025-12-01 14:57:47,662.68,20.0,12.78,84.69,20,1,1
2254,220,1,18,Delivered,2025-03-06,2025-03-06 18:22:38,578.16,20.0,23.06,133.32,50,1,0
2255,412,1,14,Delivered,2024-10-27,2024-10-27 11:44:07,515.3,0.0,23.26,119.86,30,1,0
2256,214,2,16,Delivered,2024-03-27,2024-03-27 18:22:48,413.55,20.0,15.33,63.4,20,1,0
2257,328,5,7,Delivered,2024-06-16,2024-06-16 13:35:26,390.95,25.0,0.0,0.0,0,0,
2258,291,1,5,Delivered,2025-05-05,2025-05-05 21:32:33,481.13,22.0,23.74,114.22,0,1,1
2259,127,2,22,Delivered,2025-04-14,2025-04-14 12:55:04,135.5,0.0,17.42,23.6,0,1,0
2260,270,1,5,Cancelled,2025-09-23,2025-09-23 19:08:42,312.88,22.0,22.58,70.65,0,1,0
2261,360,1,17,Delivered,2025-09-12,2025-09-12 17:40:03,153.21,20.0,21.07,32.28,0,1,0
2262,411,3,7,Rejected,2025-01-09,2025-01-09 19:38:41,381.38,25.0,19.72,75.21,10,1,1
2263,487,5,6,Delivered,2025-01-22,2025-01-22 23:11:10,247.84,30.0,0.0,0.0,0,1,0
2264,251,5,1,Delivered,2025-11-23,2025-11-23 19:16:51,219.78,30.0,0.0,0.0,25,1,0
2265,246,2,1,Delivered,2025-04-01,2025-04-01 22:03:29,397.84,30.0,15.64,62.22,0,0,
2266,19,1,2,Delivered,2024-03-16,2024-03-16 17:34:22,777.01,28.0,21.33,165.74,50,1,0
2267,49,1,3,Delivered,2025-07-12,2025-07-12 23:28:15,846.49,0.0,20.5,173.53,0,0,
2268,144,1,8,Delivered,2025-07-04,2025-07-04 12:05:59,275.52,40.0,21.79,60.04,0,1,0
2269,363,3,27,Delivered,2024-10-14,2024-10-14 23:30:09,582.38,20.0,18.75,109.2,0,0,
2270,349,2,2,Pending,2024-02-26,2024-02-26 12:45:50,628.1,28.0,16.66,104.64,20,1,0
2271,200,1,31,Delivered,2024-10-23,2024-10-23 20:19:10,369.9,20.0,22.04,81.53,10,0,
2272,182,2,14,Delivered,2025-04-05,2025-04-05 14:21:55,349.93,25.0,16.75,58.61,0,1,0
2273,223,2,9,Delivered,2025-11-09,2025-11-09 09:07:56,727.17,42.0,15.96,116.06,0,1,0
2274,275,3,33,Delivered,2024-05-14,2024-05-14 14:40:54,608.28,20.0,15.79,96.05,0,0,
2275,26,3,1,Delivered,2025-05-30,2025-05-30 12:03:11,582.7,30.0,17.87,104.13,30,1,0
2276,265,1,35,Cancelled,2025-08-14,2025-08-14 12:28:06,593.09,38.0,24.16,143.29,0,1,1
2277,173,1,7,Delivered,2025-05-27,2025-05-27 22:39:39,252.0,25.0,21.25,53.55,0,1,0
2278,464,1,9,Delivered,2024-03-07,2024-03-07 15:03:09,454.07,42.0,20.12,91.36,30,0,
2279,6,1,2,Delivered,2025-04-27,2025-04-27 14:50:39,390.55,28.0,24.53,95.8,0,1,0
2280,353,5,12,Delivered,2024-02-04,2024-02-04 12:15:52,679.6,27.0,0.0,0.0,30,1,0
2281,460,3,2,Delivered,2024-09-20,2024-09-20 00:54:33,516.12,28.0,15.49,79.95,20,1,0
2282,492,2,11,Delivered,2024-02-13,2024-02-13 21:30:40,285.47,28.0,16.8,47.96,0,1,0
2283,170,4,2,Delivered,2025-09-27,2025-09-27 12:51:08,140.35,28.0,14.93,20.95,0,1,0
2284,170,1,2,Delivered,2024-03-23,2024-03-23 02:44:33,417.1,28.0,20.74,86.51,0,1,1
2285,84,1,16,Cancelled,2024-03-13,2024-03-13 17:04:46,306.02,0.0,22.88,70.02,20,1,0
2286,203,1,33,Refunded,2024-01-08,2024-01-08 10:32:23,145.49,20.0,21.0,30.55,30,1,0
2287,459,2,8,Delivered,2025-11-04,2025-11-04 21:47:38,496.21,40.0,16.4,81.38,5,1,0
2288,92,2,29,Cancelled,2025-11-13,2025-11-13 17:45:35,501.6,20.0,17.43,87.43,0,0,
2289,92,1,29,Delivered,2025-02-20,2025-02-20 15:22:50,651.0,20.0,24.1,156.89,0,0,
2290,326,1,6,Delivered,2024-03-13,2024-03-13 18:56:20,752.27,0.0,21.82,164.15,50,1,0
2291,379,3,14,Delivered,2024-06-04,2024-06-04 21:56:45,620.26,25.0,19.71,122.25,0,1,0
2292,136,2,5,Delivered,2025-12-15,2025-12-15 23:57:18,215.8,22.0,17.87,38.56,0,0,
2293,345,1,6,Delivered,2025-10-05,2025-10-05 12:12:41,382.97,30.0,21.25,81.38,25,1,0
2294,131,5,14,Delivered,2024-03-17,2024-03-17 17:57:50,780.03,25.0,0.0,0.0,0,1,0
2295,117,1,14,Delivered,2025-07-23,2025-07-23 12:36:05,685.31,25.0,22.66,155.29,0,0,
2296,207,1,11,Delivered,2025-03-23,2025-03-23 18:17:47,755.73,28.0,20.32,153.56,20,0,
2297,391,1,20,Delivered,2025-01-12,2025-01-12 22:21:22,471.72,22.0,22.47,106.0,10,1,0
2298,290,3,1,Cancelled,2025-12-14,2025-12-14 21:55:01,590.24,30.0,18.95,111.85,0,1,0
2299,289,1,19,Delivered,2025-01-23,2025-01-23 21:47:28,382.25,20.0,24.61,94.07,0,1,0
2300,430,3,22,Delivered,2025-03-07,2025-03-07 17:33:33,440.85,22.0,16.68,73.53,0,0,
2301,303,2,5,Delivered,2024-10-31,2024-10-31 23:22:48,122.96,22.0,17.23,21.19,50,1,0
2302,199,1,2,Delivered,2025-07-11,2025-07-11 13:03:59,471.47,28.0,23.15,109.15,5,1,0
2303,357,1,22,Delivered,2025-12-09,2025-12-09 20:55:25,270.51,22.0,20.17,54.56,0,1,0
2304,485,2,12,Cancelled,2025-12-24,2025-12-24 19:51:18,631.55,27.0,17.61,111.22,30,1,0
2305,463,1,8,Delivered,2024-12-06,2024-12-06 12:14:06,460.05,40.0,22.36,102.87,5,1,0
2306,411,1,7,Refunded,2024-12-16,2024-12-16 19:32:29,407.96,25.0,20.18,82.33,5,1,0
2307,75,2,35,Delivered,2025-02-09,2025-02-09 12:54:32,877.24,38.0,15.63,137.11,50,0,
2308,376,1,9,Delivered,2025-11-20,2025-11-20 13:13:17,728.86,42.0,24.8,180.76,0,0,
2309,415,1,15,Cancelled,2025-08-01,2025-08-01 23:51:18,580.24,22.0,22.12,128.35,0,1,1
2310,394,4,9,Delivered,2025-02-23,2025-02-23 19:22:07,638.28,42.0,12.68,80.93,0,1,0
2311,187,2,1,Cancelled,2024-02-02,2024-02-02 20:15:27,197.68,30.0,17.51,34.61,0,1,1
2312,289,1,19,Delivered,2024-12-10,2024-12-10 11:42:42,338.48,20.0,20.54,69.52,30,0,
2313,289,2,19,Cancelled,2025-10-02,2025-10-02 13:50:42,410.7,20.0,16.61,68.22,0,1,0
2314,163,3,14,Delivered,2024-04-05,2024-04-05 20:18:00,675.05,25.0,18.07,121.98,0,1,0
2315,239,2,17,Cancelled,2024-11-07,2024-11-07 13:19:55,234.93,20.0,15.56,36.56,0,1,1
2316,11,4,14,Delivered,2024-09-08,2024-09-08 14:25:33,202.59,25.0,14.5,29.38,0,0,
2317,127,1,22,Delivered,2024-05-23,2024-05-23 21:37:57,602.11,22.0,23.52,141.62,50,1,0
2318,407,1,4,Delivered,2025-02-26,2025-02-26 14:12:33,715.99,0.0,21.7,155.37,0,1,0
2319,180,5,5,Delivered,2024-09-07,2024-09-07 14:38:02,269.49,22.0,0.0,0.0,25,1,0
2320,119,2,10,Delivered,2024-05-23,2024-05-23 22:01:00,453.62,32.0,17.88,81.11,20,0,
2321,148,3,8,Delivered,2025-09-24,2025-09-24 19:49:06,344.78,40.0,15.71,54.16,20,0,
2322,207,5,11,Delivered,2024-07-07,2024-07-07 22:13:48,414.21,28.0,0.0,0.0,0,1,0
2323,310,5,17,Delivered,2025-03-30,2025-03-30 11:47:21,805.26,20.0,0.0,0.0,30,0,
2324,155,1,24,Delivered,2024-06-27,2024-06-27 16:06:17,175.38,20.0,22.58,39.6,0,0,
2325,478,2,5,Pending,2025-12-26,2025-12-26 14:41:55,349.92,22.0,16.14,56.48,0,1,0
2326,433,1,5,Refunded,2024-03-25,2024-03-25 11:57:11,553.52,0.0,22.69,125.59,0,1,0
2327,46,3,4,Delivered,2024-03-23,2024-03-23 17:17:07,159.92,35.0,16.03,25.64,20,1,0
2328,72,1,3,Delivered,2024-10-02,2024-10-02 23:51:45,339.23,45.0,24.84,84.26,30,0,
2329,382,5,4,Delivered,2025-12-10,2025-12-10 23:12:44,439.46,35.0,0.0,0.0,0,0,
2330,101,1,5,Cancelled,2024-11-07,2024-11-07 21:49:35,231.22,22.0,22.63,52.33,50,1,1
2331,491,5,20,Delivered,2024-12-03,2024-12-03 22:21:36,366.18,22.0,0.0,0.0,0,0,
2332,43,1,18,Delivered,2024-10-03,2024-10-03 19:47:54,248.18,20.0,22.07,54.77,20,1,0
2333,53,5,2,Delivered,2024-09-02,2024-09-02 19:07:24,338.39,28.0,0.0,0.0,10,1,0
2334,288,5,8,Delivered,2025-06-04,2025-06-04 22:34:01,823.42,40.0,0.0,0.0,50,1,0
2335,451,4,6,Delivered,2024-08-14,2024-08-14 23:58:02,248.09,30.0,12.6,31.26,10,1,0
2336,180,5,5,Delivered,2024-03-17,2024-03-17 17:17:34,691.82,22.0,0.0,0.0,50,1,1
2337,6,1,2,Delivered,2025-04-18,2025-04-18 12:01:16,252.92,28.0,24.7,62.47,0,1,0
2338,451,2,6,Delivered,2025-07-10,2025-07-10 20:13:18,539.43,30.0,17.81,96.07,0,1,0
2339,482,1,2,Delivered,2025-10-23,2025-10-23 01:28:42,535.84,28.0,22.41,120.08,0,1,0
2340,379,2,14,Delivered,2025-03-03,2025-03-03 18:53:34,346.04,25.0,17.36,60.07,0,1,0
2341,62,2,7,Refunded,2025-11-02,2025-11-02 14:03:03,246.49,25.0,17.72,43.68,0,0,
2342,388,2,4,Delivered,2025-06-07,2025-06-07 12:47:10,706.98,35.0,16.52,116.79,0,1,0
2343,11,2,14,Delivered,2024-02-16,2024-02-16 22:28:55,652.76,25.0,15.24,99.48,0,0,
2344,208,3,11,Delivered,2025-03-03,2025-03-03 22:24:57,548.02,28.0,15.79,86.53,30,0,
2345,435,2,30,Delivered,2024-10-03,2024-10-03 16:38:45,360.52,20.0,15.68,56.53,0,1,0
2346,203,1,33,Delivered,2024-06-13,2024-06-13 16:14:46,434.9,20.0,20.7,90.02,10,1,1
2347,155,2,24,Delivered,2025-02-10,2025-02-10 22:36:19,522.55,20.0,15.98,83.5,0,0,
2348,228,4,11,Delivered,2024-04-12,2024-04-12 20:30:50,955.99,28.0,12.07,115.39,0,1,0
2349,382,1,4,Delivered,2025-10-03,2025-10-03 01:53:55,293.47,35.0,24.91,73.1,0,1,0
2350,369,5,34,Delivered,2025-02-12,2025-02-12 20:07:25,346.02,20.0,0.0,0.0,10,1,0
2351,349,5,2,Delivered,2024-06-05,2024-06-05 22:17:02,333.79,28.0,0.0,0.0,0,1,0
2352,84,5,16,Delivered,2025-02-21,2025-02-21 01:30:18,290.87,20.0,0.0,0.0,0,1,0
2353,265,1,35,Delivered,2025-03-31,2025-03-31 14:25:29,831.49,38.0,21.89,182.01,0,0,
2354,415,1,15,Delivered,2025-03-31,2025-03-31 22:45:44,526.37,22.0,22.75,119.75,20,1,0
2355,38,1,14,Delivered,2024-06-28,2024-06-28 23:17:03,395.03,25.0,20.33,80.31,0,1,0
2356,124,1,1,Delivered,2025-05-07,2025-05-07 21:00:57,267.02,30.0,24.16,64.51,0,0,
2357,230,1,32,Delivered,2024-11-05,2024-11-05 20:50:46,265.4,20.0,20.66,54.83,20,1,0
2358,369,1,34,Delivered,2025-01-23,2025-01-23 20:02:33,142.13,20.0,20.57,29.24,0,1,1
2359,465,2,13,Delivered,2025-11-23,2025-11-23 21:37:31,635.14,25.0,15.19,96.48,0,0,
2360,368,1,1,Delivered,2024-08-22,2024-08-22 12:25:22,214.2,30.0,21.73,46.55,5,1,0
2361,437,1,4,Delivered,2025-03-18,2025-03-18 20:28:52,166.91,35.0,24.88,41.53,0,0,
2362,461,4,32,Cancelled,2024-12-28,2024-12-28 13:36:43,388.63,20.0,13.79,53.59,5,1,0
2363,375,1,1,Delivered,2025-11-25,2025-11-25 19:10:18,461.24,30.0,21.83,100.69,0,1,1
2364,326,5,6,Delivered,2025-08-17,2025-08-17 13:53:54,256.87,30.0,0.0,0.0,10,1,0
2365,198,2,2,Delivered,2024-11-28,2024-11-28 21:51:40,313.91,0.0,17.01,53.4,10,1,0
2366,416,1,1,Cancelled,2025-04-20,2025-04-20 22:34:26,429.81,30.0,22.1,94.99,0,1,0
2367,445,1,11,Delivered,2024-04-26,2024-04-26 20:43:29,231.77,28.0,20.39,47.26,0,0,
2368,403,2,6,Delivered,2025-08-06,2025-08-06 14:05:02,673.74,30.0,16.7,112.51,0,1,1
2369,441,2,10,Delivered,2025-09-09,2025-09-09 22:37:31,208.56,32.0,16.81,35.06,0,0,
2370,31,2,5,Cancelled,2024-09-27,2024-09-27 01:15:18,155.34,22.0,17.46,27.12,10,1,0
2371,398,2,7,Delivered,2025-09-18,2025-09-18 22:13:55,332.45,25.0,17.33,57.61,10,1,0
2372,312,1,6,Delivered,2024-11-06,2024-11-06 21:27:40,459.42,30.0,24.05,110.49,10,1,0
2373,122,2,19,Delivered,2025-03-11,2025-03-11 18:34:20,218.12,20.0,16.05,35.01,0,0,
2374,130,2,10,Delivered,2025-09-26,2025-09-26 23:25:23,516.59,32.0,15.88,82.03,0,0,
2375,395,2,6,Delivered,2025-11-16,2025-11-16 21:45:30,387.82,30.0,16.53,64.11,0,1,0
2376,229,5,4,Delivered,2024-02-03,2024-02-03 23:17:40,747.7,35.0,0.0,0.0,0,0,
2377,31,2,5,Delivered,2024-07-14,2024-07-14 19:58:05,328.85,22.0,16.68,54.85,0,1,0
2378,21,2,3,Delivered,2025-11-23,2025-11-23 22:02:11,378.3,45.0,16.83,63.67,0,1,0
2379,220,1,18,Refunded,2025-06-25,2025-06-25 13:20:22,255.75,20.0,21.24,54.32,0,1,0
2380,163,1,14,Delivered,2025-12-18,2025-12-18 19:29:31,390.44,25.0,23.35,91.17,20,1,0
2381,139,3,1,Delivered,2024-07-27,2024-07-27 20:25:24,450.91,30.0,15.75,71.02,15,0,
2382,425,3,11,Delivered,2024-08-26,2024-08-26 13:00:49,489.85,28.0,16.16,79.16,15,1,0
2383,338,2,4,Delivered,2025-06-09,2025-06-09 23:03:15,466.15,35.0,17.41,81.16,50,0,
2384,485,1,12,Delivered,2025-06-18,2025-06-18 20:05:06,172.33,27.0,20.25,34.9,0,1,0
2385,413,1,4,Delivered,2024-11-26,2024-11-26 09:59:20,638.83,35.0,23.45,149.81,0,1,0
2386,152,1,22,Delivered,2025-09-15,2025-09-15 14:52:58,280.54,22.0,24.24,68.0,0,1,0
2387,385,3,18,Delivered,2024-03-15,2024-03-15 02:12:27,769.93,20.0,18.93,145.75,50,1,1
2388,58,3,27,Delivered,2025-06-28,2025-06-28 20:19:45,351.78,20.0,17.84,62.76,0,1,0
2389,147,2,13,Delivered,2025-02-11,2025-02-11 22:37:39,697.21,25.0,16.5,115.04,0,0,
2390,182,1,14,Delivered,2024-08-02,2024-08-02 23:40:53,504.49,25.0,22.69,114.47,50,1,0
2391,246,1,1,Delivered,2025-02-08,2025-02-08 20:33:20,308.88,30.0,24.52,75.74,20,1,0
2392,129,2,31,Delivered,2025-11-23,2025-11-23 20:52:51,365.42,20.0,16.79,61.35,5,1,0
2393,46,1,4,Delivered,2024-08-31,2024-08-31 20:45:38,821.72,35.0,23.45,192.69,0,1,0
2394,270,2,5,Delivered,2024-01-23,2024-01-23 14:28:54,128.55,22.0,16.63,21.38,10,1,0
2395,476,5,9,Cancelled,2025-01-09,2025-01-09 14:15:21,710.68,42.0,0.0,0.0,0,0,
2396,55,3,5,Delivered,2025-09-02,2025-09-02 12:38:48,183.51,22.0,16.58,30.43,0,1,0
2397,8,1,4,Delivered,2024-08-05,2024-08-05 12:36:35,320.15,35.0,20.37,65.21,0,0,
2398,162,2,8,Delivered,2024-04-16,2024-04-16 11:16:11,372.82,40.0,17.49,65.21,0,0,
2399,266,5,21,Delivered,2024-04-14,2024-04-14 21:54:33,344.39,20.0,0.0,0.0,0,0,
2400,390,4,8,Delivered,2024-03-28,2024-03-28 14:15:12,315.74,40.0,13.13,41.46,0,0,
2401,131,3,14,Delivered,2025-11-15,2025-11-15 20:51:29,461.6,25.0,18.62,85.95,0,1,0
2402,491,3,20,Delivered,2024-06-26,2024-06-26 21:47:12,174.56,22.0,17.19,30.01,5,0,
2403,470,4,6,Delivered,2024-08-25,2024-08-25 23:03:21,526.33,30.0,13.85,72.9,0,1,0
2404,315,2,10,Delivered,2024-11-29,2024-11-29 20:09:15,367.79,32.0,17.11,62.93,0,0,
2405,25,3,16,Delivered,2024-10-08,2024-10-08 21:45:28,194.99,20.0,16.11,31.41,20,1,0
2406,237,1,6,Pending,2025-03-25,2025-03-25 18:41:42,424.73,30.0,24.57,104.36,0,1,0
2407,105,1,12,Delivered,2024-05-17,2024-05-17 23:56:39,309.19,27.0,20.83,64.4,30,1,0
2408,76,3,15,Cancelled,2024-05-21,2024-05-21 22:52:37,561.95,0.0,18.27,102.67,0,0,
2409,274,4,32,Delivered,2025-11-17,2025-11-17 14:02:29,378.76,20.0,12.49,47.31,10,0,
2410,430,4,22,Delivered,2025-08-14,2025-08-14 20:19:45,318.54,0.0,13.22,42.11,10,1,0
2411,373,3,2,Delivered,2024-09-02,2024-09-02 12:30:28,470.22,28.0,16.51,77.63,0,1,0
2412,301,4,8,Delivered,2025-10-08,2025-10-08 20:41:16,387.44,40.0,12.12,46.96,0,1,0
2413,394,1,9,Delivered,2025-04-06,2025-04-06 21:57:13,818.73,42.0,21.92,179.47,0,1,0
2414,51,2,26,Delivered,2025-03-07,2025-03-07 18:09:13,753.13,22.0,15.41,116.06,0,1,0
2415,166,1,12,Delivered,2025-01-28,2025-01-28 12:03:00,690.06,27.0,23.39,161.41,50,1,0
2416,224,1,6,Delivered,2024-02-05,2024-02-05 22:22:49,357.29,30.0,22.03,78.71,25,1,0
2417,170,3,2,Delivered,2024-03-25,2024-03-25 17:29:00,222.46,28.0,15.23,33.88,0,1,0
2418,411,3,7,Delivered,2025-05-18,2025-05-18 14:24:30,202.89,25.0,17.11,34.71,30,1,1
2419,182,5,14,Delivered,2025-12-06,2025-12-06 23:50:06,561.81,25.0,0.0,0.0,0,0,
2420,387,3,9,Cancelled,2024-05-25,2024-05-25 21:28:14,547.87,42.0,16.02,87.77,0,1,0
2421,246,1,1,Delivered,2024-03-16,2024-03-16 17:27:58,329.14,30.0,23.36,76.89,20,1,0
2422,294,3,10,Delivered,2025-02-09,2025-02-09 22:36:10,656.83,0.0,17.01,111.73,0,1,0
2423,22,1,28,Delivered,2024-04-04,2024-04-04 18:37:06,154.78,20.0,24.2,37.46,0,1,0
2424,259,4,35,Delivered,2024-03-19,2024-03-19 18:07:57,755.68,38.0,14.88,112.45,0,1,0
2425,174,1,12,Delivered,2024-04-15,2024-04-15 23:11:09,310.5,0.0,24.78,76.94,0,1,0
2426,173,2,7,Delivered,2024-04-02,2024-04-02 17:59:36,546.16,25.0,16.08,87.82,50,1,0
2427,162,1,8,Cancelled,2024-08-15,2024-08-15 19:09:07,889.44,40.0,22.5,200.12,50,1,0
2428,451,1,6,Cancelled,2024-07-20,2024-07-20 20:13:52,667.8,30.0,24.25,161.94,0,0,
2429,120,3,12,Delivered,2024-07-18,2024-07-18 21:40:32,317.43,27.0,16.26,51.61,5,1,0
2430,323,1,15,Delivered,2024-04-26,2024-04-26 20:04:35,388.31,0.0,24.05,93.39,0,1,0
2431,483,2,2,Delivered,2025-02-23,2025-02-23 22:05:13,210.5,28.0,16.2,34.1,0,0,
2432,195,2,28,Delivered,2024-04-19,2024-04-19 14:47:16,620.18,20.0,15.28,94.76,0,1,0
2433,71,5,19,Delivered,2024-07-09,2024-07-09 19:00:52,394.85,20.0,0.0,0.0,10,1,0
2434,26,1,1,Delivered,2024-05-03,2024-05-03 21:09:53,165.36,30.0,21.02,34.76,0,1,0
2435,141,1,7,Delivered,2024-09-20,2024-09-20 22:36:06,304.45,25.0,22.12,67.34,0,0,
2436,43,1,18,Cancelled,2025-02-06,2025-02-06 13:53:21,655.7,20.0,22.37,146.68,30,1,0
2437,288,1,8,Delivered,2024-03-26,2024-03-26 22:14:10,173.78,40.0,23.53,40.89,0,0,
2438,387,2,9,Delivered,2024-03-26,2024-03-26 18:47:23,194.03,42.0,17.51,33.97,10,1,0
2439,148,1,8,Delivered,2024-06-21,2024-06-21 01:38:51,856.6,40.0,22.59,193.51,0,0,
2440,110,5,15,Delivered,2025-09-01,2025-09-01 19:19:27,277.43,22.0,0.0,0.0,0,0,
2441,116,1,1,Delivered,2025-10-29,2025-10-29 23:40:43,437.0,30.0,23.89,104.4,0,1,0
2442,308,1,6,Delivered,2024-05-04,2024-05-04 23:33:18,548.42,30.0,24.84,136.23,0,1,0
2443,460,1,2,Delivered,2024-11-22,2024-11-22 18:29:13,258.88,28.0,20.48,53.02,20,0,
2444,134,1,5,Cancelled,2024-08-25,2024-08-25 17:49:38,372.06,22.0,22.9,85.2,0,1,0
2445,88,1,5,Delivered,2025-11-29,2025-11-29 20:44:05,209.37,0.0,24.97,52.28,50,1,1
2446,189,1,29,Delivered,2025-10-12,2025-10-12 22:19:09,201.57,20.0,21.36,43.06,5,1,0
2447,385,3,18,Delivered,2024-12-18,2024-12-18 14:25:56,588.96,20.0,19.3,113.67,0,0,
2448,66,4,2,Delivered,2024-11-21,2024-11-21 21:32:10,178.58,28.0,14.26,25.47,15,1,0
2449,45,1,2,Delivered,2024-05-31,2024-05-31 00:58:05,382.95,0.0,22.41,85.82,0,1,0
2450,174,1,12,Delivered,2025-01-27,2025-01-27 09:33:29,680.63,0.0,23.48,159.81,0,1,0
2451,8,1,4,Delivered,2025-10-21,2025-10-21 20:18:02,387.09,35.0,21.73,84.11,0,1,0
2452,18,3,28,Delivered,2025-03-28,2025-03-28 17:00:16,290.23,20.0,16.99,49.31,50,0,
2453,22,1,28,Delivered,2025-08-23,2025-08-23 18:46:33,469.93,20.0,24.44,114.85,0,1,0
2454,435,2,30,Delivered,2025-09-11,2025-09-11 21:21:00,149.7,20.0,17.92,26.83,25,1,0
2455,37,4,9,Delivered,2025-09-12,2025-09-12 12:15:39,847.25,42.0,14.46,122.51,30,1,1
2456,385,1,18,Delivered,2025-11-04,2025-11-04 23:24:39,282.89,20.0,22.8,64.5,0,0,
2457,203,2,33,Delivered,2025-08-13,2025-08-13 15:42:55,648.83,20.0,15.86,102.9,0,1,1
2458,268,3,10,Delivered,2024-08-25,2024-08-25 20:27:32,316.28,32.0,18.05,57.09,30,1,1
2459,225,1,5,Delivered,2024-01-07,2024-01-07 21:38:29,448.14,22.0,21.02,94.2,50,1,0
2460,182,1,14,Delivered,2025-08-13,2025-08-13 18:20:40,638.24,25.0,24.36,155.48,0,1,0
2461,199,2,2,Delivered,2025-12-24,2025-12-24 12:26:34,131.24,28.0,17.06,22.39,0,0,
2462,239,1,17,Delivered,2025-07-24,2025-07-24 22:49:20,323.11,20.0,21.05,68.01,0,1,0
2463,229,1,4,Delivered,2024-05-17,2024-05-17 00:17:55,300.15,35.0,24.42,73.3,0,1,0
2464,65,1,26,Delivered,2024-01-30,2024-01-30 20:41:43,536.77,22.0,22.64,121.52,0,1,0
2465,137,1,16,Refunded,2025-05-12,2025-05-12 13:59:15,478.71,20.0,21.25,101.73,0,0,
2466,170,1,2,Delivered,2025-07-16,2025-07-16 23:53:46,399.91,28.0,20.32,81.26,0,0,
2467,62,2,7,Delivered,2025-06-09,2025-06-09 14:43:41,701.51,0.0,15.4,108.03,50,1,0
2468,404,1,35,Delivered,2025-09-02,2025-09-02 12:59:43,805.7,38.0,22.05,177.66,0,1,0
2469,166,2,12,Delivered,2025-04-10,2025-04-10 13:45:28,402.18,0.0,17.09,68.73,30,1,0
2470,134,1,5,Delivered,2025-02-27,2025-02-27 17:10:42,231.08,22.0,20.81,48.09,0,1,0
2471,322,4,6,Delivered,2025-05-06,2025-05-06 23:46:06,431.58,30.0,12.44,53.69,0,0,
2472,113,2,18,Delivered,2024-11-20,2024-11-20 20:39:37,225.04,20.0,16.29,36.66,0,1,0
2473,78,2,11,Delivered,2024-08-18,2024-08-18 22:32:40,552.83,28.0,17.11,94.59,50,0,
2474,89,1,5,Delivered,2025-05-21,2025-05-21 12:34:06,144.82,22.0,23.78,34.44,50,1,0
2475,206,5,5,Delivered,2024-10-16,2024-10-16 23:53:28,404.6,22.0,0.0,0.0,10,1,0
2476,233,1,12,Delivered,2024-05-03,2024-05-03 23:49:21,417.01,27.0,22.11,92.2,0,0,
2477,119,4,10,Delivered,2025-05-01,2025-05-01 23:23:34,345.9,32.0,13.59,47.01,10,0,
2478,119,5,10,Delivered,2025-04-24,2025-04-24 16:09:53,670.01,32.0,0.0,0.0,50,0,
2479,270,1,5,Delivered,2024-02-01,2024-02-01 14:07:39,235.36,22.0,21.28,50.08,25,0,
2480,389,1,1,Delivered,2025-12-28,2025-12-28 20:23:10,440.25,30.0,21.61,95.14,0,1,0
2481,80,5,2,Delivered,2025-06-07,2025-06-07 13:24:58,940.05,28.0,0.0,0.0,30,0,
2482,360,3,17,Delivered,2024-12-09,2024-12-09 12:37:52,270.57,20.0,17.45,47.21,0,0,
2483,103,1,9,Delivered,2025-12-25,2025-12-25 23:18:58,355.7,42.0,23.84,84.8,30,1,0
2484,96,2,7,Cancelled,2024-01-16,2024-01-16 14:44:27,256.58,25.0,15.58,39.98,0,1,0
2485,439,1,20,Delivered,2024-03-15,2024-03-15 12:36:21,552.64,22.0,20.65,114.12,50,0,
2486,437,1,4,Delivered,2025-09-24,2025-09-24 20:41:48,749.97,35.0,22.15,166.12,0,0,
2487,413,3,4,Delivered,2024-08-01,2024-08-01 16:57:16,840.88,35.0,15.05,126.55,20,1,0
2488,8,5,4,Delivered,2025-02-21,2025-02-21 01:37:21,545.27,35.0,0.0,0.0,0,0,
2489,49,1,3,Delivered,2025-11-29,2025-11-29 12:12:07,890.35,45.0,23.09,205.58,0,0,
2490,236,2,7,Delivered,2025-01-17,2025-01-17 18:20:26,175.74,25.0,17.24,30.3,20,1,0
2491,432,2,2,Delivered,2024-02-09,2024-02-09 13:52:58,216.09,28.0,15.98,34.53,10,1,0
2492,247,1,6,Delivered,2025-12-16,2025-12-16 13:50:25,276.32,30.0,21.49,59.38,0,1,1
2493,218,5,2,Rejected,2025-01-19,2025-01-19 13:14:48,326.28,28.0,0.0,0.0,0,1,1
2494,441,1,10,Delivered,2024-08-19,2024-08-19 22:34:14,466.02,32.0,22.23,103.6,5,0,
2495,368,2,1,Delivered,2025-11-07,2025-11-07 13:46:36,227.27,30.0,16.42,37.32,0,1,0
2496,216,3,1,Delivered,2024-04-05,2024-04-05 03:30:54,481.55,30.0,17.14,82.54,0,1,0
2497,414,2,7,Delivered,2025-08-19,2025-08-19 20:35:01,381.42,25.0,15.05,57.4,0,1,0
2498,58,4,27,Delivered,2025-07-06,2025-07-06 23:01:48,638.07,20.0,12.29,78.42,30,1,0
2499,7,3,6,Delivered,2024-04-19,2024-04-19 16:07:08,616.11,30.0,19.49,120.08,0,1,0
2500,4,1,13,Pending,2024-11-30,2024-11-30 19:22:54,447.07,25.0,21.39,95.63,25,0,
2501,8,1,4,Pending,2025-03-23,2025-03-23 17:26:37,349.99,35.0,23.15,81.02,0,1,0
2502,5,1,7,Delivered,2025-07-12,2025-07-12 22:49:21,377.98,25.0,23.15,87.5,20,1,0
2503,149,5,33,Delivered,2024-03-31,2024-03-31 18:16:55,253.09,20.0,0.0,0.0,20,1,1
2504,246,1,1,Delivered,2024-10-14,2024-10-14 19:53:49,514.27,30.0,24.84,127.74,30,1,0
2505,90,1,6,Delivered,2024-06-16,2024-06-16 14:23:22,362.09,30.0,23.86,86.39,30,0,
2506,398,1,7,Delivered,2025-01-17,2025-01-17 12:23:24,347.43,25.0,23.25,80.78,0,1,0
2507,65,3,26,Delivered,2025-06-29,2025-06-29 22:51:19,179.95,22.0,15.95,28.7,0,1,0
2508,202,5,2,Delivered,2024-04-25,2024-04-25 00:11:05,588.43,0.0,0.0,0.0,30,0,
2509,131,2,14,Delivered,2025-06-16,2025-06-16 23:55:48,168.76,25.0,17.96,30.31,0,1,0
2510,195,1,28,Delivered,2024-10-16,2024-10-16 20:38:00,579.19,20.0,23.28,134.84,20,1,0
2511,382,2,4,Delivered,2025-12-04,2025-12-04 14:11:49,514.57,35.0,15.92,81.92,0,0,
2512,482,2,2,Delivered,2024-06-16,2024-06-16 23:30:04,335.99,28.0,15.95,53.59,0,1,0
2513,202,1,2,Delivered,2025-12-03,2025-12-03 14:37:08,154.99,28.0,22.78,35.31,0,1,0
2514,418,2,2,Cancelled,2024-10-17,2024-10-17 21:27:33,164.9,28.0,16.57,27.32,0,1,0
2515,189,1,29,Delivered,2025-11-03,2025-11-03 12:09:05,321.68,20.0,24.22,77.91,0,0,
2516,147,1,13,Delivered,2025-10-12,2025-10-12 22:24:57,504.88,25.0,20.51,103.55,50,1,0
2517,207,1,11,Delivered,2024-08-05,2024-08-05 19:21:35,339.92,28.0,21.52,73.15,15,1,0
2518,155,1,24,Delivered,2025-05-30,2025-05-30 12:46:38,517.33,20.0,23.44,121.26,0,1,0
2519,132,3,29,Delivered,2024-05-18,2024-05-18 11:27:13,152.76,20.0,15.3,23.37,20,1,0
2520,300,3,30,Delivered,2025-03-24,2025-03-24 02:58:22,343.26,20.0,19.58,67.21,30,1,0
2521,326,3,6,Delivered,2024-03-02,2024-03-02 21:30:25,156.72,30.0,15.04,23.57,0,0,
2522,424,1,9,Delivered,2024-01-30,2024-01-30 19:12:34,644.36,42.0,21.82,140.6,0,1,0
2523,137,4,16,Delivered,2024-08-26,2024-08-26 23:22:06,346.56,20.0,14.67,50.84,20,1,0
2524,84,1,16,Delivered,2024-07-19,2024-07-19 15:59:29,638.72,20.0,20.29,129.6,30,1,0
2525,444,2,10,Refunded,2025-02-22,2025-02-22 13:13:05,748.82,0.0,16.37,122.58,50,1,0
2526,29,4,13,Delivered,2024-01-04,2024-01-04 21:49:19,407.57,25.0,13.94,56.82,20,0,
2527,399,3,23,Delivered,2024-08-10,2024-08-10 18:54:20,429.75,20.0,19.36,83.2,0,1,0
2528,472,1,1,Delivered,2024-12-04,2024-12-04 23:05:17,192.0,30.0,24.82,47.65,0,0,
2529,109,2,11,Delivered,2024-08-18,2024-08-18 12:17:11,279.87,28.0,17.39,48.67,0,0,
2530,195,1,28,Delivered,2024-03-12,2024-03-12 10:56:39,426.72,20.0,20.13,85.9,0,1,0
2531,313,5,5,Delivered,2025-09-08,2025-09-08 10:26:10,121.23,22.0,0.0,0.0,15,1,0
2532,170,1,2,Delivered,2024-07-14,2024-07-14 13:05:32,329.5,0.0,21.99,72.46,0,1,0
2533,149,1,33,Delivered,2024-10-28,2024-10-28 10:36:58,568.0,20.0,22.12,125.64,0,1,0
2534,84,3,16,Delivered,2024-05-05,2024-05-05 21:15:47,506.87,20.0,20.0,101.37,0,1,1
2535,441,2,10,Cancelled,2024-10-09,2024-10-09 09:03:53,855.31,32.0,17.75,151.82,0,0,
2536,173,3,7,Delivered,2024-08-05,2024-08-05 23:50:52,325.3,0.0,17.76,57.77,0,0,
2537,127,1,22,Delivered,2024-10-10,2024-10-10 21:45:50,670.79,22.0,23.01,154.35,0,1,0
2538,9,1,5,Pending,2024-12-14,2024-12-14 23:11:59,404.62,22.0,21.45,86.79,20,1,1
2539,485,1,12,Delivered,2025-02-23,2025-02-23 23:01:22,482.02,27.0,24.26,116.94,0,1,0
2540,66,3,2,Refunded,2024-06-19,2024-06-19 23:18:44,969.31,28.0,15.65,151.7,20,0,
2541,381,5,16,Cancelled,2025-10-14,2025-10-14 19:49:31,276.33,20.0,0.0,0.0,0,1,0
2542,226,1,1,Delivered,2024-11-01,2024-11-01 20:30:26,548.06,30.0,20.14,110.38,0,1,0
2543,98,1,2,Delivered,2025-01-09,2025-01-09 14:46:36,323.4,28.0,23.93,77.39,20,0,
2544,18,5,28,Delivered,2025-12-08,2025-12-08 21:29:47,178.39,20.0,0.0,0.0,25,1,0
2545,206,2,5,Delivered,2025-07-07,2025-07-07 15:20:21,249.3,0.0,17.53,43.7,5,1,0
2546,424,1,9,Delivered,2024-05-28,2024-05-28 21:49:30,461.11,42.0,22.67,104.53,50,1,0
2547,180,2,5,Delivered,2025-11-20,2025-11-20 19:44:02,162.62,22.0,16.66,27.09,0,1,0
2548,246,4,1,Delivered,2024-02-06,2024-02-06 22:21:55,312.41,30.0,14.74,46.05,25,1,0
2549,472,2,1,Delivered,2024-09-18,2024-09-18 20:59:10,626.66,30.0,16.25,101.83,20,1,1
2550,250,3,1,Cancelled,2024-09-05,2024-09-05 20:33:08,660.95,30.0,17.38,114.87,0,0,
2551,199,2,2,Delivered,2024-03-04,2024-03-04 13:22:49,452.38,28.0,16.35,73.96,0,1,1
2552,26,1,1,Delivered,2025-05-09,2025-05-09 21:01:58,424.61,30.0,22.57,95.83,0,1,0
2553,164,1,5,Delivered,2025-03-04,2025-03-04 02:59:45,734.01,22.0,22.3,163.68,30,1,0
2554,203,5,33,Delivered,2024-09-27,2024-09-27 14:30:21,597.33,20.0,0.0,0.0,50,1,0
2555,194,5,16,Delivered,2024-12-26,2024-12-26 01:56:52,265.77,0.0,0.0,0.0,5,1,1
2556,315,1,10,Delivered,2025-03-07,2025-03-07 13:47:20,766.19,32.0,22.49,172.32,0,1,0
2557,383,3,15,Delivered,2025-09-03,2025-09-03 10:31:38,379.1,0.0,16.64,63.08,0,0,
2558,105,5,12,Delivered,2024-03-14,2024-03-14 02:46:02,197.94,27.0,0.0,0.0,0,1,0
2559,407,1,4,Delivered,2024-12-10,2024-12-10 09:33:33,876.94,35.0,23.96,210.11,50,0,
2560,66,2,2,Cancelled,2024-08-31,2024-08-31 12:31:16,696.39,28.0,17.31,120.55,0,1,0
2561,52,3,8,Delivered,2025-05-14,2025-05-14 13:29:49,279.81,40.0,15.92,44.55,0,0,
2562,303,1,5,Delivered,2025-10-16,2025-10-16 01:19:17,442.33,22.0,23.24,102.8,10,1,0
2563,437,1,4,Cancelled,2025-05-25,2025-05-25 12:04:57,371.34,35.0,21.65,80.4,15,0,
2564,174,1,12,Delivered,2025-11-03,2025-11-03 23:54:12,648.0,27.0,20.01,129.66,0,1,0
2565,227,2,12,Delivered,2024-01-09,2024-01-09 13:52:20,226.33,27.0,16.92,38.3,0,1,0
2566,133,5,6,Delivered,2025-07-02,2025-07-02 12:27:30,285.15,30.0,0.0,0.0,25,1,0
2567,96,3,7,Delivered,2025-12-16,2025-12-16 20:35:47,487.57,25.0,19.48,94.98,0,1,0
2568,266,2,21,Delivered,2025-01-05,2025-01-05 22:59:02,375.34,20.0,16.68,62.61,15,0,
2569,229,5,4,Delivered,2024-02-07,2024-02-07 12:21:35,894.82,35.0,0.0,0.0,50,0,
2570,141,1,7,Delivered,2025-08-19,2025-08-19 23:37:45,144.64,25.0,22.87,33.08,0,1,0
2571,346,5,3,Delivered,2025-06-07,2025-06-07 20:48:22,833.07,45.0,0.0,0.0,20,0,
2572,8,3,4,Delivered,2024-01-31,2024-01-31 21:25:08,727.68,35.0,15.53,113.01,30,1,0
2573,63,1,12,Delivered,2025-06-23,2025-06-23 21:39:53,564.09,27.0,21.57,121.67,0,1,0
2574,218,1,2,Delivered,2024-09-18,2024-09-18 14:21:15,301.73,28.0,24.36,73.5,50,0,
2575,500,1,18,Delivered,2025-07-26,2025-07-26 17:51:30,190.64,20.0,23.42,44.65,0,0,
2576,190,1,9,Delivered,2025-09-18,2025-09-18 23:39:38,836.94,0.0,20.45,171.15,20,1,0
2577,205,2,22,Delivered,2025-07-14,2025-07-14 17:09:35,283.17,22.0,16.17,45.79,5,1,0
2578,145,3,9,Delivered,2024-03-18,2024-03-18 10:31:50,606.83,42.0,17.01,103.22,0,1,0
2579,377,1,11,Delivered,2025-10-06,2025-10-06 19:38:22,621.25,0.0,23.45,145.68,0,0,
2580,326,2,6,Delivered,2025-08-27,2025-08-27 16:57:18,593.04,30.0,15.65,92.81,0,1,0
2581,404,5,35,Delivered,2024-11-10,2024-11-10 11:36:09,436.45,38.0,0.0,0.0,0,0,
2582,262,2,16,Delivered,2024-07-20,2024-07-20 12:09:16,508.93,20.0,16.12,82.04,0,1,1
2583,22,2,28,Delivered,2024-11-29,2024-11-29 19:30:03,623.84,20.0,17.83,111.23,50,1,0
2584,192,4,7,Delivered,2024-01-07,2024-01-07 19:30:08,416.17,25.0,12.17,50.65,10,0,
2585,180,4,5,Delivered,2024-02-24,2024-02-24 23:10:07,437.56,22.0,12.49,54.65,30,1,0
2586,287,4,9,Delivered,2025-06-27,2025-06-27 21:49:09,746.77,42.0,14.68,109.63,30,1,0
2587,126,2,9,Delivered,2024-11-19,2024-11-19 12:09:35,874.21,42.0,17.05,149.05,0,0,
2588,289,3,19,Delivered,2025-05-05,2025-05-05 19:27:05,236.17,20.0,16.69,39.42,0,1,0
2589,354,3,5,Delivered,2025-02-28,2025-02-28 12:16:39,427.68,22.0,18.6,79.55,0,1,0
2590,21,3,3,Delivered,2024-09-16,2024-09-16 21:28:00,370.95,45.0,15.34,56.9,10,0,
2591,90,2,6,Delivered,2025-05-29,2025-05-29 15:05:11,547.11,30.0,17.77,97.22,0,1,0
2592,73,2,1,Delivered,2024-02-29,2024-02-29 21:53:16,270.88,30.0,17.88,48.43,0,0,
2593,126,2,9,Delivered,2025-06-15,2025-06-15 14:29:30,841.99,42.0,16.61,139.85,30,0,
2594,430,1,22,Delivered,2024-08-18,2024-08-18 12:59:59,461.92,22.0,22.88,105.69,0,0,
2595,336,2,4,Delivered,2024-12-28,2024-12-28 12:54:00,224.03,35.0,15.36,34.41,10,0,
2596,70,1,6,Cancelled,2025-01-20,2025-01-20 22:07:17,164.56,30.0,22.04,36.27,0,1,0
2597,394,1,9,Delivered,2025-04-24,2025-04-24 13:10:42,367.31,42.0,22.7,83.38,5,1,0
2598,76,1,15,Delivered,2025-10-11,2025-10-11 19:49:24,567.26,22.0,21.87,124.06,20,1,0
2599,490,2,24,Delivered,2024-07-30,2024-07-30 23:32:38,687.58,20.0,16.12,110.84,0,1,0
2600,19,4,2,Delivered,2025-11-20,2025-11-20 15:02:29,158.86,28.0,13.3,21.13,0,1,0
2601,4,1,13,Delivered,2024-02-14,2024-02-14 14:37:35,535.93,25.0,22.99,123.21,50,1,0
2602,21,1,3,Delivered,2025-08-01,2025-08-01 12:19:50,466.18,45.0,23.31,108.67,50,1,0
2603,4,4,13,Delivered,2024-12-15,2024-12-15 19:38:59,504.96,25.0,12.09,61.05,30,1,0
2604,229,1,4,Delivered,2025-03-14,2025-03-14 18:22:53,382.36,35.0,22.27,85.15,25,1,0
2605,247,3,6,Delivered,2024-03-18,2024-03-18 18:40:40,327.35,30.0,15.9,52.05,0,1,0
2606,66,1,2,Delivered,2024-01-27,2024-01-27 21:28:44,378.65,28.0,23.63,89.47,0,1,0
2607,335,4,14,Delivered,2025-01-23,2025-01-23 18:40:10,162.22,25.0,13.27,21.53,5,1,0
2608,34,1,8,Delivered,2024-06-21,2024-06-21 00:02:37,744.1,40.0,22.98,170.99,20,1,0
2609,92,2,29,Delivered,2025-10-28,2025-10-28 13:07:57,253.67,20.0,15.66,39.72,0,0,
2610,15,1,7,Delivered,2025-10-29,2025-10-29 19:11:59,443.16,0.0,21.04,93.24,25,0,
2611,168,4,18,Delivered,2024-08-30,2024-08-30 14:12:02,642.15,20.0,13.51,86.75,0,0,
2612,288,1,8,Delivered,2025-05-29,2025-05-29 22:06:37,557.11,40.0,23.13,128.86,0,0,
2613,102,1,24,Delivered,2024-10-15,2024-10-15 20:26:03,460.36,20.0,24.49,112.74,0,0,
2614,80,2,2,Delivered,2024-02-22,2024-02-22 16:15:30,149.67,28.0,16.89,25.28,0,1,0
2615,202,1,2,Rejected,2025-02-12,2025-02-12 14:36:21,545.64,28.0,22.11,120.64,0,0,
2616,171,2,7,Delivered,2025-12-20,2025-12-20 20:27:19,209.21,25.0,15.94,33.35,50,1,0
2617,127,4,22,Cancelled,2025-03-23,2025-03-23 21:45:21,236.02,22.0,12.58,29.69,10,0,
2618,119,1,10,Cancelled,2024-08-06,2024-08-06 13:02:47,807.86,32.0,20.23,163.43,20,1,1
2619,330,2,13,Refunded,2025-03-07,2025-03-07 14:25:10,476.4,25.0,17.24,82.13,0,0,
2620,314,2,5,Delivered,2024-11-18,2024-11-18 10:12:50,176.82,22.0,16.96,29.99,0,1,1
2621,376,1,9,Delivered,2024-09-11,2024-09-11 21:23:56,399.85,42.0,21.08,84.29,0,0,
2622,282,1,12,Delivered,2025-01-24,2025-01-24 22:11:12,673.8,27.0,24.02,161.85,0,1,0
2623,326,2,6,Delivered,2024-12-25,2024-12-25 10:52:04,475.83,30.0,17.36,82.6,0,0,
2624,314,1,5,Delivered,2024-12-11,2024-12-11 13:53:56,322.78,22.0,24.82,80.11,50,1,0
2625,3,1,2,Delivered,2025-01-23,2025-01-23 23:26:37,553.09,28.0,22.07,122.07,50,1,0
2626,405,4,11,Cancelled,2025-01-21,2025-01-21 14:18:01,189.62,28.0,13.42,25.45,0,1,0
2627,288,2,8,Delivered,2024-08-04,2024-08-04 12:28:37,375.44,40.0,16.05,60.26,0,0,
2628,155,1,24,Delivered,2024-05-29,2024-05-29 21:38:34,456.74,20.0,20.21,92.31,0,0,
2629,312,1,6,Delivered,2025-03-18,2025-03-18 17:13:40,199.6,30.0,21.08,42.08,25,1,0
2630,189,3,29,Delivered,2024-04-12,2024-04-12 16:50:40,1176.59,20.0,15.09,177.55,0,0,
2631,21,5,3,Delivered,2024-05-02,2024-05-02 01:41:20,305.43,45.0,0.0,0.0,0,0,
2632,239,4,17,Delivered,2025-05-07,2025-05-07 22:30:19,156.29,20.0,12.61,19.71,50,1,1
2633,284,1,5,Delivered,2025-03-27,2025-03-27 12:37:23,429.41,22.0,24.47,105.08,0,1,1
2634,152,1,22,Delivered,2024-02-12,2024-02-12 19:52:45,450.86,22.0,23.54,106.13,0,1,0
2635,315,2,10,Delivered,2025-11-02,2025-11-02 19:08:50,333.42,32.0,16.6,55.35,0,0,
2636,202,1,2,Delivered,2025-05-16,2025-05-16 20:20:44,562.6,28.0,20.01,112.58,20,0,
2637,336,5,4,Delivered,2025-04-14,2025-04-14 10:13:47,214.16,35.0,0.0,0.0,20,0,
2638,130,1,10,Delivered,2025-06-30,2025-06-30 22:52:30,572.11,32.0,24.51,140.22,0,0,
2639,342,1,1,Delivered,2024-08-07,2024-08-07 20:00:07,206.46,30.0,22.93,47.34,0,1,0
2640,17,1,6,Delivered,2024-10-08,2024-10-08 12:15:19,196.66,30.0,20.71,40.73,10,1,0
2641,270,3,5,Delivered,2025-12-27,2025-12-27 22:25:44,212.23,22.0,19.48,41.34,5,1,0
2642,454,5,14,Delivered,2024-04-03,2024-04-03 02:01:13,264.37,25.0,0.0,0.0,30,1,0
2643,411,3,7,Delivered,2025-03-24,2025-03-24 17:25:31,446.03,25.0,18.03,80.42,0,1,0
2644,380,2,7,Delivered,2024-09-27,2024-09-27 21:45:57,203.16,25.0,17.82,36.2,0,1,1
2645,368,1,1,Delivered,2024-06-21,2024-06-21 18:14:37,495.5,30.0,21.24,105.24,0,1,1
2646,126,1,9,Delivered,2025-01-03,2025-01-03 17:02:09,829.09,42.0,20.03,166.07,30,0,
2647,93,2,6,Delivered,2024-04-24,2024-04-24 14:33:22,357.03,30.0,17.43,62.23,0,1,0
2648,4,2,13,Delivered,2025-09-25,2025-09-25 01:18:07,360.87,25.0,15.52,56.01,0,1,0
2649,59,1,18,Delivered,2024-10-03,2024-10-03 23:25:51,258.76,20.0,20.46,52.94,0,1,0
2650,99,1,6,Delivered,2025-09-05,2025-09-05 19:21:11,518.95,30.0,23.64,122.68,0,1,0
2651,349,1,2,Delivered,2024-09-06,2024-09-06 23:30:07,468.94,28.0,21.33,100.02,0,1,0
2652,351,3,11,Delivered,2024-03-03,2024-03-03 12:22:25,258.06,28.0,19.57,50.5,0,1,0
2653,474,1,1,Delivered,2025-12-14,2025-12-14 22:21:06,309.26,30.0,22.2,68.66,30,0,
2654,298,2,19,Cancelled,2025-09-30,2025-09-30 13:29:16,337.43,20.0,16.56,55.88,10,1,0
2655,471,5,18,Delivered,2025-08-22,2025-08-22 23:22:24,367.82,20.0,0.0,0.0,0,0,
2656,500,1,18,Delivered,2025-11-30,2025-11-30 14:41:06,665.74,20.0,24.3,161.77,0,0,
2657,237,1,6,Delivered,2024-05-24,2024-05-24 14:02:36,615.13,30.0,23.98,147.51,50,1,0
2658,323,1,15,Delivered,2025-04-23,2025-04-23 19:43:44,277.77,22.0,20.53,57.03,0,1,0
2659,18,1,28,Delivered,2024-07-20,2024-07-20 16:04:33,451.08,20.0,20.82,93.91,15,1,0
2660,372,5,13,Delivered,2024-06-11,2024-06-11 13:28:05,641.09,25.0,0.0,0.0,0,1,1
2661,230,1,32,Delivered,2024-11-19,2024-11-19 19:43:41,617.78,20.0,22.93,141.66,0,1,0
2662,474,1,1,Delivered,2024-10-04,2024-10-04 13:55:42,234.48,30.0,22.0,51.59,30,1,0
2663,103,2,9,Delivered,2025-11-26,2025-11-26 11:35:46,481.02,42.0,17.54,84.37,0,1,0
2664,188,1,28,Delivered,2025-08-08,2025-08-08 22:09:45,160.59,20.0,20.69,33.23,0,0,
2665,76,2,15,Delivered,2024-01-27,2024-01-27 22:20:17,347.95,22.0,15.7,54.63,0,1,1
2666,362,2,4,Cancelled,2024-06-13,2024-06-13 19:13:42,230.11,35.0,16.94,38.98,0,1,1
2667,246,1,1,Delivered,2024-04-15,2024-04-15 21:37:57,150.92,0.0,21.63,32.64,0,1,0
2668,171,5,7,Delivered,2024-12-02,2024-12-02 12:24:56,252.07,25.0,0.0,0.0,20,1,0
2669,456,1,1,Delivered,2024-03-06,2024-03-06 22:23:49,426.3,30.0,23.36,99.58,20,1,1
2670,172,2,24,Delivered,2024-10-29,2024-10-29 13:56:26,280.36,20.0,17.03,47.75,0,1,0
2671,105,2,12,Pending,2024-05-04,2024-05-04 10:20:24,311.59,27.0,15.43,48.08,0,0,
2672,7,1,6,Cancelled,2025-04-09,2025-04-09 21:08:56,602.56,30.0,22.94,138.23,0,1,0
2673,286,1,34,Delivered,2024-03-15,2024-03-15 21:24:22,741.35,20.0,24.85,184.23,20,1,1
2674,487,3,6,Delivered,2024-01-18,2024-01-18 01:17:16,324.02,30.0,18.31,59.33,5,1,0
2675,52,3,8,Cancelled,2024-11-30,2024-11-30 20:08:22,392.97,40.0,15.45,60.71,0,1,0
2676,116,2,1,Delivered,2024-12-01,2024-12-01 14:17:35,288.16,30.0,17.2,49.56,0,0,
2677,455,2,10,Delivered,2025-11-14,2025-11-14 14:06:08,664.51,32.0,15.83,105.19,0,0,
2678,185,1,24,Delivered,2024-01-06,2024-01-06 21:06:36,252.6,20.0,24.99,63.12,50,1,1
2679,142,1,14,Delivered,2025-02-17,2025-02-17 21:36:39,581.61,25.0,24.77,144.06,0,1,0
2680,261,1,8,Delivered,2025-03-14,2025-03-14 17:22:42,544.95,40.0,24.98,136.13,50,1,0
2681,206,2,5,Delivered,2024-10-02,2024-10-02 23:37:20,387.24,22.0,17.37,67.26,0,1,0
2682,139,1,1,Delivered,2024-07-26,2024-07-26 13:29:01,155.16,0.0,23.31,36.17,0,1,0
2683,285,1,3,Cancelled,2025-12-05,2025-12-05 21:06:25,346.24,45.0,20.65,71.5,0,1,0
2684,123,2,21,Delivered,2025-11-20,2025-11-20 23:13:22,185.27,20.0,15.46,28.64,10,0,
2685,206,2,5,Delivered,2025-06-05,2025-06-05 16:12:21,254.64,22.0,17.4,44.31,0,1,0
2686,296,1,2,Delivered,2025-04-19,2025-04-19 22:29:00,197.57,28.0,21.54,42.56,0,0,
2687,367,5,10,Delivered,2025-03-04,2025-03-04 18:21:23,470.3,32.0,0.0,0.0,0,1,0
2688,146,1,14,Delivered,2024-01-12,2024-01-12 14:39:07,630.32,25.0,24.12,152.03,30,1,0
2689,407,3,4,Pending,2025-03-01,2025-03-01 17:41:05,411.2,35.0,15.92,65.46,0,0,
2690,84,3,16,Delivered,2025-05-29,2025-05-29 23:23:15,500.64,20.0,16.92,84.71,0,1,0
2691,147,1,13,Delivered,2025-02-11,2025-02-11 22:46:18,496.59,25.0,20.03,99.47,50,0,
2692,72,1,3,Delivered,2025-08-17,2025-08-17 15:44:43,563.72,45.0,22.8,128.53,0,0,
2693,442,1,2,Delivered,2024-09-27,2024-09-27 23:47:18,343.69,28.0,24.48,84.14,0,1,0
2694,64,1,11,Delivered,2024-04-12,2024-04-12 20:55:18,446.2,28.0,22.54,100.57,15,1,0
2695,114,2,24,Delivered,2024-06-06,2024-06-06 23:28:15,584.15,20.0,16.5,96.38,20,1,0
2696,398,1,7,Delivered,2024-08-07,2024-08-07 12:54:08,361.65,25.0,20.12,72.76,0,1,0
2697,446,5,19,Delivered,2024-02-09,2024-02-09 22:41:55,335.58,20.0,0.0,0.0,0,1,0
2698,202,2,2,Delivered,2025-08-15,2025-08-15 20:49:29,561.48,28.0,17.09,95.96,50,1,0
2699,185,1,24,Delivered,2024-09-17,2024-09-17 11:46:01,462.5,20.0,24.12,111.56,0,1,0
2700,59,1,18,Delivered,2024-03-13,2024-03-13 03:10:39,344.69,20.0,23.18,79.9,0,1,0
2701,123,1,21,Delivered,2025-05-29,2025-05-29 14:00:00,316.31,20.0,24.0,75.91,0,1,1
2702,55,1,5,Delivered,2025-01-14,2025-01-14 22:43:42,483.9,22.0,21.97,106.31,0,1,0
2703,31,2,5,Delivered,2025-07-21,2025-07-21 16:40:51,472.86,22.0,16.84,79.63,0,0,
2704,379,1,14,Delivered,2024-05-27,2024-05-27 19:10:13,209.48,25.0,20.91,43.8,0,0,
2705,487,2,6,Delivered,2025-05-29,2025-05-29 22:10:29,275.5,0.0,15.94,43.91,15,1,0
2706,325,1,13,Delivered,2025-02-21,2025-02-21 00:13:55,682.81,25.0,20.03,136.77,0,0,
2707,166,1,12,Pending,2024-03-22,2024-03-22 12:28:16,490.61,27.0,24.36,119.51,50,1,0
2708,228,5,11,Delivered,2024-06-07,2024-06-07 01:40:10,617.17,28.0,0.0,0.0,30,1,0
2709,351,4,11,Delivered,2024-08-18,2024-08-18 13:37:52,560.36,28.0,13.08,73.3,50,1,0
2710,170,2,2,Delivered,2025-11-05,2025-11-05 22:02:36,674.29,28.0,15.22,102.63,0,0,
2711,372,3,13,Delivered,2024-12-31,2024-12-31 22:04:09,353.04,25.0,15.16,53.52,0,1,0
2712,147,1,13,Delivered,2025-11-14,2025-11-14 14:58:39,252.04,25.0,20.86,52.58,25,0,
2713,101,1,5,Delivered,2024-05-14,2024-05-14 12:08:28,188.63,0.0,21.75,41.03,0,1,0
2714,323,2,15,Delivered,2024-07-27,2024-07-27 16:06:08,479.01,22.0,17.67,84.64,10,0,
2715,404,2,35,Delivered,2024-03-21,2024-03-21 18:35:10,509.91,38.0,15.63,79.7,0,0,
2716,308,2,6,Delivered,2024-05-21,2024-05-21 19:36:01,211.33,0.0,15.21,32.14,0,0,
2717,340,1,6,Cancelled,2025-04-18,2025-04-18 21:23:53,367.05,30.0,24.3,89.19,0,0,
2718,221,2,19,Delivered,2025-10-13,2025-10-13 14:46:32,458.93,20.0,17.21,78.98,10,1,1
2719,26,1,1,Cancelled,2025-05-27,2025-05-27 12:10:49,436.65,0.0,20.33,88.77,0,0,
2720,220,1,18,Cancelled,2024-03-25,2024-03-25 22:17:44,469.95,20.0,24.85,116.78,30,1,0
2721,202,1,2,Delivered,2024-08-21,2024-08-21 12:38:29,300.99,28.0,22.52,67.78,0,1,0
2722,328,1,7,Delivered,2025-01-06,2025-01-06 10:06:50,397.05,25.0,21.98,87.27,0,1,0
2723,10,1,1,Delivered,2024-05-14,2024-05-14 21:21:19,462.0,30.0,21.31,98.45,15,1,0
2724,353,1,12,Delivered,2024-09-15,2024-09-15 20:53:08,466.75,0.0,21.6,100.82,5,0,
2725,166,2,12,Delivered,2025-05-28,2025-05-28 20:21:20,134.59,27.0,16.04,21.59,30,1,0
2726,70,1,6,Delivered,2024-05-04,2024-05-04 21:24:06,312.42,30.0,21.62,67.55,10,1,0
2727,59,2,18,Refunded,2025-02-22,2025-02-22 20:56:01,487.87,20.0,15.56,75.91,0,1,0
2728,134,2,5,Delivered,2024-04-12,2024-04-12 23:37:39,1132.45,22.0,17.31,196.03,0,1,0
2729,65,5,26,Delivered,2025-02-15,2025-02-15 23:13:11,174.59,22.0,0.0,0.0,10,1,1
2730,270,2,5,Delivered,2024-06-05,2024-06-05 14:21:35,130.44,22.0,16.97,22.14,0,1,0
2731,460,1,2,Cancelled,2025-12-25,2025-12-25 14:22:48,419.22,28.0,22.89,95.96,0,1,0
2732,485,2,12,Delivered,2024-08-23,2024-08-23 12:22:47,505.8,27.0,16.79,84.92,0,1,0
2733,334,1,12,Delivered,2024-01-09,2024-01-09 19:52:12,275.7,27.0,20.98,57.84,5,1,0
2734,415,2,15,Delivered,2024-11-19,2024-11-19 10:05:40,572.68,22.0,16.99,97.3,20,1,0
2735,383,1,15,Delivered,2025-02-16,2025-02-16 13:32:19,340.55,22.0,21.13,71.96,0,0,
2736,106,4,5,Refunded,2024-08-19,2024-08-19 22:14:36,452.74,22.0,14.34,64.92,20,1,0
2737,252,1,21,Delivered,2025-05-21,2025-05-21 14:09:35,542.58,20.0,21.19,114.97,0,0,
2738,303,1,5,Delivered,2025-07-25,2025-07-25 20:33:19,227.66,22.0,22.6,51.45,0,1,0
2739,374,1,11,Delivered,2025-09-22,2025-09-22 12:37:01,241.16,0.0,24.47,59.01,5,1,0
2740,244,1,2,Delivered,2025-11-28,2025-11-28 20:03:53,192.85,28.0,24.19,46.65,20,1,0
2741,390,4,8,Delivered,2025-03-18,2025-03-18 13:33:17,614.74,40.0,14.29,87.85,30,1,0
2742,177,2,2,Delivered,2024-07-31,2024-07-31 17:36:44,430.3,28.0,16.54,71.17,50,1,0
2743,80,2,2,Delivered,2025-11-18,2025-11-18 12:28:44,404.99,28.0,15.63,63.3,0,1,0
2744,346,1,3,Delivered,2024-10-13,2024-10-13 19:35:38,378.93,45.0,22.87,86.66,25,1,0
2745,407,3,4,Delivered,2024-04-12,2024-04-12 12:04:06,961.21,35.0,16.91,162.54,0,1,0
2746,76,1,15,Delivered,2024-06-02,2024-06-02 20:30:14,424.02,22.0,23.79,100.87,0,1,0
2747,49,4,3,Delivered,2024-05-04,2024-05-04 11:07:45,869.61,45.0,13.81,120.09,20,0,
2748,110,1,15,Delivered,2025-06-24,2025-06-24 19:41:55,360.55,22.0,20.8,74.99,50,1,0
2749,135,1,5,Delivered,2024-10-10,2024-10-10 23:48:34,466.93,22.0,23.56,110.01,0,0,
2750,345,2,6,Delivered,2025-01-26,2025-01-26 19:35:49,316.49,30.0,15.1,47.79,0,1,0
2751,80,3,2,Delivered,2025-09-16,2025-09-16 21:09:52,538.56,28.0,19.67,105.93,20,0,
2752,456,1,1,Pending,2025-04-14,2025-04-14 13:52:06,227.95,30.0,23.94,54.57,0,1,0
2753,450,2,19,Delivered,2024-08-31,2024-08-31 23:49:42,203.23,20.0,16.24,33.0,0,1,0
2754,303,5,5,Delivered,2025-02-15,2025-02-15 19:05:02,260.05,22.0,0.0,0.0,0,1,1
2755,296,1,2,Delivered,2025-08-25,2025-08-25 13:25:53,410.89,28.0,24.01,98.65,0,1,0
2756,446,1,19,Delivered,2024-09-23,2024-09-23 13:30:48,284.8,20.0,20.74,59.07,10,1,0
2757,138,2,2,Delivered,2024-04-15,2024-04-15 21:20:16,475.58,28.0,17.39,82.7,0,1,0
2758,445,1,11,Delivered,2025-03-20,2025-03-20 03:58:04,582.12,0.0,24.0,139.71,0,1,0
2759,308,5,6,Delivered,2025-08-03,2025-08-03 23:47:30,182.74,30.0,0.0,0.0,0,1,0
2760,476,1,9,Delivered,2024-02-02,2024-02-02 17:37:50,735.81,42.0,20.03,147.38,20,0,
2761,93,1,6,Delivered,2024-11-12,2024-11-12 13:37:24,264.76,0.0,20.09,53.19,0,1,1
2762,415,2,15,Delivered,2024-01-19,2024-01-19 21:13:04,146.81,22.0,15.24,22.37,0,1,0
2763,170,1,2,Delivered,2025-08-15,2025-08-15 19:36:59,512.2,28.0,21.88,112.07,0,1,0
2764,271,1,5,Delivered,2025-03-19,2025-03-19 02:58:39,485.22,22.0,24.31,117.96,0,1,0
2765,177,1,2,Delivered,2024-03-31,2024-03-31 22:58:56,519.43,28.0,20.45,106.22,0,1,0
2766,25,5,16,Delivered,2025-05-02,2025-05-02 14:03:35,663.13,20.0,0.0,0.0,0,1,0
2767,126,5,9,Delivered,2025-12-12,2025-12-12 14:22:13,858.15,42.0,0.0,0.0,0,0,
2768,233,5,12,Delivered,2024-05-27,2024-05-27 19:09:30,614.85,27.0,0.0,0.0,20,0,
2769,208,1,11,Delivered,2025-05-24,2025-05-24 20:53:59,575.62,28.0,21.44,123.41,0,0,
2770,360,1,17,Delivered,2025-12-12,2025-12-12 14:50:42,496.54,0.0,22.56,112.02,20,1,0
2771,457,3,11,Cancelled,2024-12-08,2024-12-08 20:13:12,183.44,28.0,16.38,30.05,0,1,0
2772,132,2,29,Refunded,2024-07-15,2024-07-15 23:53:15,216.47,20.0,15.95,34.53,25,1,0
2773,344,1,9,Delivered,2025-11-26,2025-11-26 21:42:17,690.07,42.0,24.07,166.1,0,0,
2774,329,2,30,Delivered,2024-02-12,2024-02-12 19:14:50,407.41,20.0,16.68,67.96,15,1,0
2775,270,1,5,Delivered,2025-01-08,2025-01-08 19:15:01,216.8,22.0,24.01,52.05,0,1,1
2776,124,1,1,Delivered,2024-04-25,2024-04-25 22:06:20,449.91,30.0,21.53,96.87,0,0,
2777,118,2,10,Delivered,2025-02-24,2025-02-24 22:56:01,469.06,32.0,16.87,79.13,5,1,0
2778,447,1,26,Delivered,2024-12-02,2024-12-02 22:06:27,600.84,22.0,21.21,127.44,0,1,0
2779,113,1,18,Delivered,2024-05-27,2024-05-27 14:05:40,407.33,20.0,20.42,83.18,0,1,0
2780,29,1,13,Delivered,2024-11-14,2024-11-14 23:42:55,681.61,25.0,22.42,152.82,30,1,0
2781,37,2,9,Delivered,2025-03-31,2025-03-31 13:50:25,416.17,42.0,16.43,68.38,0,0,
2782,437,2,4,Delivered,2025-09-18,2025-09-18 19:17:08,804.63,35.0,15.44,124.23,0,1,0
2783,315,5,10,Delivered,2025-04-13,2025-04-13 19:58:02,272.87,32.0,0.0,0.0,20,1,0
2784,464,2,9,Delivered,2025-09-24,2025-09-24 22:17:14,527.25,42.0,17.83,94.01,0,1,0
2785,204,1,14,Delivered,2024-02-12,2024-02-12 14:04:46,243.96,25.0,22.88,55.82,20,1,0
2786,436,1,20,Cancelled,2024-06-18,2024-06-18 19:57:46,335.38,22.0,22.94,76.94,50,0,
2787,352,1,5,Delivered,2024-10-27,2024-10-27 19:40:06,288.04,22.0,21.68,62.45,0,1,1
2788,131,4,14,Delivered,2025-11-19,2025-11-19 14:51:31,343.75,25.0,14.15,48.64,0,1,0
2789,228,1,11,Delivered,2024-01-12,2024-01-12 01:40:12,141.29,28.0,21.31,30.11,25,1,0
2790,206,2,5,Delivered,2024-01-23,2024-01-23 23:59:33,199.72,22.0,16.33,32.61,0,1,1
2791,87,5,3,Cancelled,2024-01-11,2024-01-11 15:34:47,769.14,45.0,0.0,0.0,30,0,
2792,127,1,22,Delivered,2025-04-09,2025-04-09 21:55:32,640.62,0.0,20.64,132.22,0,1,0
2793,339,1,11,Delivered,2024-02-07,2024-02-07 12:34:39,547.0,28.0,23.46,128.33,20,1,0
2794,500,1,18,Delivered,2025-03-28,2025-03-28 18:51:11,327.45,0.0,23.7,77.61,0,0,
2795,226,3,1,Delivered,2024-06-03,2024-06-03 22:57:44,689.39,30.0,19.23,132.57,0,0,
2796,143,2,7,Delivered,2024-02-09,2024-02-09 14:30:09,271.24,25.0,17.29,46.9,0,1,0
2797,411,1,7,Delivered,2024-07-07,2024-07-07 13:00:49,130.9,25.0,21.9,28.67,10,1,0
2798,231,5,10,Delivered,2024-01-24,2024-01-24 19:46:49,638.77,32.0,0.0,0.0,0,1,0
2799,15,2,7,Delivered,2025-04-19,2025-04-19 21:36:54,490.06,25.0,17.76,87.03,30,1,0
2800,441,5,10,Refunded,2025-05-13,2025-05-13 12:47:19,585.62,32.0,0.0,0.0,0,1,0
2801,84,3,16,Delivered,2025-08-08,2025-08-08 12:36:03,582.8,20.0,18.7,108.98,50,0,
2802,94,2,12,Cancelled,2024-05-23,2024-05-23 21:45:29,503.51,27.0,15.32,77.14,30,0,
2803,110,1,15,Delivered,2025-06-15,2025-06-15 13:43:52,403.97,22.0,24.78,100.1,25,1,0
2804,21,1,3,Delivered,2025-12-12,2025-12-12 01:57:23,194.57,45.0,21.52,41.87,30,0,
2805,25,4,16,Delivered,2024-09-04,2024-09-04 19:31:47,502.42,20.0,13.24,66.52,0,1,1
2806,485,2,12,Rejected,2024-12-21,2024-12-21 19:21:25,346.92,27.0,17.57,60.95,0,1,0
2807,380,2,7,Delivered,2025-08-08,2025-08-08 19:22:47,359.08,25.0,16.89,60.65,10,1,0
2808,385,1,18,Refunded,2024-02-03,2024-02-03 20:35:48,262.56,20.0,20.59,54.06,10,1,0
2809,386,1,3,Delivered,2024-12-29,2024-12-29 22:56:02,456.35,45.0,24.25,110.66,20,0,
2810,241,1,33,Delivered,2025-07-17,2025-07-17 22:33:32,658.25,20.0,24.4,160.61,20,1,0
2811,220,4,18,Delivered,2024-10-16,2024-10-16 20:21:15,207.23,20.0,13.46,27.89,0,1,1
2812,267,1,9,Delivered,2024-02-09,2024-02-09 18:03:00,214.5,42.0,24.79,53.17,0,0,
2813,2,1,2,Delivered,2024-05-12,2024-05-12 20:40:06,644.94,28.0,21.54,138.92,0,1,0
2814,5,2,7,Delivered,2025-04-17,2025-04-17 00:28:58,427.73,25.0,15.96,68.27,0,1,1
2815,472,1,1,Delivered,2025-03-18,2025-03-18 22:51:16,624.85,30.0,20.99,131.16,0,0,
2816,123,1,21,Delivered,2024-12-24,2024-12-24 14:59:31,545.34,20.0,20.47,111.63,0,1,0
2817,89,3,5,Delivered,2025-12-04,2025-12-04 19:18:10,177.58,22.0,19.43,34.5,15,0,
2818,168,3,18,Delivered,2024-01-04,2024-01-04 18:44:30,225.46,20.0,16.91,38.13,0,1,0
2819,333,4,6,Delivered,2024-09-12,2024-09-12 18:50:53,552.92,30.0,12.41,68.62,0,1,1
2820,476,1,9,Delivered,2024-02-04,2024-02-04 14:07:37,335.18,42.0,23.16,77.63,10,0,
2821,58,5,27,Refunded,2024-06-12,2024-06-12 22:31:32,288.97,20.0,0.0,0.0,20,1,0
2822,145,2,9,Delivered,2024-02-06,2024-02-06 12:04:00,780.45,42.0,17.63,137.59,0,0,
2823,165,1,10,Delivered,2024-08-27,2024-08-27 17:00:30,227.46,32.0,24.71,56.21,0,0,
2824,17,4,6,Cancelled,2025-02-09,2025-02-09 19:48:46,381.58,30.0,13.28,50.67,0,1,0
2825,403,1,6,Delivered,2025-04-01,2025-04-01 19:27:46,816.12,30.0,20.98,171.22,20,0,
2826,247,1,6,Delivered,2025-04-07,2025-04-07 12:28:10,438.77,30.0,20.06,88.02,30,0,
2827,191,3,14,Delivered,2024-06-17,2024-06-17 19:37:52,709.3,25.0,17.07,121.08,0,1,0
2828,114,2,24,Cancelled,2024-01-17,2024-01-17 14:30:43,181.85,20.0,17.23,31.33,0,1,0
2829,444,4,10,Pending,2025-03-25,2025-03-25 14:12:46,410.14,32.0,14.18,58.16,30,0,
2830,175,1,4,Delivered,2025-10-23,2025-10-23 22:42:46,764.9,35.0,20.86,159.56,0,1,0
2831,246,1,1,Delivered,2025-07-30,2025-07-30 16:45:49,616.87,30.0,20.06,123.74,50,0,
2832,340,5,6,Cancelled,2024-07-28,2024-07-28 23:27:31,211.65,30.0,0.0,0.0,5,0,
2833,321,2,17,Delivered,2024-11-14,2024-11-14 12:27:05,418.82,20.0,17.73,74.26,0,1,0
2834,76,1,15,Delivered,2025-02-06,2025-02-06 00:25:44,669.04,22.0,24.35,162.91,30,1,1
2835,423,5,10,Delivered,2025-09-12,2025-09-12 16:59:32,791.26,32.0,0.0,0.0,0,1,0
2836,326,2,6,Delivered,2024-09-27,2024-09-27 23:31:20,341.77,30.0,16.07,54.92,0,1,1
2837,170,1,2,Delivered,2024-11-22,2024-11-22 00:09:10,654.2,28.0,23.17,151.58,0,1,0
2838,34,4,8,Delivered,2025-12-12,2025-12-12 22:00:49,639.38,40.0,12.56,80.31,50,1,0
2839,97,1,10,Delivered,2024-05-19,2024-05-19 23:52:39,670.55,32.0,23.09,154.83,0,0,
2840,18,1,28,Delivered,2025-09-12,2025-09-12 21:47:39,268.27,20.0,24.86,66.69,0,0,
2841,357,1,22,Delivered,2025-07-09,2025-07-09 22:54:35,561.61,22.0,22.8,128.05,30,1,0
2842,455,2,10,Delivered,2025-07-10,2025-07-10 12:07:11,731.49,32.0,16.68,122.01,30,0,
2843,39,4,4,Delivered,2024-06-29,2024-06-29 22:15:36,289.98,35.0,14.73,42.71,50,1,0
2844,348,3,13,Delivered,2025-08-19,2025-08-19 13:15:32,225.1,0.0,15.61,35.14,0,1,0
2845,48,1,5,Delivered,2025-06-18,2025-06-18 12:53:31,406.05,22.0,21.92,89.01,0,1,0
2846,441,4,10,Cancelled,2025-07-10,2025-07-10 15:46:18,282.52,32.0,13.11,37.04,0,1,0
2847,290,1,1,Delivered,2024-01-05,2024-01-05 21:04:27,311.26,30.0,20.84,64.87,25,1,0
2848,21,1,3,Delivered,2025-08-09,2025-08-09 13:29:16,342.89,45.0,20.31,69.64,0,0,
2849,484,3,14,Delivered,2025-07-21,2025-07-21 21:14:53,293.64,25.0,16.17,47.48,20,1,0
2850,340,1,6,Delivered,2024-08-21,2024-08-21 22:20:53,231.17,30.0,23.24,53.72,0,1,0
2851,130,1,10,Delivered,2024-04-11,2024-04-11 23:01:03,871.47,32.0,22.39,195.12,20,0,
2852,289,2,19,Delivered,2025-02-25,2025-02-25 22:17:25,587.26,20.0,15.5,91.03,0,1,0
2853,411,2,7,Refunded,2024-05-12,2024-05-12 19:50:21,269.83,25.0,16.01,43.2,15,1,0
2854,222,1,15,Delivered,2025-01-06,2025-01-06 21:28:45,215.47,22.0,21.82,47.02,15,1,0
2855,485,4,12,Delivered,2025-05-01,2025-05-01 15:45:12,315.6,27.0,14.08,44.44,0,1,0
2856,288,2,8,Delivered,2024-08-06,2024-08-06 17:10:59,447.28,40.0,15.72,70.31,0,0,
2857,21,1,3,Delivered,2025-03-07,2025-03-07 17:56:26,470.5,45.0,20.51,96.5,0,0,
2858,412,1,14,Delivered,2024-12-17,2024-12-17 22:26:46,380.6,25.0,22.64,86.17,15,0,
2859,470,1,6,Delivered,2025-09-15,2025-09-15 22:27:53,547.26,30.0,21.4,117.11,0,1,0
2860,441,4,10,Delivered,2024-01-28,2024-01-28 12:56:54,401.69,32.0,12.47,50.09,0,1,0
2861,340,1,6,Delivered,2024-06-16,2024-06-16 13:10:19,1083.18,30.0,24.39,264.19,0,1,0
2862,263,1,6,Delivered,2025-03-03,2025-03-03 03:06:28,794.53,30.0,21.57,171.38,20,1,0
2863,467,2,28,Delivered,2024-05-31,2024-05-31 16:28:22,477.48,20.0,16.24,77.54,5,1,0
2864,365,2,5,Delivered,2024-06-30,2024-06-30 20:38:26,258.66,22.0,17.77,45.96,0,1,0
2865,128,1,12,Refunded,2025-08-18,2025-08-18 20:13:06,139.34,27.0,21.35,29.75,30,1,0
2866,426,3,1,Delivered,2025-06-06,2025-06-06 17:58:52,1063.36,30.0,18.44,196.08,0,1,0
2867,482,1,2,Delivered,2024-09-27,2024-09-27 20:33:28,596.79,28.0,21.05,125.62,0,1,0
2868,134,1,5,Refunded,2024-08-11,2024-08-11 12:52:28,210.81,0.0,20.24,42.67,20,1,0
2869,475,1,13,Delivered,2025-03-07,2025-03-07 17:53:28,627.54,25.0,24.77,155.44,50,1,0
2870,95,5,24,Delivered,2024-10-13,2024-10-13 21:54:58,522.12,20.0,0.0,0.0,0,1,0
2871,242,2,25,Delivered,2025-06-27,2025-06-27 20:23:49,372.14,20.0,16.99,63.23,0,1,0
2872,277,1,8,Delivered,2024-06-30,2024-06-30 23:26:20,524.56,40.0,24.34,127.68,0,1,0
2873,290,3,1,Delivered,2024-06-09,2024-06-09 14:50:51,362.03,0.0,17.71,64.12,30,0,
2874,405,1,11,Delivered,2025-09-05,2025-09-05 01:47:51,342.42,28.0,23.04,78.89,0,1,0
2875,489,1,5,Delivered,2024-08-30,2024-08-30 20:05:47,121.24,22.0,23.14,28.05,50,1,0
2876,246,2,1,Delivered,2024-01-12,2024-01-12 14:44:09,535.04,30.0,16.05,85.87,0,1,0
2877,167,1,7,Delivered,2024-11-21,2024-11-21 20:14:45,405.74,0.0,20.95,85.0,0,1,0
2878,200,1,31,Delivered,2024-04-02,2024-04-02 21:40:41,269.52,20.0,23.4,63.07,0,0,
2879,145,1,9,Delivered,2024-03-10,2024-03-10 14:59:26,303.57,42.0,23.67,71.86,0,0,
2880,205,1,22,Delivered,2025-10-28,2025-10-28 22:42:29,398.56,22.0,22.3,88.88,0,0,
2881,80,1,2,Delivered,2025-06-06,2025-06-06 19:42:08,1128.92,28.0,22.46,253.56,0,1,0
2882,452,5,2,Delivered,2024-02-19,2024-02-19 19:43:05,507.01,28.0,0.0,0.0,0,0,
2883,25,5,16,Delivered,2025-01-17,2025-01-17 22:06:16,478.19,20.0,0.0,0.0,0,1,0
2884,107,1,1,Delivered,2025-11-02,2025-11-02 23:25:00,299.15,30.0,21.47,64.23,0,1,0
2885,257,2,7,Delivered,2025-09-22,2025-09-22 22:10:03,211.86,25.0,15.97,33.83,5,1,0
2886,227,2,12,Delivered,2025-05-19,2025-05-19 14:25:53,486.57,27.0,15.51,75.47,0,1,0
2887,147,1,13,Cancelled,2024-06-13,2024-06-13 01:17:19,621.68,25.0,23.53,146.28,0,0,
2888,286,1,34,Delivered,2025-02-24,2025-02-24 21:42:50,628.61,20.0,21.62,135.91,0,1,0
2889,452,1,2,Delivered,2025-12-03,2025-12-03 20:03:14,170.08,28.0,23.12,39.32,5,1,0
2890,196,1,11,Refunded,2024-05-16,2024-05-16 19:17:44,396.54,28.0,22.17,87.91,0,1,1
2891,189,1,29,Delivered,2025-01-10,2025-01-10 21:00:31,549.19,20.0,21.63,118.79,0,0,
2892,29,1,13,Delivered,2024-06-04,2024-06-04 14:30:41,571.86,25.0,21.12,120.78,0,0,
2893,432,2,2,Delivered,2024-06-23,2024-06-23 12:13:52,462.43,28.0,16.04,74.17,25,1,0
2894,393,1,6,Delivered,2024-11-20,2024-11-20 22:31:42,317.42,30.0,23.26,73.83,0,1,0
2895,303,2,5,Delivered,2025-12-19,2025-12-19 01:59:16,265.93,22.0,17.95,47.73,0,1,0
2896,270,3,5,Delivered,2024-01-29,2024-01-29 20:40:25,243.97,22.0,18.66,45.52,20,1,0
2897,282,2,12,Delivered,2025-07-03,2025-07-03 23:37:50,386.42,27.0,16.37,63.26,10,1,0
2898,173,1,7,Delivered,2024-07-24,2024-07-24 21:03:56,197.79,25.0,20.95,41.44,0,0,
2899,478,1,5,Cancelled,2024-03-26,2024-03-26 22:36:55,530.93,22.0,24.65,130.87,20,1,0
2900,258,1,16,Cancelled,2024-03-05,2024-03-05 19:31:49,424.62,20.0,24.22,102.84,0,0,
2901,302,3,5,Delivered,2024-09-14,2024-09-14 22:40:31,474.83,22.0,17.87,84.85,20,0,
2902,392,3,35,Rejected,2024-04-30,2024-04-30 23:14:16,668.55,38.0,16.89,112.92,0,0,
2903,147,1,13,Delivered,2025-07-07,2025-07-07 12:56:53,497.73,25.0,23.12,115.08,5,0,
2904,133,2,6,Delivered,2024-02-28,2024-02-28 20:15:01,590.41,30.0,17.14,101.2,30,0,
2905,80,2,2,Delivered,2024-04-05,2024-04-05 03:15:38,525.92,28.0,15.35,80.73,30,1,0
2906,312,3,6,Refunded,2025-06-10,2025-06-10 20:21:53,318.95,30.0,15.86,50.59,20,0,
2907,25,2,16,Delivered,2024-03-10,2024-03-10 09:00:41,662.59,20.0,16.41,108.73,0,1,0
2908,227,2,12,Refunded,2024-05-15,2024-05-15 14:53:12,649.92,27.0,17.23,111.98,20,0,
2909,103,1,9,Cancelled,2024-08-17,2024-08-17 22:04:41,487.06,42.0,20.12,98.0,0,1,0
2910,323,1,15,Delivered,2024-09-12,2024-09-12 16:43:44,388.71,22.0,21.87,85.01,0,0,
2911,370,1,21,Delivered,2024-01-29,2024-01-29 13:55:41,510.69,20.0,23.23,118.63,0,1,0
2912,486,1,25,Delivered,2024-11-08,2024-11-08 20:18:06,260.27,20.0,24.79,64.52,50,1,1
2913,78,5,11,Delivered,2024-12-18,2024-12-18 21:08:17,311.0,28.0,0.0,0.0,25,1,0
2914,206,2,5,Delivered,2024-06-20,2024-06-20 14:30:07,291.12,22.0,16.74,48.73,0,0,
2915,368,1,1,Delivered,2025-03-18,2025-03-18 18:48:12,598.94,30.0,23.71,142.01,20,1,0
2916,135,3,5,Delivered,2025-10-29,2025-10-29 14:31:00,491.57,22.0,15.96,78.45,10,1,0
2917,247,1,6,Delivered,2025-09-24,2025-09-24 22:35:03,504.36,30.0,21.95,110.71,0,1,0
2918,450,5,19,Delivered,2025-03-16,2025-03-16 03:31:16,171.45,0.0,0.0,0.0,0,1,0
2919,220,4,18,Delivered,2025-05-08,2025-05-08 16:44:27,353.96,20.0,13.34,47.22,0,1,0
2920,288,1,8,Delivered,2024-03-15,2024-03-15 17:06:49,616.23,40.0,24.97,153.87,0,0,
2921,423,3,10,Delivered,2025-04-22,2025-04-22 14:44:53,480.65,32.0,17.3,83.15,0,0,
2922,110,1,15,Cancelled,2025-09-13,2025-09-13 21:54:34,683.91,22.0,20.89,142.87,0,0,
2923,380,5,7,Delivered,2024-07-18,2024-07-18 19:30:09,426.45,25.0,0.0,0.0,0,1,0
2924,250,1,1,Delivered,2025-12-19,2025-12-19 00:03:50,211.57,30.0,24.65,52.15,25,1,0
2925,295,2,19,Delivered,2025-02-23,2025-02-23 12:16:37,474.11,20.0,17.59,83.4,0,1,0
2926,193,1,14,Cancelled,2024-03-26,2024-03-26 02:11:01,734.02,25.0,24.92,182.92,0,1,0
2927,135,5,5,Delivered,2024-11-27,2024-11-27 19:57:25,405.87,0.0,0.0,0.0,0,1,0
2928,257,1,7,Delivered,2024-09-22,2024-09-22 20:03:11,494.59,25.0,20.51,101.44,20,1,0
2929,6,1,2,Delivered,2024-10-13,2024-10-13 14:30:55,341.59,28.0,23.56,80.48,0,1,1
2930,319,1,6,Delivered,2024-12-19,2024-12-19 21:15:08,271.05,30.0,24.61,66.71,0,0,
2931,249,2,12,Delivered,2025-02-23,2025-02-23 13:24:35,277.55,27.0,16.36,45.41,0,1,0
2932,289,5,19,Delivered,2025-07-17,2025-07-17 15:11:54,297.75,20.0,0.0,0.0,0,0,
2933,179,1,12,Delivered,2025-10-07,2025-10-07 21:44:52,357.57,27.0,20.85,74.55,0,1,1
2934,409,5,3,Delivered,2024-01-01,2024-01-01 23:35:12,725.24,45.0,0.0,0.0,0,1,0
2935,251,3,1,Delivered,2025-09-11,2025-09-11 22:26:59,249.04,30.0,17.88,44.53,30,1,0
2936,311,5,10,Delivered,2025-04-15,2025-04-15 12:23:25,352.91,32.0,0.0,0.0,0,0,
2937,133,1,6,Delivered,2024-12-15,2024-12-15 21:25:14,153.88,30.0,24.77,38.12,15,1,0
2938,288,2,8,Delivered,2025-01-16,2025-01-16 22:10:49,861.46,40.0,16.4,141.28,0,0,
2939,458,1,13,Delivered,2025-07-23,2025-07-23 21:13:16,149.9,25.0,24.54,36.79,0,0,
2940,202,1,2,Delivered,2025-12-11,2025-12-11 23:07:45,442.37,28.0,23.15,102.41,0,1,0
2941,127,1,22,Delivered,2025-09-30,2025-09-30 12:12:11,613.71,22.0,21.14,129.74,50,1,0
2942,315,5,10,Delivered,2024-12-15,2024-12-15 14:12:56,868.21,32.0,0.0,0.0,20,1,0
2943,272,1,4,Delivered,2024-12-18,2024-12-18 21:56:02,601.32,35.0,21.57,129.7,20,0,
2944,31,2,5,Refunded,2024-09-21,2024-09-21 14:52:50,338.46,22.0,17.9,60.58,0,1,0
2945,354,1,5,Delivered,2024-03-23,2024-03-23 21:12:25,455.42,0.0,21.58,98.28,50,1,0
2946,328,1,7,Delivered,2024-11-18,2024-11-18 13:40:13,203.68,25.0,24.1,49.09,25,0,
2947,383,1,15,Cancelled,2025-03-16,2025-03-16 17:45:59,605.13,22.0,21.07,127.5,50,1,1
2948,101,2,5,Delivered,2025-12-18,2025-12-18 13:29:47,497.19,22.0,17.72,88.1,20,1,0
2949,403,1,6,Delivered,2024-03-09,2024-03-09 21:12:46,474.33,30.0,22.12,104.92,0,0,
2950,299,1,4,Delivered,2024-10-27,2024-10-27 19:31:02,875.24,35.0,23.81,208.39,0,1,0
2951,122,1,19,Delivered,2025-05-16,2025-05-16 19:29:39,379.59,20.0,20.32,77.13,0,1,0
2952,96,1,7,Cancelled,2025-09-18,2025-09-18 22:05:48,173.42,25.0,23.93,41.5,0,1,0
2953,281,2,4,Delivered,2024-06-24,2024-06-24 23:06:24,205.29,35.0,16.35,33.56,0,1,1
2954,81,2,4,Delivered,2025-07-23,2025-07-23 22:09:40,700.24,35.0,15.36,107.56,50,0,
2955,117,1,14,Delivered,2025-01-22,2025-01-22 21:34:23,379.73,25.0,22.36,84.91,0,1,0
2956,321,3,17,Delivered,2024-09-15,2024-09-15 21:15:43,361.16,20.0,17.66,63.78,0,0,
2957,341,1,2,Delivered,2025-05-16,2025-05-16 18:57:36,387.1,28.0,21.56,83.46,0,1,0
2958,144,2,8,Delivered,2025-09-01,2025-09-01 10:00:13,791.67,40.0,15.49,122.63,20,1,0
2959,478,1,5,Delivered,2025-03-28,2025-03-28 10:55:11,331.78,22.0,21.07,69.91,0,1,0
2960,235,4,21,Cancelled,2025-12-12,2025-12-12 23:51:39,693.56,20.0,14.64,101.54,0,0,
2961,340,2,6,Delivered,2024-06-25,2024-06-25 12:32:37,397.86,30.0,17.06,67.87,0,1,0
2962,218,2,2,Cancelled,2024-07-21,2024-07-21 17:31:35,688.91,28.0,16.39,112.91,50,1,1
2963,180,5,5,Delivered,2024-04-25,2024-04-25 21:58:00,137.95,22.0,0.0,0.0,0,1,0
2964,435,1,30,Delivered,2025-04-27,2025-04-27 20:58:15,660.05,20.0,21.59,142.5,20,1,0
2965,156,1,2,Cancelled,2025-10-21,2025-10-21 19:36:28,576.03,28.0,21.59,124.36,50,1,0
2966,340,1,6,Delivered,2025-03-02,2025-03-02 03:31:43,734.42,30.0,21.78,159.96,50,0,
2967,215,4,35,Cancelled,2024-03-11,2024-03-11 10:13:58,503.3,0.0,12.97,65.28,0,0,
2968,131,4,14,Delivered,2025-05-08,2025-05-08 13:30:30,252.05,25.0,13.66,34.43,0,0,
2969,265,1,35,Delivered,2025-02-01,2025-02-01 22:22:14,857.02,38.0,22.78,195.23,20,1,0
2970,360,1,17,Delivered,2024-09-21,2024-09-21 22:45:30,418.62,20.0,23.22,97.2,20,1,0
2971,17,1,6,Delivered,2024-11-23,2024-11-23 13:10:49,390.67,30.0,23.83,93.1,0,1,0
2972,22,1,28,Delivered,2025-09-27,2025-09-27 23:32:46,482.09,20.0,23.92,115.32,0,1,0
2973,252,1,21,Cancelled,2024-05-03,2024-05-03 21:32:31,210.8,20.0,22.78,48.02,5,1,0
2974,296,5,2,Pending,2024-01-14,2024-01-14 19:24:29,479.47,28.0,0.0,0.0,0,1,0
2975,138,2,2,Delivered,2024-09-30,2024-09-30 14:07:50,525.88,28.0,15.69,82.51,0,0,
2976,40,2,7,Delivered,2025-09-14,2025-09-14 14:07:11,415.92,25.0,17.09,71.08,25,1,1
2977,80,5,2,Delivered,2024-01-15,2024-01-15 13:16:49,650.46,28.0,0.0,0.0,0,1,0
2978,26,2,1,Cancelled,2025-11-20,2025-11-20 12:36:38,354.63,30.0,15.26,54.12,20,1,0
2979,22,2,28,Delivered,2025-05-23,2025-05-23 12:40:46,271.83,20.0,16.03,43.57,25,1,0
2980,243,1,25,Delivered,2024-12-20,2024-12-20 19:30:20,460.94,20.0,23.55,108.55,0,1,0
2981,415,2,15,Delivered,2025-03-16,2025-03-16 18:05:40,712.77,22.0,15.48,110.34,0,1,0
2982,383,3,15,Delivered,2025-03-01,2025-03-01 22:04:42,600.49,22.0,19.53,117.28,0,1,1
2983,116,1,1,Delivered,2025-07-21,2025-07-21 12:06:34,465.94,30.0,21.5,100.18,25,0,
2984,41,5,9,Delivered,2024-08-23,2024-08-23 20:24:35,454.04,42.0,0.0,0.0,0,0,
2985,66,5,2,Delivered,2025-08-28,2025-08-28 12:53:23,278.06,28.0,0.0,0.0,10,1,0
2986,486,5,25,Rejected,2025-04-18,2025-04-18 15:06:52,256.58,20.0,0.0,0.0,10,1,0
2987,434,3,2,Delivered,2024-03-16,2024-03-16 11:46:24,162.56,28.0,16.51,26.84,0,1,0
2988,84,5,16,Delivered,2025-10-06,2025-10-06 12:17:55,580.65,20.0,0.0,0.0,50,1,0
2989,475,3,13,Delivered,2025-02-03,2025-02-03 22:15:10,261.61,25.0,15.61,40.84,10,1,0
2990,4,5,13,Delivered,2025-01-16,2025-01-16 19:09:10,560.03,0.0,0.0,0.0,50,1,0
2991,76,4,15,Delivered,2025-03-25,2025-03-25 02:18:07,497.52,22.0,14.29,71.1,0,1,0
2992,127,5,22,Refunded,2024-09-22,2024-09-22 10:04:11,206.92,22.0,0.0,0.0,10,1,0
2993,270,1,5,Delivered,2024-05-23,2024-05-23 13:17:58,216.03,22.0,21.95,47.42,0,1,0
2994,189,3,29,Delivered,2025-01-05,2025-01-05 20:12:57,202.48,20.0,19.63,39.75,0,1,1
2995,62,5,7,Delivered,2024-07-02,2024-07-02 12:59:35,365.9,25.0,0.0,0.0,0,0,
2996,161,1,10,Delivered,2024-02-04,2024-02-04 12:07:08,860.01,32.0,23.56,202.62,0,0,
2997,106,1,5,Delivered,2024-08-24,2024-08-24 21:58:22,411.4,22.0,23.27,95.73,0,1,0
2998,220,4,18,Delivered,2024-12-05,2024-12-05 21:41:32,339.55,20.0,13.49,45.81,10,1,0
2999,281,4,4,Delivered,2025-10-16,2025-10-16 22:34:48,754.52,35.0,13.25,99.97,30,0,
3000,236,2,7,Delivered,2024-01-04,2024-01-04 21:18:47,397.3,25.0,17.0,67.54,0,1,0
3001,359,2,3,Delivered,2025-08-11,2025-08-11 14:58:38,478.65,45.0,16.38,78.4,0,1,0
3002,180,1,5,Delivered,2024-10-04,2024-10-04 19:24:09,419.21,22.0,21.62,90.63,25,0,
3003,407,2,4,Delivered,2025-03-28,2025-03-28 17:59:46,458.79,0.0,17.1,78.45,0,0,
3004,326,2,6,Delivered,2025-04-15,2025-04-15 21:46:50,348.13,30.0,17.45,60.75,0,1,0
3005,342,1,1,Refunded,2025-03-16,2025-03-16 21:08:43,621.01,30.0,20.4,126.69,0,1,0
3006,84,1,16,Delivered,2024-07-10,2024-07-10 16:53:34,614.94,20.0,21.45,131.9,0,1,1
3007,369,3,34,Cancelled,2025-08-28,2025-08-28 21:27:41,328.52,20.0,19.48,64.0,0,0,
3008,185,1,24,Delivered,2024-12-03,2024-12-03 14:40:22,310.01,20.0,20.65,64.02,0,1,0
3009,490,1,24,Cancelled,2024-10-28,2024-10-28 20:42:33,671.9,20.0,24.99,167.91,50,0,
3010,133,3,6,Delivered,2025-04-09,2025-04-09 14:29:51,642.66,30.0,19.9,127.89,0,0,
3011,74,1,5,Delivered,2025-12-18,2025-12-18 20:40:37,466.83,22.0,24.88,116.15,20,1,0
3012,37,1,9,Rejected,2025-04-01,2025-04-01 20:48:08,722.45,42.0,21.98,158.79,0,0,
3013,152,2,22,Delivered,2024-10-30,2024-10-30 13:58:24,674.61,22.0,16.45,110.97,0,1,0
3014,192,4,7,Delivered,2025-05-08,2025-05-08 00:24:03,181.56,25.0,12.78,23.2,0,1,0
3015,99,1,6,Delivered,2025-05-26,2025-05-26 20:05:37,143.82,30.0,20.48,29.45,10,0,
3016,89,1,5,Delivered,2025-08-27,2025-08-27 21:08:44,376.38,22.0,24.48,92.14,0,1,0
3017,345,1,6,Delivered,2025-03-27,2025-03-27 17:59:40,612.77,30.0,24.72,151.48,30,0,
3018,182,4,14,Cancelled,2025-09-04,2025-09-04 17:40:16,515.57,25.0,13.59,70.07,0,1,0
3019,168,1,18,Refunded,2025-02-06,2025-02-06 22:23:23,164.45,20.0,23.89,39.29,0,1,1
3020,342,1,1,Delivered,2024-12-18,2024-12-18 23:26:50,215.45,30.0,22.07,47.55,30,1,0
3021,57,5,22,Pending,2024-04-01,2024-04-01 17:58:32,703.34,22.0,0.0,0.0,20,0,
3022,18,2,28,Delivered,2025-07-31,2025-07-31 23:23:03,414.78,20.0,16.1,66.78,10,0,
3023,225,1,5,Delivered,2024-10-17,2024-10-17 12:35:49,248.41,22.0,20.72,51.47,0,1,0
3024,426,2,1,Delivered,2025-10-21,2025-10-21 19:32:44,695.04,30.0,17.73,123.23,50,1,0
3025,424,3,9,Delivered,2024-08-27,2024-08-27 22:51:29,455.83,42.0,16.58,75.58,0,0,
3026,127,3,22,Delivered,2024-05-12,2024-05-12 22:20:39,661.82,22.0,18.68,123.63,0,1,0
3027,445,2,11,Refunded,2025-10-10,2025-10-10 19:47:21,601.93,28.0,15.45,93.0,0,1,0
3028,173,1,7,Delivered,2025-07-03,2025-07-03 16:47:37,331.33,25.0,22.44,74.35,15,1,0
3029,485,5,12,Delivered,2024-11-02,2024-11-02 20:53:33,212.8,27.0,0.0,0.0,30,0,
3030,7,1,6,Delivered,2024-09-21,2024-09-21 09:15:50,411.59,30.0,22.86,94.09,0,0,
3031,447,1,26,Delivered,2024-04-30,2024-04-30 09:48:36,508.37,22.0,20.43,103.86,0,1,0
3032,55,2,5,Pending,2024-09-02,2024-09-02 19:47:34,490.73,22.0,17.12,84.01,0,1,0
3033,24,1,1,Delivered,2025-05-03,2025-05-03 19:45:55,516.42,30.0,22.88,118.16,0,0,
3034,379,1,14,Delivered,2025-06-04,2025-06-04 14:06:42,200.86,25.0,23.34,46.88,0,1,0
3035,210,1,2,Delivered,2024-10-23,2024-10-23 13:04:16,312.26,28.0,20.71,64.67,25,1,0
3036,131,1,14,Delivered,2025-02-24,2025-02-24 14:11:37,365.56,25.0,21.16,77.35,10,0,
3037,317,1,28,Delivered,2025-01-12,2025-01-12 21:46:21,560.78,20.0,21.33,119.61,0,0,
3038,57,1,22,Delivered,2025-07-21,2025-07-21 23:47:59,638.68,22.0,21.82,139.36,50,0,
3039,156,4,2,Delivered,2024-07-12,2024-07-12 22:31:26,158.5,28.0,12.79,20.27,20,1,0
3040,206,3,5,Delivered,2024-07-18,2024-07-18 19:45:52,422.7,22.0,16.58,70.08,50,1,0
3041,247,2,6,Delivered,2024-10-15,2024-10-15 21:05:13,347.77,30.0,16.53,57.49,20,1,0
3042,462,1,35,Delivered,2024-07-26,2024-07-26 13:36:37,632.53,38.0,20.72,131.06,0,1,0
3043,420,1,2,Delivered,2025-03-30,2025-03-30 17:58:20,634.36,28.0,24.14,153.13,0,0,
3044,391,4,20,Rejected,2024-11-28,2024-11-28 14:58:16,130.53,22.0,12.1,15.79,20,1,0
3045,265,4,35,Delivered,2024-01-31,2024-01-31 19:53:06,766.5,38.0,13.85,106.16,0,0,
3046,22,2,28,Refunded,2024-01-22,2024-01-22 20:53:57,277.44,20.0,15.27,42.37,5,1,0
3047,435,4,30,Delivered,2024-08-28,2024-08-28 19:40:42,301.31,20.0,13.01,39.2,0,0,
3048,233,4,12,Delivered,2025-12-27,2025-12-27 11:40:39,161.81,27.0,12.54,20.29,0,1,0
3049,319,1,6,Delivered,2025-05-15,2025-05-15 01:01:52,582.55,30.0,21.65,126.12,20,0,
3050,246,1,1,Delivered,2024-01-06,2024-01-06 23:40:44,208.54,30.0,23.15,48.28,0,1,0
3051,305,1,6,Delivered,2024-10-08,2024-10-08 19:54:47,205.11,30.0,23.74,48.69,0,1,0
3052,314,1,5,Delivered,2024-02-15,2024-02-15 22:16:42,435.4,22.0,24.77,107.85,10,1,0
3053,67,2,9,Refunded,2025-09-29,2025-09-29 22:44:59,862.43,42.0,16.25,140.14,20,1,0
3054,383,2,15,Delivered,2024-04-30,2024-04-30 09:35:43,248.45,22.0,17.64,43.83,0,0,
3055,444,2,10,Delivered,2024-03-24,2024-03-24 18:16:37,739.53,0.0,17.72,131.04,50,1,0
3056,124,1,1,Delivered,2025-11-14,2025-11-14 17:26:44,135.83,30.0,21.89,29.73,0,1,0
3057,385,2,18,Delivered,2024-11-08,2024-11-08 13:52:42,151.94,20.0,16.21,24.63,0,1,0
3058,32,5,10,Delivered,2025-10-03,2025-10-03 17:18:41,714.91,32.0,0.0,0.0,0,0,
3059,145,1,9,Delivered,2024-07-14,2024-07-14 23:32:29,872.95,42.0,20.18,176.16,0,1,0
3060,30,3,17,Delivered,2024-10-30,2024-10-30 22:38:37,146.16,20.0,15.66,22.89,50,0,
3061,73,1,1,Delivered,2025-02-21,2025-02-21 23:49:09,214.02,30.0,21.71,46.46,5,1,0
3062,44,5,4,Delivered,2025-08-15,2025-08-15 20:17:53,202.44,35.0,0.0,0.0,0,0,
3063,124,5,1,Cancelled,2025-03-20,2025-03-20 17:57:14,613.07,0.0,0.0,0.0,50,1,1
3064,172,1,24,Delivered,2024-10-14,2024-10-14 14:59:38,465.78,20.0,21.21,98.79,0,0,
3065,61,2,2,Delivered,2025-08-08,2025-08-08 13:24:00,648.58,28.0,17.93,116.29,20,1,0
3066,161,1,10,Delivered,2024-09-25,2024-09-25 23:15:52,210.03,32.0,23.18,48.68,15,1,0
3067,199,1,2,Delivered,2025-12-11,2025-12-11 19:42:54,140.97,28.0,22.54,31.77,0,1,0
3068,418,1,2,Delivered,2024-11-13,2024-11-13 14:16:06,531.18,28.0,20.72,110.06,0,1,0
3069,265,5,35,Delivered,2024-01-24,2024-01-24 20:42:36,474.31,38.0,0.0,0.0,30,0,
3070,401,1,9,Delivered,2024-12-06,2024-12-06 20:01:37,464.98,42.0,24.32,113.08,0,0,
3071,378,1,5,Delivered,2024-05-08,2024-05-08 21:00:52,382.25,22.0,22.6,86.39,25,1,0
3072,201,1,10,Delivered,2024-07-11,2024-07-11 23:33:24,312.85,32.0,22.82,71.39,25,1,0
3073,133,1,6,Delivered,2024-09-23,2024-09-23 20:00:06,213.19,30.0,21.35,45.52,15,1,0
3074,113,2,18,Delivered,2024-12-03,2024-12-03 14:08:24,476.06,20.0,15.29,72.79,10,1,0
3075,200,2,31,Delivered,2024-03-20,2024-03-20 20:39:07,446.59,20.0,17.98,80.3,0,1,0
3076,31,1,5,Delivered,2025-07-26,2025-07-26 21:45:17,350.05,22.0,24.44,85.55,0,0,
3077,80,1,2,Delivered,2024-04-16,2024-04-16 23:06:40,456.39,28.0,24.07,109.85,15,0,
3078,93,2,6,Delivered,2025-12-04,2025-12-04 00:36:30,506.92,30.0,15.97,80.96,0,1,0
3079,199,1,2,Delivered,2025-03-07,2025-03-07 17:50:55,600.93,28.0,23.62,141.94,50,0,
3080,407,1,4,Delivered,2025-04-01,2025-04-01 13:57:13,886.43,35.0,23.44,207.78,0,1,0
3081,265,1,35,Delivered,2025-09-04,2025-09-04 21:21:54,606.18,38.0,21.14,128.15,30,0,
3082,229,3,4,Delivered,2024-05-16,2024-05-16 00:52:14,720.43,35.0,19.16,138.03,50,0,
3083,165,1,10,Delivered,2024-04-22,2024-04-22 14:41:58,768.12,32.0,23.44,180.05,0,1,0
3084,330,1,13,Delivered,2024-07-01,2024-07-01 23:14:27,659.69,25.0,23.4,154.37,0,1,0
3085,17,3,6,Delivered,2024-08-23,2024-08-23 20:40:42,376.32,0.0,18.07,68.0,25,1,0
3086,398,4,7,Delivered,2024-03-11,2024-03-11 20:49:27,719.82,25.0,14.61,105.17,0,1,0
3087,340,5,6,Delivered,2025-08-17,2025-08-17 22:59:47,266.22,30.0,0.0,0.0,0,1,0
3088,166,1,12,Delivered,2025-08-01,2025-08-01 13:54:06,169.75,27.0,20.16,34.22,25,0,
3089,6,1,2,Delivered,2024-08-31,2024-08-31 23:38:24,217.92,28.0,23.46,51.12,0,0,
3090,93,5,6,Delivered,2025-06-05,2025-06-05 12:03:52,135.93,30.0,0.0,0.0,25,1,1
3091,478,5,5,Delivered,2025-06-18,2025-06-18 20:06:02,429.95,22.0,0.0,0.0,0,1,0
3092,465,2,13,Delivered,2024-05-08,2024-05-08 23:33:51,421.68,25.0,17.15,72.32,20,0,
3093,358,1,35,Delivered,2024-09-22,2024-09-22 22:49:21,358.75,38.0,20.64,74.05,0,1,0
3094,331,1,7,Delivered,2025-03-31,2025-03-31 12:06:42,991.42,25.0,21.6,214.15,0,1,1
3095,210,1,2,Delivered,2025-08-04,2025-08-04 20:22:25,605.86,28.0,23.44,142.01,0,0,
3096,190,1,9,Delivered,2024-02-29,2024-02-29 21:43:37,748.05,42.0,24.32,181.93,0,0,
3097,333,5,6,Delivered,2025-03-12,2025-03-12 17:18:43,157.75,30.0,0.0,0.0,0,0,
3098,255,1,3,Delivered,2024-04-05,2024-04-05 20:03:38,644.31,45.0,24.15,155.6,0,0,
3099,246,5,1,Delivered,2024-10-31,2024-10-31 19:19:01,395.06,30.0,0.0,0.0,0,0,
3100,269,1,9,Delivered,2024-05-01,2024-05-01 23:20:11,833.04,42.0,21.29,177.35,30,0,
3101,331,2,7,Delivered,2025-03-18,2025-03-18 17:31:02,269.33,0.0,16.78,45.19,0,1,0
3102,201,1,10,Delivered,2025-06-01,2025-06-01 23:15:50,856.35,32.0,20.6,176.41,20,0,
3103,397,2,21,Delivered,2024-03-01,2024-03-01 16:27:32,228.21,20.0,17.23,39.32,0,1,0
3104,203,1,33,Delivered,2024-04-25,2024-04-25 13:59:51,640.59,20.0,23.09,147.91,0,1,0
3105,284,1,5,Cancelled,2025-01-09,2025-01-09 00:20:25,486.41,22.0,23.48,114.21,10,1,0
3106,236,2,7,Delivered,2024-02-02,2024-02-02 22:44:06,293.88,25.0,16.93,49.75,0,0,
3107,241,2,33,Delivered,2024-10-05,2024-10-05 21:51:12,447.21,20.0,15.43,69.0,20,1,0
3108,96,3,7,Delivered,2025-03-09,2025-03-09 17:33:18,555.47,25.0,16.44,91.32,0,1,1
3109,459,4,8,Delivered,2025-04-05,2025-04-05 14:15:56,701.1,0.0,14.56,102.08,30,0,
3110,266,1,21,Delivered,2025-06-01,2025-06-01 22:00:06,665.04,20.0,23.14,153.89,20,0,
3111,257,3,7,Delivered,2024-05-16,2024-05-16 19:17:20,444.4,25.0,18.36,81.59,0,1,0
3112,31,2,5,Delivered,2024-11-05,2024-11-05 12:07:58,149.83,22.0,16.48,24.69,50,0,
3113,391,2,20,Delivered,2024-08-15,2024-08-15 17:21:19,663.23,22.0,15.16,100.55,0,1,0
3114,8,3,4,Delivered,2025-07-11,2025-07-11 23:20:42,524.43,35.0,19.78,103.73,0,0,
3115,37,2,9,Delivered,2024-02-09,2024-02-09 23:09:20,541.73,42.0,15.15,82.07,0,1,0
3116,404,1,35,Delivered,2024-11-17,2024-11-17 14:22:40,421.16,38.0,21.25,89.5,0,0,
3117,326,2,6,Delivered,2025-06-12,2025-06-12 00:11:32,160.84,30.0,17.82,28.66,0,0,
3118,217,5,7,Delivered,2025-08-15,2025-08-15 23:38:03,375.48,25.0,0.0,0.0,0,1,1
3119,461,1,32,Delivered,2025-08-03,2025-08-03 23:15:53,456.52,0.0,22.43,102.4,0,1,0
3120,107,1,1,Delivered,2024-10-12,2024-10-12 20:24:01,696.1,30.0,24.76,172.35,0,1,0
3121,201,1,10,Delivered,2024-09-25,2024-09-25 10:00:19,267.42,32.0,20.86,55.78,0,0,
3122,217,1,7,Delivered,2025-02-04,2025-02-04 10:40:46,152.84,25.0,22.02,33.66,0,1,0
3123,148,3,8,Delivered,2024-01-15,2024-01-15 13:38:52,790.52,40.0,15.01,118.66,0,1,0
3124,386,1,3,Delivered,2025-09-05,2025-09-05 21:23:07,898.41,0.0,24.72,222.09,20,0,
3125,234,1,4,Delivered,2025-03-08,2025-03-08 17:51:19,588.45,35.0,21.19,124.69,20,0,
3126,391,5,20,Delivered,2025-07-12,2025-07-12 18:08:16,492.69,22.0,0.0,0.0,0,0,
3127,232,1,27,Delivered,2024-03-21,2024-03-21 02:00:01,330.9,20.0,24.6,81.4,15,1,1
3128,280,5,2,Delivered,2025-08-19,2025-08-19 23:26:56,652.66,28.0,0.0,0.0,0,1,0
3129,140,5,17,Delivered,2025-10-03,2025-10-03 01:08:33,323.72,20.0,0.0,0.0,20,1,0
3130,136,1,5,Delivered,2024-07-13,2024-07-13 20:03:50,457.8,22.0,22.29,102.04,25,1,0
3131,430,1,22,Delivered,2024-11-08,2024-11-08 01:49:03,144.67,22.0,23.42,33.88,30,0,
3132,486,2,25,Delivered,2024-09-06,2024-09-06 17:42:12,165.65,20.0,17.25,28.57,0,1,0
3133,133,1,6,Delivered,2024-03-07,2024-03-07 21:46:11,217.05,30.0,21.23,46.08,10,0,
3134,127,1,22,Delivered,2025-06-05,2025-06-05 00:03:45,175.26,22.0,22.65,39.7,0,1,0
3135,470,1,6,Delivered,2025-10-18,2025-10-18 20:50:45,476.95,30.0,23.25,110.89,0,1,0
3136,263,1,6,Delivered,2025-04-24,2025-04-24 22:28:54,613.36,30.0,20.92,128.31,50,1,1
3137,233,2,12,Delivered,2024-04-26,2024-04-26 17:17:37,150.88,27.0,15.93,24.04,0,1,0
3138,227,1,12,Delivered,2025-01-10,2025-01-10 14:23:49,154.84,27.0,20.92,32.39,10,1,0
3139,274,1,32,Delivered,2024-08-23,2024-08-23 16:45:21,374.36,20.0,22.44,84.01,0,0,
3140,476,2,9,Delivered,2025-01-11,2025-01-11 20:52:58,218.15,42.0,15.03,32.79,20,0,
3141,57,1,22,Delivered,2025-07-14,2025-07-14 18:43:23,232.2,22.0,22.46,52.15,30,1,0
3142,166,2,12,Delivered,2024-05-29,2024-05-29 10:51:14,348.1,27.0,17.72,61.68,0,1,0
3143,112,4,10,Delivered,2025-03-22,2025-03-22 17:50:12,521.08,32.0,13.62,70.97,0,0,
3144,445,3,11,Delivered,2025-03-05,2025-03-05 14:13:09,638.8,0.0,17.36,110.9,0,1,0
3145,254,1,3,Delivered,2025-03-14,2025-03-14 21:59:34,570.73,45.0,22.35,127.56,0,0,
3146,331,1,7,Delivered,2025-03-13,2025-03-13 03:09:13,197.58,25.0,21.97,43.41,0,1,1
3147,99,5,6,Delivered,2025-01-05,2025-01-05 22:59:04,165.3,30.0,0.0,0.0,10,1,0
3148,80,1,2,Delivered,2024-05-11,2024-05-11 10:00:06,169.81,28.0,22.62,38.41,0,0,
3149,455,5,10,Delivered,2025-12-03,2025-12-03 20:21:32,801.86,32.0,0.0,0.0,0,0,
3150,195,1,28,Delivered,2025-10-24,2025-10-24 17:56:27,591.05,20.0,24.29,143.57,30,1,1
3151,48,1,5,Pending,2024-02-27,2024-02-27 13:34:49,124.1,22.0,24.53,30.44,0,1,0
3152,180,1,5,Delivered,2025-02-28,2025-02-28 20:22:49,173.64,22.0,22.64,39.31,0,1,1
3153,280,2,2,Delivered,2025-06-07,2025-06-07 10:18:17,583.04,28.0,16.36,95.39,20,1,0
3154,331,3,7,Delivered,2025-12-06,2025-12-06 19:08:30,173.44,25.0,19.53,33.87,0,1,0
3155,305,1,6,Delivered,2025-10-31,2025-10-31 13:12:58,235.81,30.0,22.81,53.79,0,1,0
3156,324,2,5,Delivered,2024-06-23,2024-06-23 20:08:37,315.92,22.0,17.81,56.27,30,0,
3157,70,1,6,Refunded,2024-01-18,2024-01-18 12:34:10,292.65,30.0,23.84,69.77,25,1,1
3158,338,1,4,Cancelled,2025-07-11,2025-07-11 23:26:41,759.13,35.0,23.32,177.03,0,0,
3159,268,1,10,Delivered,2024-03-01,2024-03-01 14:16:33,269.91,32.0,24.72,66.72,0,0,
3160,192,1,7,Delivered,2025-01-05,2025-01-05 20:42:55,475.57,25.0,21.16,100.63,0,1,0
3161,133,5,6,Delivered,2025-11-12,2025-11-12 20:50:10,641.32,30.0,0.0,0.0,0,1,0
3162,128,1,12,Delivered,2025-06-12,2025-06-12 22:20:59,583.86,27.0,22.02,128.57,0,1,0
3163,284,3,5,Delivered,2024-11-06,2024-11-06 20:57:29,282.46,22.0,15.93,45.0,10,1,1
3164,218,1,2,Delivered,2025-09-25,2025-09-25 13:26:29,267.14,28.0,21.37,57.09,0,1,0
3165,76,1,15,Delivered,2024-10-19,2024-10-19 09:34:26,402.6,22.0,24.78,99.76,0,1,0
3166,137,4,16,Delivered,2025-12-15,2025-12-15 13:29:03,507.15,20.0,12.4,62.89,30,1,0
3167,96,2,7,Delivered,2025-05-09,2025-05-09 17:09:46,194.76,25.0,15.24,29.68,30,0,
3168,288,1,8,Delivered,2025-06-08,2025-06-08 20:29:39,895.22,40.0,20.15,180.39,50,0,
3169,347,2,2,Cancelled,2025-10-16,2025-10-16 00:33:06,421.0,28.0,15.48,65.17,0,1,0
3170,46,3,4,Delivered,2025-09-11,2025-09-11 15:59:48,730.39,35.0,15.46,112.92,0,0,
3171,182,3,14,Delivered,2024-05-23,2024-05-23 00:53:06,383.82,25.0,16.85,64.67,25,0,
3172,426,5,1,Delivered,2024-01-26,2024-01-26 22:19:33,580.42,30.0,0.0,0.0,50,1,0
3173,195,3,28,Delivered,2024-04-02,2024-04-02 17:19:15,583.02,0.0,19.26,112.29,0,1,0
3174,185,4,24,Delivered,2024-02-18,2024-02-18 20:11:11,342.72,20.0,14.53,49.8,0,1,1
3175,271,3,5,Delivered,2025-07-20,2025-07-20 12:14:05,410.69,22.0,19.65,80.7,0,1,1
3176,212,5,10,Delivered,2024-08-03,2024-08-03 23:09:19,254.35,32.0,0.0,0.0,30,0,
3177,376,1,9,Delivered,2025-05-22,2025-05-22 21:18:54,273.51,42.0,20.29,55.5,0,1,0
3178,337,1,6,Delivered,2024-04-11,2024-04-11 15:26:02,281.52,30.0,20.26,57.04,0,1,0
3179,170,5,2,Delivered,2024-03-27,2024-03-27 18:20:41,487.44,0.0,0.0,0.0,0,1,0
3180,263,3,6,Delivered,2024-09-06,2024-09-06 20:49:42,163.88,0.0,15.4,25.24,10,1,0
3181,437,1,4,Refunded,2024-02-19,2024-02-19 23:19:44,485.5,35.0,23.51,114.14,0,0,
3182,210,1,2,Delivered,2025-01-18,2025-01-18 14:47:39,561.78,28.0,20.57,115.56,30,1,0
3183,141,1,7,Delivered,2025-03-16,2025-03-16 17:26:02,287.77,25.0,20.62,59.34,20,1,0
3184,315,1,10,Delivered,2024-07-12,2024-07-12 13:37:21,422.39,32.0,24.23,102.35,5,0,
3185,231,1,10,Delivered,2024-04-12,2024-04-12 12:05:16,922.85,32.0,20.25,186.88,0,1,0
3186,179,3,12,Delivered,2025-11-13,2025-11-13 22:31:01,450.59,27.0,17.98,81.02,30,1,0
3187,214,1,16,Delivered,2024-07-13,2024-07-13 23:46:37,149.32,20.0,20.97,31.31,20,1,0
3188,236,1,7,Delivered,2024-03-11,2024-03-11 22:28:58,203.32,0.0,23.79,48.37,0,1,0
3189,18,2,28,Delivered,2024-12-27,2024-12-27 13:18:41,161.1,20.0,17.86,28.77,0,1,0
3190,366,1,5,Delivered,2024-06-03,2024-06-03 10:33:42,237.73,22.0,21.33,50.71,20,1,0
3191,273,4,5,Delivered,2024-06-25,2024-06-25 11:41:15,369.36,22.0,13.09,48.35,25,1,0
3192,246,1,1,Delivered,2025-09-27,2025-09-27 21:45:49,585.95,30.0,22.53,132.01,0,1,0
3193,470,1,6,Delivered,2025-09-25,2025-09-25 15:02:58,605.42,30.0,22.16,134.16,30,1,0
3194,281,1,4,Delivered,2025-12-25,2025-12-25 14:33:45,569.01,35.0,20.21,115.0,0,0,
3195,323,1,15,Delivered,2025-04-03,2025-04-03 23:58:07,294.18,22.0,20.2,59.42,0,0,
3196,486,2,25,Delivered,2025-09-02,2025-09-02 21:20:34,414.42,20.0,17.57,72.81,5,0,
3197,84,1,16,Delivered,2025-03-05,2025-03-05 18:44:15,583.11,20.0,23.91,139.42,50,1,0
3198,140,1,17,Delivered,2024-02-05,2024-02-05 22:13:08,273.9,20.0,21.13,57.88,0,0,
3199,246,1,1,Delivered,2024-10-19,2024-10-19 14:49:58,279.62,30.0,23.88,66.77,0,1,0
3200,145,1,9,Delivered,2024-10-16,2024-10-16 22:31:39,563.18,42.0,20.75,116.86,0,0,
3201,382,3,4,Cancelled,2024-03-27,2024-03-27 21:47:45,361.0,35.0,16.33,58.95,0,0,
3202,64,1,11,Delivered,2024-02-08,2024-02-08 22:27:07,697.26,28.0,20.2,140.85,30,1,0
3203,138,5,2,Delivered,2024-01-06,2024-01-06 12:13:04,217.63,28.0,0.0,0.0,10,1,0
3204,101,1,5,Cancelled,2024-04-05,2024-04-05 17:05:37,156.53,22.0,24.04,37.63,0,1,0
3205,110,1,15,Delivered,2025-04-11,2025-04-11 12:12:56,228.08,22.0,20.92,47.71,0,1,0
3206,165,5,10,Delivered,2025-06-04,2025-06-04 20:52:55,751.64,32.0,0.0,0.0,0,1,1
3207,490,1,24,Delivered,2024-03-29,2024-03-29 10:21:41,173.63,20.0,21.96,38.13,0,1,0
3208,192,1,7,Delivered,2025-06-25,2025-06-25 23:21:13,396.12,25.0,22.0,87.15,0,1,0
3209,461,3,32,Delivered,2025-02-14,2025-02-14 21:09:17,571.85,20.0,19.86,113.57,0,1,1
3210,135,1,5,Cancelled,2024-06-07,2024-06-07 15:33:23,148.54,22.0,21.5,31.94,20,1,0
3211,303,2,5,Rejected,2024-08-29,2024-08-29 23:22:39,486.1,22.0,16.09,78.21,0,1,1
3212,231,1,10,Delivered,2024-03-12,2024-03-12 13:15:47,397.24,0.0,23.75,94.34,0,1,0
3213,238,1,32,Delivered,2024-06-20,2024-06-20 17:52:26,174.34,20.0,23.83,41.55,0,1,0
3214,203,2,33,Delivered,2025-04-06,2025-04-06 22:56:50,279.55,20.0,15.21,42.52,0,1,0
3215,181,5,17,Delivered,2025-05-26,2025-05-26 22:37:23,286.46,20.0,0.0,0.0,0,1,0
3216,411,1,7,Delivered,2025-03-23,2025-03-23 18:41:13,761.75,25.0,24.88,189.52,0,1,0
3217,402,1,3,Delivered,2025-07-19,2025-07-19 14:07:54,530.35,45.0,22.28,118.16,30,0,
3218,323,1,15,Refunded,2024-10-03,2024-10-03 19:00:38,163.51,22.0,20.14,32.93,0,1,0
3219,122,4,19,Delivered,2024-03-07,2024-03-07 21:09:45,323.89,20.0,12.4,40.16,20,1,0
3220,77,1,3,Rejected,2024-06-03,2024-06-03 19:04:56,337.36,45.0,22.99,77.56,0,1,0
3221,476,1,9,Delivered,2024-10-08,2024-10-08 22:23:03,572.73,42.0,21.62,123.82,0,0,
3222,105,2,12,Delivered,2024-12-09,2024-12-09 11:45:58,611.5,27.0,16.3,99.67,30,0,
3223,300,5,30,Delivered,2025-01-10,2025-01-10 15:28:38,496.32,20.0,0.0,0.0,5,0,
3224,252,1,21,Delivered,2024-12-22,2024-12-22 19:36:27,412.92,20.0,24.88,102.73,0,1,0
3225,138,1,2,Delivered,2025-10-20,2025-10-20 14:51:40,463.93,28.0,20.95,97.19,0,1,0
3226,368,5,1,Refunded,2024-03-15,2024-03-15 18:21:15,281.42,30.0,0.0,0.0,0,1,0
3227,476,1,9,Delivered,2024-04-11,2024-04-11 19:06:32,309.43,42.0,23.56,72.9,0,1,0
3228,117,2,14,Delivered,2024-08-03,2024-08-03 23:02:49,505.87,25.0,17.73,89.69,0,1,0
3229,476,3,9,Delivered,2024-09-17,2024-09-17 21:34:09,262.73,42.0,19.28,50.65,0,0,
3230,4,1,13,Delivered,2024-10-20,2024-10-20 13:55:42,666.44,25.0,24.58,163.81,50,1,0
3231,486,1,25,Cancelled,2024-04-07,2024-04-07 18:05:40,279.78,20.0,22.15,61.97,0,0,
3232,221,2,19,Delivered,2025-07-30,2025-07-30 21:57:27,629.72,20.0,15.07,94.9,0,0,
3233,330,2,13,Delivered,2024-10-14,2024-10-14 23:51:58,573.49,25.0,17.2,98.64,50,0,
3234,17,1,6,Delivered,2024-04-02,2024-04-02 03:50:24,198.08,30.0,22.0,43.58,0,0,
3235,372,3,13,Cancelled,2024-11-04,2024-11-04 23:00:23,359.12,25.0,18.19,65.32,0,1,0
3236,352,3,5,Delivered,2025-07-09,2025-07-09 15:29:04,424.1,22.0,15.08,63.95,0,1,0
3237,194,5,16,Delivered,2025-01-30,2025-01-30 20:00:10,269.47,20.0,0.0,0.0,20,0,
3238,356,3,1,Delivered,2025-02-25,2025-02-25 21:56:23,240.18,30.0,15.31,36.77,0,1,0
3239,232,5,27,Cancelled,2024-03-15,2024-03-15 18:01:53,312.66,20.0,0.0,0.0,0,1,0
3240,319,1,6,Delivered,2025-10-14,2025-10-14 13:16:06,493.08,30.0,24.18,119.23,0,1,1
3241,120,4,12,Delivered,2025-12-04,2025-12-04 21:06:58,541.51,27.0,12.94,70.07,0,1,0
3242,374,5,11,Pending,2025-04-05,2025-04-05 20:07:18,153.92,28.0,0.0,0.0,0,1,0
3243,64,4,11,Delivered,2024-06-10,2024-06-10 12:29:53,533.39,28.0,13.89,74.09,30,0,
3244,17,2,6,Delivered,2024-04-26,2024-04-26 01:44:57,593.01,30.0,17.74,105.2,50,1,0
3245,223,5,9,Delivered,2024-12-20,2024-12-20 14:29:52,317.12,42.0,0.0,0.0,0,0,
3246,426,1,1,Delivered,2025-07-04,2025-07-04 20:16:51,340.72,30.0,20.13,68.59,0,1,0
3247,162,2,8,Delivered,2025-05-13,2025-05-13 22:07:02,835.23,40.0,16.89,141.07,0,0,
3248,395,1,6,Delivered,2024-11-27,2024-11-27 22:19:05,565.77,30.0,22.17,125.43,50,1,0
3249,426,5,1,Refunded,2025-08-15,2025-08-15 23:02:17,366.54,30.0,0.0,0.0,0,1,0
3250,283,5,10,Delivered,2024-08-01,2024-08-01 21:47:42,490.49,32.0,0.0,0.0,10,0,
3251,115,1,1,Delivered,2024-08-29,2024-08-29 19:48:08,214.37,30.0,21.11,45.25,20,1,0
3252,281,2,4,Delivered,2025-12-22,2025-12-22 21:27:20,690.23,35.0,16.57,114.37,50,0,
3253,96,1,7,Delivered,2024-04-08,2024-04-08 03:53:39,229.92,25.0,23.96,55.09,10,0,
3254,284,2,5,Delivered,2024-12-30,2024-12-30 19:37:24,377.42,22.0,16.08,60.69,10,1,0
3255,269,1,9,Pending,2025-08-08,2025-08-08 21:42:39,604.39,42.0,22.34,135.02,50,1,0
3256,161,2,10,Delivered,2025-11-25,2025-11-25 21:55:34,709.45,32.0,16.7,118.48,0,0,
3257,220,2,18,Delivered,2024-05-02,2024-05-02 13:24:18,381.42,20.0,15.74,60.04,10,1,0
3258,485,2,12,Delivered,2025-09-29,2025-09-29 21:55:57,160.29,27.0,15.94,25.55,50,0,
3259,89,3,5,Refunded,2024-04-05,2024-04-05 02:25:53,425.35,22.0,18.56,78.94,50,1,0
3260,415,1,15,Delivered,2024-10-10,2024-10-10 12:48:25,408.33,22.0,23.41,95.59,0,0,
3261,101,1,5,Refunded,2024-11-15,2024-11-15 18:41:48,292.43,22.0,22.49,65.77,20,1,0
3262,84,3,16,Delivered,2024-08-18,2024-08-18 19:06:27,410.47,20.0,17.57,72.12,10,0,
3263,208,1,11,Delivered,2024-12-01,2024-12-01 23:17:18,145.33,28.0,21.23,30.85,0,1,0
3264,185,3,24,Delivered,2024-05-09,2024-05-09 00:10:05,192.22,20.0,16.9,32.49,50,1,1
3265,241,2,33,Delivered,2024-05-14,2024-05-14 22:03:45,244.7,20.0,15.14,37.05,0,1,0
3266,84,2,16,Delivered,2025-03-07,2025-03-07 17:25:02,328.01,20.0,15.05,49.37,5,1,0
3267,219,2,32,Delivered,2024-10-29,2024-10-29 10:51:56,592.61,20.0,17.03,100.92,30,1,0
3268,365,3,5,Delivered,2025-06-17,2025-06-17 23:08:25,313.54,22.0,19.08,59.82,0,1,0
3269,185,2,24,Refunded,2025-03-19,2025-03-19 11:17:22,687.65,20.0,15.34,105.49,20,1,0
3270,21,2,3,Delivered,2024-02-10,2024-02-10 14:12:51,273.95,45.0,17.76,48.65,0,1,1
3271,127,5,22,Delivered,2024-08-25,2024-08-25 22:37:36,233.65,22.0,0.0,0.0,0,0,
3272,338,2,4,Delivered,2024-08-17,2024-08-17 20:39:17,585.08,35.0,17.98,105.2,20,0,
3273,190,1,9,Cancelled,2024-04-11,2024-04-11 15:25:25,518.9,42.0,21.74,112.81,20,1,0
3274,428,3,2,Delivered,2024-02-28,2024-02-28 19:17:16,462.98,28.0,18.29,84.68,0,1,0
3275,206,2,5,Delivered,2024-03-17,2024-03-17 02:23:05,788.12,22.0,17.29,136.27,0,1,0
3276,171,4,7,Delivered,2024-10-11,2024-10-11 01:51:24,223.47,25.0,13.92,31.11,0,1,1
3277,34,2,8,Delivered,2025-05-30,2025-05-30 21:51:57,495.88,40.0,17.07,84.65,10,1,0
3278,136,2,5,Delivered,2024-10-03,2024-10-03 20:30:14,286.49,22.0,17.34,49.68,0,1,0
3279,147,1,13,Cancelled,2024-10-31,2024-10-31 20:04:15,204.74,25.0,24.42,50.0,0,0,
3280,131,1,14,Delivered,2025-12-25,2025-12-25 13:52:35,690.8,0.0,20.94,144.65,0,0,
3281,445,1,11,Delivered,2025-06-18,2025-06-18 23:49:55,235.97,28.0,22.21,52.41,10,1,0
3282,25,3,16,Delivered,2025-04-21,2025-04-21 13:02:59,490.95,20.0,15.62,76.69,0,1,0
3283,14,3,20,Delivered,2024-03-08,2024-03-08 19:12:51,564.17,22.0,17.79,100.37,0,0,
3284,11,1,14,Delivered,2025-08-17,2025-08-17 14:33:14,365.73,25.0,22.78,83.31,0,0,
3285,439,5,20,Delivered,2025-10-06,2025-10-06 21:43:35,441.67,22.0,0.0,0.0,0,1,0
3286,170,1,2,Delivered,2025-10-09,2025-10-09 00:19:04,666.26,28.0,23.76,158.3,0,0,
3287,352,3,5,Cancelled,2025-12-10,2025-12-10 19:16:29,338.47,22.0,16.28,55.1,0,1,0
3288,290,4,1,Delivered,2024-06-27,2024-06-27 20:17:27,451.44,30.0,13.7,61.85,25,1,0
3289,380,5,7,Delivered,2024-06-02,2024-06-02 20:01:26,157.06,25.0,0.0,0.0,5,0,
3290,220,1,18,Delivered,2025-08-20,2025-08-20 22:16:33,381.53,20.0,22.13,84.43,20,1,0
3291,451,3,6,Delivered,2024-12-16,2024-12-16 21:42:54,551.42,30.0,15.21,83.87,30,0,
3292,15,1,7,Delivered,2024-02-14,2024-02-14 22:00:01,321.18,25.0,24.89,79.94,25,1,0
3293,260,3,6,Cancelled,2024-11-02,2024-11-02 22:53:32,428.93,30.0,17.69,75.88,20,0,
3294,78,2,11,Delivered,2025-10-08,2025-10-08 23:15:32,174.55,28.0,15.93,27.81,0,1,0
3295,18,5,28,Delivered,2024-01-12,2024-01-12 13:00:27,245.32,20.0,0.0,0.0,20,1,0
3296,291,5,5,Delivered,2025-10-02,2025-10-02 21:14:35,399.76,22.0,0.0,0.0,0,1,0
3297,313,2,5,Cancelled,2024-07-15,2024-07-15 15:29:19,197.46,22.0,17.01,33.59,20,1,0
3298,365,3,5,Delivered,2024-02-26,2024-02-26 21:53:58,310.54,22.0,18.7,58.07,15,0,
3299,26,5,1,Delivered,2024-08-15,2024-08-15 23:48:37,441.57,30.0,0.0,0.0,0,0,
3300,31,2,5,Refunded,2025-05-26,2025-05-26 21:16:23,256.92,22.0,17.43,44.78,25,1,0
3301,73,1,1,Delivered,2025-10-07,2025-10-07 23:27:22,241.38,30.0,24.54,59.23,0,1,0
3302,195,1,28,Delivered,2025-04-06,2025-04-06 23:54:14,513.78,20.0,24.34,125.05,20,1,0
3303,498,4,6,Delivered,2025-11-09,2025-11-09 21:47:29,332.17,30.0,14.92,49.56,0,0,
3304,233,4,12,Delivered,2025-08-28,2025-08-28 23:30:40,572.55,27.0,13.95,79.87,0,1,0
3305,418,1,2,Delivered,2025-10-25,2025-10-25 23:16:43,319.54,28.0,20.22,64.61,0,1,0
3306,420,5,2,Delivered,2025-01-04,2025-01-04 21:18:35,690.45,28.0,0.0,0.0,0,1,0
3307,366,3,5,Delivered,2024-11-14,2024-11-14 18:12:53,265.96,22.0,16.94,45.05,15,1,0
3308,199,1,2,Delivered,2025-05-10,2025-05-10 21:56:49,461.12,28.0,20.71,95.5,0,1,0
3309,174,3,12,Delivered,2024-09-19,2024-09-19 16:15:31,271.99,27.0,17.87,48.6,0,0,
3310,358,3,35,Delivered,2024-12-18,2024-12-18 19:06:17,560.18,38.0,17.91,100.33,0,0,
3311,456,3,1,Cancelled,2024-01-05,2024-01-05 13:57:38,371.27,30.0,19.25,71.47,0,1,1
3312,19,3,2,Delivered,2024-04-04,2024-04-04 18:06:51,665.98,0.0,15.31,101.96,0,1,0
3313,423,2,10,Delivered,2024-09-19,2024-09-19 23:53:01,885.64,32.0,15.56,137.81,50,0,
3314,48,1,5,Cancelled,2025-12-02,2025-12-02 22:00:18,472.34,22.0,23.39,110.48,0,1,1
3315,64,1,11,Delivered,2025-08-02,2025-08-02 13:05:01,615.84,28.0,23.9,147.19,20,1,0
3316,185,1,24,Delivered,2024-04-03,2024-04-03 03:44:41,260.39,20.0,20.18,52.55,0,0,
3317,287,1,9,Delivered,2024-06-17,2024-06-17 22:27:36,582.96,42.0,20.42,119.04,0,0,
3318,292,1,10,Delivered,2025-02-02,2025-02-02 19:53:59,522.84,32.0,24.74,129.35,0,0,
3319,8,2,4,Delivered,2025-11-06,2025-11-06 17:08:06,623.29,35.0,15.73,98.04,0,0,
3320,226,5,1,Delivered,2024-11-20,2024-11-20 19:05:46,503.2,30.0,0.0,0.0,0,1,0
3321,460,2,2,Delivered,2024-06-29,2024-06-29 12:38:06,257.57,28.0,16.83,43.35,0,1,0
3322,203,3,33,Delivered,2024-10-23,2024-10-23 09:43:09,235.05,20.0,19.96,46.92,0,1,1
3323,217,2,7,Delivered,2025-12-30,2025-12-30 14:46:07,166.25,25.0,16.98,28.23,10,1,0
3324,447,4,26,Delivered,2025-05-01,2025-05-01 13:50:33,594.72,22.0,14.57,86.65,0,1,0
3325,138,1,2,Delivered,2025-05-09,2025-05-09 21:01:02,566.32,28.0,23.88,135.24,0,0,
3326,396,3,13,Delivered,2024-08-23,2024-08-23 14:53:39,165.76,25.0,18.64,30.9,0,1,0
3327,243,3,25,Delivered,2025-05-06,2025-05-06 14:39:31,281.27,20.0,16.34,45.96,0,1,1
3328,393,2,6,Delivered,2025-03-25,2025-03-25 18:23:17,324.01,30.0,16.64,53.92,50,0,
3329,324,1,5,Cancelled,2024-01-20,2024-01-20 20:21:49,267.58,0.0,22.9,61.28,0,0,
3330,315,5,10,Delivered,2024-06-12,2024-06-12 22:12:50,429.48,32.0,0.0,0.0,0,0,
3331,474,3,1,Delivered,2024-05-02,2024-05-02 21:51:15,658.04,30.0,15.04,98.97,0,1,1
3332,433,1,5,Delivered,2024-11-16,2024-11-16 13:15:16,371.33,22.0,22.47,83.44,10,1,0
3333,284,4,5,Refunded,2025-11-21,2025-11-21 13:35:21,402.22,22.0,15.0,60.33,10,0,
3334,360,1,17,Delivered,2025-02-14,2025-02-14 00:56:24,338.97,20.0,24.15,81.86,0,1,0
3335,347,5,2,Delivered,2025-09-04,2025-09-04 01:01:41,251.1,28.0,0.0,0.0,0,1,0
3336,35,3,10,Rejected,2025-03-15,2025-03-15 12:23:28,440.87,32.0,19.91,87.78,0,0,
3337,308,5,6,Delivered,2025-05-11,2025-05-11 13:02:40,498.65,30.0,0.0,0.0,0,0,
3338,286,1,34,Delivered,2024-07-01,2024-07-01 21:40:43,309.41,20.0,24.24,75.0,25,0,
3339,3,1,2,Delivered,2025-06-22,2025-06-22 23:05:42,250.9,28.0,24.86,62.37,20,1,1
3340,284,4,5,Delivered,2024-06-20,2024-06-20 14:08:30,359.66,22.0,14.65,52.69,0,1,0
3341,423,2,10,Delivered,2024-07-03,2024-07-03 23:17:21,792.58,32.0,15.24,120.79,30,0,
3342,389,1,1,Delivered,2024-05-14,2024-05-14 22:23:06,428.47,30.0,20.69,88.65,50,1,0
3343,26,1,1,Delivered,2025-02-08,2025-02-08 20:02:09,659.32,30.0,23.87,157.38,0,0,
3344,101,1,5,Delivered,2025-10-17,2025-10-17 19:51:06,330.25,22.0,24.66,81.44,50,1,0
3345,440,5,23,Delivered,2024-03-12,2024-03-12 12:43:32,702.82,20.0,0.0,0.0,50,1,0
3346,359,1,3,Cancelled,2025-05-09,2025-05-09 01:54:32,324.06,45.0,24.42,79.14,15,1,0
3347,398,2,7,Delivered,2024-01-10,2024-01-10 13:54:43,325.6,25.0,15.56,50.66,0,1,0
3348,224,3,6,Delivered,2024-01-07,2024-01-07 22:06:48,482.85,30.0,18.56,89.62,0,1,0
3349,236,1,7,Delivered,2024-06-22,2024-06-22 13:42:18,219.09,25.0,23.42,51.31,15,0,
3350,55,3,5,Delivered,2024-01-17,2024-01-17 13:18:49,441.3,22.0,16.42,72.46,0,1,1
3351,203,1,33,Delivered,2024-08-28,2024-08-28 20:14:48,585.07,20.0,21.47,125.61,30,1,0
3352,282,3,12,Delivered,2024-05-01,2024-05-01 20:13:47,220.82,0.0,19.34,42.71,0,1,0
3353,476,1,9,Delivered,2024-05-16,2024-05-16 00:31:31,324.66,42.0,24.23,78.67,0,1,0
3354,296,1,2,Delivered,2025-02-21,2025-02-21 13:58:23,483.66,28.0,23.32,112.79,0,1,0
3355,146,4,14,Delivered,2024-08-20,2024-08-20 20:17:50,151.48,25.0,12.63,19.13,20,1,0
3356,163,2,14,Delivered,2024-08-16,2024-08-16 14:48:12,375.04,25.0,15.88,59.56,50,0,
3357,291,4,5,Delivered,2024-04-13,2024-04-13 12:06:59,163.61,22.0,12.44,20.35,30,1,0
3358,21,1,3,Cancelled,2024-06-02,2024-06-02 20:24:19,708.48,45.0,20.89,148.0,50,1,0
3359,375,1,1,Delivered,2025-05-04,2025-05-04 20:40:22,219.66,30.0,21.13,46.41,0,1,0
3360,30,1,17,Cancelled,2024-04-12,2024-04-12 01:13:37,428.35,20.0,20.11,86.14,10,1,0
3361,96,3,7,Delivered,2024-03-21,2024-03-21 13:56:33,263.72,25.0,16.66,43.94,0,0,
3362,381,3,16,Delivered,2024-04-27,2024-04-27 20:43:42,342.53,20.0,15.59,53.4,0,1,0
3363,130,1,10,Delivered,2025-05-24,2025-05-24 13:45:18,697.59,32.0,21.34,148.87,0,0,
3364,398,5,7,Cancelled,2024-08-25,2024-08-25 19:51:11,387.69,25.0,0.0,0.0,0,0,
3365,140,3,17,Delivered,2024-03-28,2024-03-28 02:00:58,270.14,20.0,15.15,40.93,25,1,1
3366,243,1,25,Delivered,2024-10-25,2024-10-25 17:20:51,329.63,20.0,21.34,70.34,20,1,0
3367,326,1,6,Delivered,2024-08-01,2024-08-01 18:12:37,151.33,30.0,24.33,36.82,5,1,0
3368,195,4,28,Delivered,2024-12-17,2024-12-17 19:37:23,375.28,20.0,13.43,50.4,5,1,0
3369,154,1,26,Delivered,2024-01-09,2024-01-09 22:42:05,602.42,22.0,20.94,126.15,0,1,0
3370,483,1,2,Delivered,2024-11-10,2024-11-10 14:44:30,413.92,28.0,20.54,85.02,0,0,
3371,385,5,18,Cancelled,2025-03-27,2025-03-27 18:15:55,394.22,20.0,0.0,0.0,0,1,0
3372,161,2,10,Delivered,2025-04-14,2025-04-14 22:28:30,543.71,32.0,15.2,82.64,0,0,
3373,149,1,33,Delivered,2025-01-23,2025-01-23 14:07:02,248.12,20.0,23.68,58.75,0,1,0
3374,128,3,12,Delivered,2025-03-24,2025-03-24 18:47:51,462.29,27.0,16.57,76.6,0,1,0
3375,6,2,2,Delivered,2025-07-28,2025-07-28 14:47:48,319.54,0.0,16.64,53.17,0,1,0
3376,426,1,1,Delivered,2024-04-24,2024-04-24 23:01:06,389.34,30.0,21.67,84.37,0,1,0
3377,326,2,6,Delivered,2025-11-06,2025-11-06 13:58:07,522.53,30.0,17.96,93.85,50,1,0
3378,245,1,11,Delivered,2025-11-04,2025-11-04 20:19:49,507.81,28.0,21.91,111.26,0,1,0
3379,437,2,4,Delivered,2024-10-08,2024-10-08 13:25:41,882.1,35.0,16.27,143.52,20,1,0
3380,486,2,25,Delivered,2024-10-30,2024-10-30 23:07:32,461.32,20.0,15.79,72.84,10,1,0
3381,121,1,7,Delivered,2025-05-25,2025-05-25 23:48:10,484.54,25.0,20.56,99.62,0,0,
3382,233,4,12,Delivered,2024-10-25,2024-10-25 18:57:11,645.62,27.0,14.11,91.1,30,0,
3383,88,5,5,Delivered,2025-10-20,2025-10-20 10:26:35,308.9,22.0,0.0,0.0,0,1,0
3384,328,2,7,Delivered,2025-06-01,2025-06-01 22:00:02,418.54,25.0,17.31,72.45,0,1,0
3385,201,1,10,Delivered,2025-10-02,2025-10-02 20:19:46,312.37,32.0,24.98,78.03,30,1,0
3386,117,1,14,Delivered,2024-04-16,2024-04-16 21:53:47,309.75,25.0,22.82,70.68,0,1,0
3387,100,2,3,Delivered,2024-02-07,2024-02-07 19:34:44,822.1,45.0,17.81,146.42,0,0,
3388,377,1,11,Delivered,2025-06-26,2025-06-26 21:46:50,504.61,28.0,22.99,116.01,0,1,0
3389,213,2,15,Delivered,2025-07-24,2025-07-24 12:24:03,398.77,22.0,17.49,69.74,10,1,0
3390,179,1,12,Delivered,2025-09-18,2025-09-18 15:54:41,593.53,27.0,20.38,120.96,30,1,0
3391,395,1,6,Delivered,2024-04-17,2024-04-17 21:29:23,368.97,30.0,23.85,88.0,0,1,0
3392,464,1,9,Delivered,2025-05-15,2025-05-15 12:18:46,724.91,42.0,21.8,158.03,0,1,0
3393,366,1,5,Cancelled,2024-03-03,2024-03-03 23:35:31,373.91,22.0,24.49,91.57,10,1,0
3394,342,1,1,Delivered,2024-10-25,2024-10-25 23:52:32,621.49,30.0,24.98,155.25,0,0,
3395,210,2,2,Delivered,2025-02-04,2025-02-04 22:07:50,252.37,28.0,16.79,42.37,25,1,0
3396,418,2,2,Delivered,2024-03-04,2024-03-04 20:01:59,458.14,28.0,17.82,81.64,0,1,0
3397,230,3,32,Delivered,2025-09-08,2025-09-08 20:35:31,446.32,0.0,16.07,71.72,0,1,0
3398,154,2,26,Delivered,2025-08-14,2025-08-14 22:08:16,355.26,22.0,17.96,63.8,0,1,1
3399,94,1,12,Delivered,2025-09-29,2025-09-29 22:06:43,158.43,27.0,20.56,32.57,5,1,0
3400,193,5,14,Delivered,2024-11-05,2024-11-05 23:25:59,240.59,25.0,0.0,0.0,20,1,0
3401,145,3,9,Delivered,2024-07-05,2024-07-05 21:41:08,394.66,42.0,19.23,75.89,0,0,
3402,8,5,4,Delivered,2024-09-03,2024-09-03 19:08:06,463.61,35.0,0.0,0.0,20,0,
3403,154,1,26,Delivered,2024-11-15,2024-11-15 19:31:57,444.55,22.0,22.44,99.76,0,0,
3404,35,3,10,Delivered,2024-05-25,2024-05-25 23:13:33,249.93,32.0,17.66,44.14,50,0,
3405,382,3,4,Refunded,2024-12-10,2024-12-10 22:58:52,895.94,35.0,16.78,150.34,0,0,
3406,328,2,7,Refunded,2025-10-11,2025-10-11 21:53:46,195.22,25.0,15.69,30.63,5,1,0
3407,270,1,5,Delivered,2025-08-03,2025-08-03 23:05:24,120.21,22.0,24.46,29.4,50,1,0
3408,93,3,6,Delivered,2025-06-01,2025-06-01 21:31:39,156.83,30.0,19.92,31.24,0,1,0
3409,487,3,6,Delivered,2025-03-08,2025-03-08 03:16:37,283.92,30.0,16.72,47.47,30,0,
3410,275,1,33,Delivered,2024-06-15,2024-06-15 23:01:30,178.47,20.0,22.09,39.42,0,0,
3411,114,3,24,Delivered,2025-03-18,2025-03-18 21:26:42,370.89,20.0,16.05,59.53,10,1,0
3412,153,2,5,Delivered,2025-10-21,2025-10-21 23:34:59,271.62,22.0,16.61,45.12,10,1,0
3413,499,5,3,Cancelled,2025-01-20,2025-01-20 19:11:03,278.87,45.0,0.0,0.0,0,0,
3414,392,2,35,Delivered,2024-01-24,2024-01-24 13:40:16,274.42,38.0,15.38,42.21,20,0,
3415,436,3,20,Delivered,2024-09-06,2024-09-06 21:51:52,497.58,22.0,16.71,83.15,0,0,
3416,405,3,11,Delivered,2025-09-17,2025-09-17 14:30:13,225.42,28.0,16.14,36.38,0,1,0
3417,311,1,10,Cancelled,2025-04-11,2025-04-11 23:23:24,680.66,32.0,20.56,139.94,0,1,1
3418,137,1,16,Delivered,2025-11-06,2025-11-06 19:32:37,260.72,20.0,20.0,52.14,0,0,
3419,127,1,22,Delivered,2025-07-04,2025-07-04 23:55:55,164.92,22.0,20.03,33.03,15,1,0
3420,53,5,2,Delivered,2025-11-12,2025-11-12 13:57:11,294.37,28.0,0.0,0.0,20,1,1
3421,11,5,14,Pending,2024-02-02,2024-02-02 15:59:30,148.09,25.0,0.0,0.0,0,0,
3422,92,1,29,Delivered,2024-04-10,2024-04-10 20:26:44,782.4,20.0,21.89,171.27,50,1,1
3423,147,5,13,Delivered,2025-03-02,2025-03-02 17:33:13,673.5,25.0,0.0,0.0,0,0,
3424,39,5,4,Delivered,2025-12-16,2025-12-16 21:09:49,315.31,35.0,0.0,0.0,20,0,
3425,358,4,35,Delivered,2025-05-16,2025-05-16 16:57:25,551.04,38.0,14.78,81.44,50,0,
3426,138,1,2,Delivered,2025-01-24,2025-01-24 21:33:34,183.32,28.0,22.74,41.69,0,1,0
3427,211,2,1,Delivered,2025-08-15,2025-08-15 13:48:57,352.35,30.0,17.36,61.17,0,1,0
3428,29,2,13,Delivered,2025-06-12,2025-06-12 21:24:30,653.2,25.0,15.12,98.76,0,1,0
3429,466,4,12,Delivered,2024-11-10,2024-11-10 23:30:04,498.05,27.0,13.85,68.98,20,1,0
3430,258,5,16,Delivered,2024-09-28,2024-09-28 20:46:44,306.73,20.0,0.0,0.0,0,0,
3431,109,1,11,Delivered,2025-12-26,2025-12-26 23:12:00,464.13,28.0,24.56,113.99,0,1,1
3432,288,2,8,Delivered,2024-02-23,2024-02-23 12:48:10,472.45,40.0,16.76,79.18,0,0,
3433,61,5,2,Delivered,2024-06-01,2024-06-01 21:52:19,142.01,28.0,0.0,0.0,0,0,
3434,471,2,18,Delivered,2024-03-27,2024-03-27 22:19:58,414.57,20.0,15.35,63.64,0,0,
3435,120,1,12,Delivered,2025-04-04,2025-04-04 14:06:36,184.1,27.0,21.19,39.01,0,1,0
3436,54,5,12,Delivered,2024-05-22,2024-05-22 13:43:34,661.08,27.0,0.0,0.0,0,0,
3437,14,1,20,Refunded,2025-06-06,2025-06-06 12:24:36,1046.69,22.0,23.27,243.56,0,1,0
3438,182,3,14,Refunded,2025-02-28,2025-02-28 12:40:21,440.4,25.0,19.88,87.55,0,1,0
3439,358,5,35,Delivered,2025-07-03,2025-07-03 19:44:46,823.09,38.0,0.0,0.0,0,0,
3440,290,5,1,Refunded,2024-12-10,2024-12-10 22:56:33,312.5,30.0,0.0,0.0,25,1,0
3441,441,2,10,Delivered,2024-12-27,2024-12-27 00:23:21,422.03,32.0,16.78,70.82,0,0,
3442,214,3,16,Cancelled,2025-10-16,2025-10-16 00:49:01,157.11,20.0,19.49,30.62,5,1,0
3443,192,2,7,Delivered,2024-09-23,2024-09-23 13:32:04,203.75,0.0,17.74,36.15,0,1,0
3444,409,4,3,Pending,2024-03-16,2024-03-16 03:44:04,461.77,45.0,14.39,66.45,0,1,0
3445,326,1,6,Delivered,2025-06-16,2025-06-16 12:05:01,647.16,0.0,22.42,145.09,0,1,0
3446,265,1,35,Delivered,2024-10-13,2024-10-13 20:48:09,509.56,38.0,22.36,113.94,30,0,
3447,266,1,21,Delivered,2025-05-15,2025-05-15 15:24:08,323.23,20.0,24.06,77.77,0,1,0
3448,360,2,17,Delivered,2025-02-16,2025-02-16 13:19:26,150.86,20.0,17.0,25.65,0,1,0
3449,375,2,1,Rejected,2024-08-26,2024-08-26 12:07:28,580.04,30.0,17.64,102.32,0,0,
3450,396,1,13,Delivered,2024-02-17,2024-02-17 20:42:51,576.09,25.0,21.87,125.99,0,1,0
3451,373,4,2,Delivered,2025-01-06,2025-01-06 14:53:44,550.43,28.0,14.62,80.47,0,1,0
3452,270,3,5,Delivered,2024-06-23,2024-06-23 20:18:06,165.23,0.0,19.09,31.54,0,0,
3453,39,5,4,Pending,2024-08-05,2024-08-05 17:04:35,563.73,35.0,0.0,0.0,50,1,0
3454,265,1,35,Delivered,2025-05-04,2025-05-04 12:29:00,826.69,38.0,24.04,198.74,30,0,
3455,411,1,7,Delivered,2024-04-01,2024-04-01 12:28:23,387.18,25.0,21.06,81.54,10,0,
3456,418,2,2,Delivered,2025-06-09,2025-06-09 09:17:00,515.62,28.0,16.33,84.2,0,1,0
3457,145,1,9,Rejected,2025-12-12,2025-12-12 22:37:14,805.2,42.0,22.65,182.38,0,1,0
3458,133,1,6,Delivered,2025-12-16,2025-12-16 20:04:29,475.52,30.0,23.22,110.42,0,1,0
3459,500,2,18,Delivered,2025-01-30,2025-01-30 15:09:45,426.45,20.0,16.95,72.28,0,1,0
3460,206,1,5,Delivered,2025-10-13,2025-10-13 23:41:58,386.59,22.0,24.68,95.41,0,1,0
3461,163,1,14,Delivered,2024-08-17,2024-08-17 22:50:00,430.93,25.0,22.79,98.21,0,1,0
3462,20,2,15,Delivered,2025-10-25,2025-10-25 21:11:01,311.76,22.0,17.69,55.15,0,1,0
3463,170,1,2,Delivered,2024-03-21,2024-03-21 18:47:57,264.54,28.0,22.3,58.99,30,1,0
3464,500,4,18,Delivered,2025-12-25,2025-12-25 23:05:58,198.82,20.0,12.28,24.42,10,1,0
3465,230,3,32,Delivered,2024-04-19,2024-04-19 20:43:51,186.98,20.0,18.8,35.15,15,0,
3466,398,3,7,Delivered,2024-12-24,2024-12-24 14:16:21,148.21,25.0,18.29,27.11,0,1,1
3467,265,1,35,Delivered,2024-12-03,2024-12-03 14:39:18,244.05,38.0,22.02,53.74,5,0,
3468,450,2,19,Delivered,2025-12-23,2025-12-23 13:23:20,202.13,20.0,15.56,31.45,0,1,0
3469,18,2,28,Refunded,2025-09-14,2025-09-14 20:00:59,363.72,20.0,16.04,58.34,0,0,
3470,180,2,5,Delivered,2024-10-23,2024-10-23 21:43:50,243.76,22.0,16.8,40.95,10,1,0
3471,18,2,28,Refunded,2025-02-04,2025-02-04 10:59:20,205.23,20.0,16.71,34.29,10,0,
3472,230,1,32,Cancelled,2024-01-15,2024-01-15 19:19:21,148.52,20.0,23.08,34.28,0,1,0
3473,411,1,7,Delivered,2024-02-15,2024-02-15 01:20:54,165.65,25.0,23.88,39.56,30,0,
3474,377,2,11,Delivered,2025-04-09,2025-04-09 19:58:47,195.88,28.0,16.19,31.71,0,1,0
3475,217,1,7,Delivered,2024-09-03,2024-09-03 11:46:21,284.42,25.0,23.32,66.33,0,1,0
3476,395,2,6,Delivered,2024-03-06,2024-03-06 14:23:26,374.89,30.0,16.86,63.21,0,0,
3477,89,1,5,Delivered,2024-09-28,2024-09-28 13:08:47,200.51,22.0,21.09,42.29,50,1,1
3478,414,1,7,Refunded,2025-08-04,2025-08-04 20:40:28,179.1,25.0,20.01,35.84,50,1,0
3479,166,4,12,Delivered,2024-12-11,2024-12-11 10:51:41,521.24,27.0,13.32,69.43,0,1,0
3480,132,1,29,Delivered,2025-02-18,2025-02-18 14:19:27,460.39,20.0,21.93,100.96,10,0,
3481,76,5,15,Delivered,2024-12-05,2024-12-05 21:25:39,599.35,22.0,0.0,0.0,0,1,0
3482,474,1,1,Delivered,2025-11-13,2025-11-13 12:00:41,471.69,30.0,22.75,107.31,0,1,0
3483,49,4,3,Delivered,2025-06-12,2025-06-12 14:51:39,338.81,45.0,13.28,44.99,0,0,
3484,133,1,6,Delivered,2025-10-31,2025-10-31 00:34:27,410.81,30.0,24.85,102.09,0,1,0
3485,315,1,10,Delivered,2025-05-06,2025-05-06 13:04:55,212.39,0.0,24.22,51.44,5,0,
3486,334,1,12,Delivered,2024-05-10,2024-05-10 17:53:03,385.26,27.0,20.13,77.55,0,1,1
3487,46,1,4,Delivered,2025-09-24,2025-09-24 22:30:14,862.16,35.0,24.48,211.06,30,1,0
3488,366,2,5,Delivered,2024-10-29,2024-10-29 22:31:38,306.89,22.0,15.76,48.37,0,1,0
3489,270,1,5,Delivered,2024-12-10,2024-12-10 21:31:25,186.26,22.0,24.35,45.35,20,1,1
3490,269,2,9,Delivered,2025-03-01,2025-03-01 18:30:05,696.59,42.0,17.02,118.56,0,1,0
3491,225,1,5,Pending,2024-04-03,2024-04-03 18:36:25,456.8,0.0,21.26,97.12,50,0,
3492,303,1,5,Delivered,2025-11-04,2025-11-04 21:33:05,379.58,22.0,22.22,84.34,0,1,0
3493,314,1,5,Delivered,2025-11-26,2025-11-26 13:48:46,482.33,22.0,21.17,102.11,0,1,0
3494,439,3,20,Delivered,2025-10-31,2025-10-31 18:02:16,364.73,22.0,18.5,67.48,10,1,0
3495,354,1,5,Delivered,2025-07-13,2025-07-13 18:28:14,351.65,22.0,24.65,86.68,0,1,0
3496,135,5,5,Delivered,2025-04-07,2025-04-07 13:10:11,366.42,22.0,0.0,0.0,0,1,1
3497,179,1,12,Delivered,2025-04-30,2025-04-30 19:25:57,404.9,27.0,23.25,94.14,0,1,0
3498,52,5,8,Delivered,2024-04-04,2024-04-04 17:02:30,626.76,40.0,0.0,0.0,30,1,0
3499,311,1,10,Cancelled,2024-07-02,2024-07-02 23:04:41,516.49,0.0,20.98,108.36,50,1,1
3500,192,2,7,Refunded,2024-05-23,2024-05-23 13:43:43,255.47,25.0,17.07,43.61,20,1,0
3501,446,1,19,Delivered,2025-02-28,2025-02-28 13:20:13,549.55,20.0,24.83,136.45,50,1,0
3502,96,3,7,Delivered,2025-06-08,2025-06-08 22:57:06,1101.59,25.0,17.99,198.18,50,0,
3503,391,1,20,Pending,2025-03-18,2025-03-18 11:40:08,542.01,22.0,21.47,116.37,0,1,0
3504,335,1,14,Delivered,2025-01-02,2025-01-02 00:37:35,262.54,25.0,21.96,57.65,0,1,0
3505,147,1,13,Delivered,2025-07-15,2025-07-15 20:45:35,394.02,0.0,20.83,82.07,0,1,1
3506,354,1,5,Delivered,2024-08-08,2024-08-08 23:02:33,368.32,22.0,20.94,77.13,0,1,0
3507,284,1,5,Delivered,2025-09-19,2025-09-19 00:50:01,340.4,22.0,20.33,69.2,0,1,1
3508,338,1,4,Delivered,2025-03-28,2025-03-28 18:57:22,797.79,35.0,21.09,168.25,0,1,0
3509,358,2,35,Delivered,2025-09-24,2025-09-24 22:51:51,605.74,0.0,15.55,94.19,20,1,0
3510,201,1,10,Delivered,2025-12-10,2025-12-10 19:50:30,633.51,32.0,23.44,148.49,0,0,
3511,433,1,5,Delivered,2024-12-15,2024-12-15 10:00:38,380.44,0.0,22.32,84.91,0,1,0
3512,100,1,3,Refunded,2024-03-14,2024-03-14 17:08:13,505.61,45.0,23.32,117.91,0,1,0
3513,161,1,10,Delivered,2024-11-09,2024-11-09 23:54:14,814.39,0.0,24.29,197.82,0,0,
3514,450,4,19,Delivered,2024-06-21,2024-06-21 17:38:48,319.72,20.0,13.82,44.19,0,0,
3515,356,1,1,Rejected,2025-11-27,2025-11-27 19:03:47,548.51,0.0,22.22,121.88,0,1,0
3516,220,3,18,Delivered,2025-12-10,2025-12-10 12:59:36,528.27,20.0,15.32,80.93,0,1,0
3517,31,2,5,Delivered,2024-09-24,2024-09-24 19:30:07,217.97,22.0,17.37,37.86,15,1,0
3518,230,1,32,Delivered,2025-11-05,2025-11-05 22:03:15,499.69,0.0,20.04,100.14,0,0,
3519,334,5,12,Delivered,2024-06-14,2024-06-14 23:03:58,200.85,27.0,0.0,0.0,0,1,0
3520,217,4,7,Delivered,2025-04-17,2025-04-17 19:05:18,446.43,25.0,12.82,57.23,0,1,0
3521,192,1,7,Delivered,2025-09-09,2025-09-09 13:47:05,483.66,25.0,24.27,117.38,0,1,1
3522,105,5,12,Delivered,2025-07-06,2025-07-06 20:08:37,344.44,27.0,0.0,0.0,0,1,0
3523,351,1,11,Refunded,2025-10-10,2025-10-10 12:15:01,615.6,28.0,20.21,124.41,0,0,
3524,202,3,2,Delivered,2024-09-10,2024-09-10 23:55:14,174.95,28.0,19.28,33.73,25,1,1
3525,38,1,14,Delivered,2025-10-24,2025-10-24 15:02:15,655.69,25.0,22.45,147.2,0,1,0
3526,202,1,2,Delivered,2025-06-18,2025-06-18 22:53:00,341.45,28.0,22.65,77.34,0,1,0
3527,289,3,19,Delivered,2025-06-08,2025-06-08 11:50:26,933.35,20.0,18.51,172.76,0,0,
3528,201,1,10,Delivered,2025-01-01,2025-01-01 22:41:20,779.63,32.0,20.8,162.16,0,0,
3529,74,2,5,Delivered,2024-08-29,2024-08-29 17:26:21,181.67,22.0,17.37,31.56,15,0,
3530,189,3,29,Delivered,2025-04-15,2025-04-15 23:25:28,692.51,20.0,19.24,133.24,0,1,0
3531,443,1,5,Delivered,2024-09-29,2024-09-29 22:19:58,179.17,22.0,21.35,38.25,0,1,0
3532,269,4,9,Delivered,2025-10-10,2025-10-10 21:04:36,872.4,42.0,12.76,111.32,0,0,
3533,378,4,5,Delivered,2025-07-17,2025-07-17 12:43:57,237.62,22.0,13.83,32.86,30,1,0
3534,263,5,6,Delivered,2025-06-03,2025-06-03 23:49:55,418.9,30.0,0.0,0.0,25,1,1
3535,134,2,5,Delivered,2024-03-24,2024-03-24 11:02:56,241.22,22.0,15.83,38.19,10,1,0
3536,203,4,33,Delivered,2025-01-30,2025-01-30 21:46:03,205.4,20.0,12.06,24.77,0,1,0
3537,254,3,3,Delivered,2025-09-25,2025-09-25 19:38:04,481.64,45.0,16.14,77.74,0,1,0
3538,472,4,1,Delivered,2024-04-20,2024-04-20 19:41:38,447.3,30.0,12.09,54.08,0,1,0
3539,431,1,32,Delivered,2024-12-08,2024-12-08 22:30:31,481.99,20.0,21.93,105.7,0,1,0
3540,382,3,4,Delivered,2025-08-19,2025-08-19 21:46:21,690.85,35.0,16.95,117.1,0,0,
3541,251,2,1,Delivered,2024-01-02,2024-01-02 20:21:28,436.48,30.0,17.34,75.69,0,1,0
3542,59,4,18,Delivered,2025-05-01,2025-05-01 19:40:13,612.2,20.0,12.86,78.73,30,1,0
3543,287,1,9,Delivered,2025-03-29,2025-03-29 21:40:41,369.6,42.0,23.69,87.56,20,0,
3544,486,1,25,Delivered,2025-07-21,2025-07-21 22:07:36,262.25,20.0,23.28,61.05,20,1,0
3545,291,3,5,Delivered,2025-07-03,2025-07-03 13:12:20,164.37,22.0,19.85,32.63,0,1,0
3546,386,1,3,Delivered,2025-04-03,2025-04-03 15:40:53,861.99,45.0,24.11,207.83,20,1,0
3547,31,1,5,Delivered,2025-04-14,2025-04-14 13:39:55,218.69,22.0,21.19,46.34,0,1,0
3548,426,5,1,Cancelled,2025-02-14,2025-02-14 12:37:09,296.14,30.0,0.0,0.0,0,1,0
3549,297,1,11,Delivered,2025-06-22,2025-06-22 20:50:03,533.97,28.0,21.42,114.38,0,1,1
3550,195,1,28,Delivered,2024-05-17,2024-05-17 15:37:11,549.49,20.0,21.51,118.2,0,1,0
3551,105,2,12,Delivered,2024-11-28,2024-11-28 00:31:53,598.77,27.0,15.85,94.91,0,1,0
3552,193,1,14,Pending,2025-03-22,2025-03-22 02:36:02,631.93,25.0,20.3,128.28,0,1,0
3553,135,5,5,Delivered,2024-09-16,2024-09-16 19:23:07,156.16,22.0,0.0,0.0,10,1,0
3554,4,1,13,Delivered,2025-10-26,2025-10-26 13:37:25,428.66,25.0,21.55,92.38,20,0,
3555,282,1,12,Cancelled,2025-05-14,2025-05-14 22:59:58,142.91,27.0,23.94,34.21,10,1,0
3556,296,4,2,Delivered,2025-08-20,2025-08-20 23:48:04,149.91,28.0,13.03,19.53,0,1,0
3557,436,1,20,Delivered,2024-11-20,2024-11-20 13:48:16,324.4,22.0,20.07,65.11,0,1,0
3558,224,1,6,Delivered,2024-04-11,2024-04-11 14:23:09,428.56,30.0,21.41,91.75,25,1,0
3559,338,1,4,Delivered,2025-12-12,2025-12-12 21:39:56,221.88,35.0,24.81,55.05,20,0,
3560,495,1,14,Delivered,2024-12-07,2024-12-07 12:15:14,144.14,25.0,24.34,35.08,25,1,0
3561,26,3,1,Cancelled,2024-05-26,2024-05-26 20:47:41,449.92,30.0,18.92,85.12,0,1,0
3562,302,1,5,Delivered,2025-11-10,2025-11-10 21:47:37,428.65,22.0,22.98,98.5,0,1,1
3563,165,1,10,Delivered,2025-02-13,2025-02-13 19:39:11,787.57,32.0,20.55,161.85,0,1,0
3564,303,2,5,Delivered,2024-03-16,2024-03-16 18:37:14,373.28,0.0,15.51,57.9,0,1,0
3565,21,5,3,Delivered,2025-12-29,2025-12-29 13:47:28,737.3,45.0,0.0,0.0,0,0,
3566,294,3,10,Cancelled,2024-12-10,2024-12-10 14:54:09,266.51,32.0,18.94,50.48,0,1,0
3567,397,4,21,Delivered,2024-02-17,2024-02-17 13:59:39,605.98,20.0,13.33,80.78,0,1,0
3568,407,2,4,Delivered,2024-10-08,2024-10-08 20:46:22,404.67,35.0,17.89,72.4,0,0,
3569,485,2,12,Delivered,2024-11-29,2024-11-29 13:55:03,448.99,27.0,15.32,68.79,25,1,0
3570,334,2,12,Delivered,2025-11-10,2025-11-10 13:14:19,387.71,27.0,16.32,63.27,0,1,0
3571,18,1,28,Cancelled,2025-08-24,2025-08-24 23:02:54,621.87,20.0,22.36,139.05,20,0,
3572,236,3,7,Delivered,2024-11-04,2024-11-04 14:18:36,212.91,25.0,19.3,41.09,0,1,1
3573,271,5,5,Delivered,2025-04-07,2025-04-07 21:28:32,407.4,22.0,0.0,0.0,0,1,0
3574,220,1,18,Delivered,2024-01-20,2024-01-20 14:49:52,334.23,20.0,20.23,67.61,5,1,0
3575,174,2,12,Refunded,2025-03-29,2025-03-29 18:11:38,356.92,27.0,16.48,58.82,10,0,
3576,415,5,15,Cancelled,2024-08-29,2024-08-29 18:06:34,590.12,22.0,0.0,0.0,30,1,0
3577,80,1,2,Delivered,2025-07-29,2025-07-29 17:09:52,667.45,28.0,22.5,150.18,0,1,0
3578,1,1,2,Delivered,2024-04-25,2024-04-25 16:31:58,462.4,28.0,23.19,107.23,0,1,0
3579,460,2,2,Delivered,2025-05-04,2025-05-04 20:26:14,220.7,28.0,16.81,37.1,0,0,
3580,168,1,18,Delivered,2024-03-21,2024-03-21 22:47:07,192.93,20.0,22.89,44.16,0,1,0
3581,207,1,11,Delivered,2025-09-30,2025-09-30 20:12:49,662.52,28.0,22.12,146.55,0,1,0
3582,170,2,2,Cancelled,2024-05-05,2024-05-05 12:58:02,243.12,28.0,16.87,41.01,10,1,0
3583,21,5,3,Delivered,2024-07-06,2024-07-06 14:06:59,537.25,45.0,0.0,0.0,30,1,0
3584,148,1,8,Delivered,2025-06-19,2025-06-19 19:51:47,709.91,0.0,24.65,174.99,0,0,
3585,56,5,6,Delivered,2024-06-03,2024-06-03 21:11:45,303.67,30.0,0.0,0.0,10,0,
3586,8,1,4,Delivered,2024-05-27,2024-05-27 10:31:56,402.15,0.0,24.73,99.45,0,0,
3587,414,1,7,Delivered,2025-10-14,2025-10-14 19:30:35,308.67,0.0,24.26,74.88,0,1,0
3588,327,3,11,Delivered,2025-11-07,2025-11-07 22:37:05,274.14,28.0,18.8,51.54,0,1,1
3589,284,2,5,Delivered,2024-08-25,2024-08-25 20:51:58,369.05,22.0,15.97,58.94,0,1,0
3590,326,2,6,Delivered,2024-11-01,2024-11-01 16:21:22,682.26,30.0,17.74,121.03,0,0,
3591,369,3,34,Delivered,2025-01-01,2025-01-01 22:30:57,505.6,20.0,15.06,76.14,50,0,
3592,415,1,15,Delivered,2024-04-19,2024-04-19 14:54:04,449.69,22.0,24.07,108.24,0,1,0
3593,466,3,12,Delivered,2025-07-04,2025-07-04 13:10:45,451.7,27.0,16.44,74.26,0,1,0
3594,277,1,8,Delivered,2025-02-27,2025-02-27 22:34:32,187.61,40.0,23.45,43.99,0,1,0
3595,171,1,7,Cancelled,2024-11-15,2024-11-15 18:25:19,237.49,25.0,22.18,52.68,0,1,0
3596,203,1,33,Delivered,2025-03-22,2025-03-22 17:23:36,751.9,20.0,20.8,156.4,0,1,0
3597,435,2,30,Delivered,2025-10-22,2025-10-22 13:04:17,233.04,20.0,15.84,36.91,0,0,
3598,404,1,35,Delivered,2024-11-01,2024-11-01 13:58:22,221.74,38.0,23.24,51.53,0,0,
3599,236,1,7,Delivered,2025-08-06,2025-08-06 12:25:28,324.51,25.0,22.55,73.18,0,1,0
3600,130,5,10,Delivered,2024-11-27,2024-11-27 23:29:03,646.44,32.0,0.0,0.0,0,0,
3601,22,2,28,Delivered,2024-03-28,2024-03-28 18:38:51,762.95,20.0,15.83,120.77,0,0,
3602,5,2,7,Delivered,2024-05-02,2024-05-02 01:43:59,455.18,25.0,17.96,81.75,20,1,1
3603,139,4,1,Refunded,2025-01-03,2025-01-03 18:16:53,431.29,30.0,14.75,63.62,0,1,0
3604,7,1,6,Delivered,2024-06-14,2024-06-14 19:35:34,295.51,30.0,20.79,61.44,0,1,0
3605,284,1,5,Delivered,2024-01-13,2024-01-13 22:10:32,411.44,22.0,21.59,88.83,25,1,0
3606,6,4,2,Delivered,2024-10-02,2024-10-02 22:29:49,290.61,28.0,13.58,39.46,0,0,
3607,117,3,14,Delivered,2025-03-18,2025-03-18 17:55:50,604.51,25.0,16.81,101.62,0,0,
3608,439,5,20,Delivered,2024-10-31,2024-10-31 23:00:06,561.1,22.0,0.0,0.0,0,1,0
3609,284,2,5,Delivered,2024-02-25,2024-02-25 23:31:21,335.97,22.0,16.11,54.12,20,1,0
3610,270,1,5,Delivered,2024-10-17,2024-10-17 00:20:32,438.23,22.0,22.28,97.64,0,1,0
3611,464,1,9,Delivered,2024-02-04,2024-02-04 23:12:26,319.46,42.0,24.86,79.42,10,1,0
3612,119,2,10,Delivered,2024-05-05,2024-05-05 12:07:31,713.26,32.0,17.99,128.32,0,1,0
3613,127,4,22,Delivered,2025-04-19,2025-04-19 21:50:42,190.32,22.0,14.11,26.85,10,1,0
3614,357,1,22,Delivered,2025-03-16,2025-03-16 21:58:04,304.41,0.0,23.12,70.38,0,1,0
3615,31,2,5,Delivered,2024-01-06,2024-01-06 13:36:22,414.19,22.0,15.41,63.83,0,1,0
3616,3,1,2,Pending,2025-08-29,2025-08-29 23:37:13,593.44,28.0,23.87,141.65,0,1,0
3617,344,4,9,Delivered,2024-08-25,2024-08-25 23:03:23,470.02,42.0,12.18,57.25,0,1,0
3618,344,2,9,Delivered,2025-12-15,2025-12-15 13:12:42,793.77,42.0,17.22,136.69,30,0,
3619,66,3,2,Delivered,2025-06-10,2025-06-10 23:49:12,632.16,28.0,17.69,111.83,50,0,
3620,432,2,2,Delivered,2024-05-04,2024-05-04 20:42:41,512.82,28.0,16.17,82.92,0,0,
3621,411,4,7,Delivered,2025-09-11,2025-09-11 21:42:01,470.58,25.0,13.87,65.27,0,0,
3622,72,5,3,Delivered,2025-12-11,2025-12-11 13:27:54,896.48,45.0,0.0,0.0,0,1,0
3623,117,4,14,Delivered,2025-02-21,2025-02-21 17:36:12,450.25,25.0,12.98,58.44,0,1,0
3624,185,1,24,Delivered,2024-07-05,2024-07-05 23:11:23,212.21,20.0,20.08,42.61,15,0,
3625,269,5,9,Delivered,2025-03-15,2025-03-15 22:30:59,546.34,42.0,0.0,0.0,20,0,
3626,240,2,11,Cancelled,2025-10-10,2025-10-10 19:26:19,520.13,28.0,17.75,92.32,0,1,0
3627,417,3,20,Delivered,2025-06-01,2025-06-01 23:51:49,417.92,22.0,16.97,70.92,0,0,
3628,330,5,13,Delivered,2024-11-12,2024-11-12 11:38:45,224.42,25.0,0.0,0.0,0,1,0
3629,435,1,30,Delivered,2025-06-11,2025-06-11 12:12:49,412.82,20.0,21.52,88.84,0,0,
3630,296,3,2,Delivered,2025-12-17,2025-12-17 13:58:16,622.21,28.0,18.58,115.61,30,1,0
3631,290,1,1,Delivered,2025-05-31,2025-05-31 22:53:02,130.39,30.0,24.18,31.53,0,1,0
3632,87,4,3,Delivered,2024-04-08,2024-04-08 18:09:15,186.32,45.0,12.37,23.05,0,1,0
3633,80,1,2,Delivered,2024-10-05,2024-10-05 19:00:03,281.67,28.0,23.33,65.71,0,1,0
3634,139,1,1,Delivered,2024-08-14,2024-08-14 20:50:36,343.94,0.0,23.57,81.07,0,1,0
3635,110,2,15,Delivered,2025-03-20,2025-03-20 02:36:48,240.71,22.0,15.16,36.49,10,0,
3636,131,1,14,Delivered,2025-01-17,2025-01-17 12:47:38,450.78,25.0,21.83,98.41,0,1,0
3637,407,2,4,Delivered,2025-05-16,2025-05-16 20:15:32,403.85,35.0,16.42,66.31,0,1,0
3638,6,1,2,Delivered,2025-03-01,2025-03-01 03:05:58,294.32,28.0,20.13,59.25,50,1,0
3639,377,1,11,Delivered,2024-10-16,2024-10-16 12:23:41,602.97,28.0,22.34,134.7,0,1,1
3640,105,1,12,Cancelled,2024-01-18,2024-01-18 23:58:24,645.43,27.0,22.01,142.06,0,1,1
3641,372,1,13,Delivered,2024-10-20,2024-10-20 12:20:22,324.65,25.0,20.99,68.14,0,1,0
3642,251,3,1,Delivered,2024-01-21,2024-01-21 13:55:16,274.67,30.0,17.78,48.84,30,0,
3643,315,5,10,Delivered,2025-04-13,2025-04-13 23:01:15,766.11,32.0,0.0,0.0,0,1,0
3644,345,3,6,Delivered,2024-01-12,2024-01-12 15:45:57,462.09,30.0,16.84,77.82,25,0,
3645,333,5,6,Delivered,2024-05-03,2024-05-03 00:56:24,411.64,0.0,0.0,0.0,0,1,0
3646,380,5,7,Delivered,2025-07-04,2025-07-04 17:59:44,373.07,25.0,0.0,0.0,0,1,0
3647,334,3,12,Delivered,2025-09-10,2025-09-10 21:21:04,661.23,27.0,19.74,130.53,0,1,0
3648,207,3,11,Delivered,2024-07-27,2024-07-27 14:42:09,507.65,28.0,17.55,89.09,0,0,
3649,246,2,1,Rejected,2024-06-18,2024-06-18 19:31:25,1150.88,30.0,15.9,182.99,30,1,0
3650,31,2,5,Delivered,2024-06-26,2024-06-26 12:43:02,256.7,22.0,17.93,46.03,20,1,0
3651,203,3,33,Delivered,2024-04-18,2024-04-18 00:50:43,205.96,20.0,19.3,39.75,5,1,0
3652,250,1,1,Delivered,2025-06-06,2025-06-06 14:26:11,452.44,30.0,22.03,99.67,0,1,0
3653,417,3,20,Delivered,2025-03-01,2025-03-01 21:41:49,213.44,22.0,18.34,39.14,0,1,1
3654,22,4,28,Delivered,2024-01-23,2024-01-23 20:17:41,363.42,0.0,14.34,52.11,0,1,0
3655,265,1,35,Delivered,2025-10-29,2025-10-29 12:19:39,680.21,38.0,20.9,142.16,0,0,
3656,132,1,29,Delivered,2025-03-02,2025-03-02 18:54:39,637.95,0.0,23.83,152.02,30,0,
3657,321,2,17,Delivered,2025-08-12,2025-08-12 23:45:39,254.53,20.0,16.52,42.05,30,1,0
3658,249,1,12,Delivered,2025-07-11,2025-07-11 20:19:20,666.79,27.0,23.57,157.16,0,1,0
3659,313,3,5,Delivered,2025-12-06,2025-12-06 14:15:36,228.11,22.0,19.3,44.03,0,1,0
3660,396,1,13,Delivered,2024-01-26,2024-01-26 12:58:34,234.03,25.0,24.16,56.54,10,1,0
3661,300,4,30,Delivered,2024-10-11,2024-10-11 16:27:39,486.25,20.0,14.23,69.19,5,0,
3662,411,2,7,Delivered,2024-12-28,2024-12-28 12:08:51,402.39,25.0,16.69,67.16,30,1,0
3663,434,2,2,Delivered,2025-07-18,2025-07-18 17:12:56,475.7,28.0,15.13,71.97,20,1,0
3664,173,4,7,Refunded,2024-01-28,2024-01-28 22:55:22,320.93,25.0,12.57,40.34,0,1,0
3665,101,1,5,Delivered,2025-05-16,2025-05-16 18:31:01,447.85,22.0,20.22,90.56,10,1,0
3666,127,1,22,Pending,2024-05-29,2024-05-29 10:10:35,444.82,22.0,24.92,110.85,0,0,
3667,437,3,4,Delivered,2024-01-25,2024-01-25 18:04:54,810.73,35.0,17.59,142.61,20,1,0
3668,422,4,9,Refunded,2025-12-26,2025-12-26 21:39:20,432.83,42.0,13.83,59.86,0,0,
3669,357,3,22,Delivered,2025-04-21,2025-04-21 14:27:24,380.26,22.0,16.61,63.16,0,1,0
3670,357,2,22,Delivered,2024-10-27,2024-10-27 22:25:08,661.77,22.0,17.65,116.8,30,1,1
3671,17,1,6,Delivered,2024-03-02,2024-03-02 23:19:20,473.83,30.0,22.4,106.14,25,0,
3672,173,4,7,Delivered,2025-02-18,2025-02-18 12:12:16,275.15,25.0,14.2,39.07,25,1,0
3673,37,2,9,Delivered,2025-07-10,2025-07-10 13:10:22,623.68,42.0,16.33,101.85,20,1,0
3674,203,1,33,Delivered,2025-06-30,2025-06-30 22:02:37,551.85,20.0,24.07,132.83,50,1,0
3675,224,1,6,Delivered,2024-01-01,2024-01-01 23:12:18,514.83,30.0,24.44,125.82,0,1,0
3676,171,3,7,Delivered,2025-07-05,2025-07-05 19:37:47,266.73,25.0,17.13,45.69,30,1,1
3677,76,1,15,Cancelled,2024-10-16,2024-10-16 13:18:13,262.83,22.0,20.35,53.49,50,1,0
3678,170,1,2,Delivered,2024-04-18,2024-04-18 13:42:54,668.86,28.0,20.13,134.64,20,0,
3679,434,1,2,Delivered,2024-09-05,2024-09-05 21:24:34,419.07,28.0,21.25,89.05,0,1,0
3680,360,1,17,Cancelled,2025-04-02,2025-04-02 19:33:48,336.41,20.0,21.08,70.92,0,0,
3681,180,5,5,Delivered,2024-10-18,2024-10-18 00:54:11,167.46,0.0,0.0,0.0,20,1,1
3682,97,1,10,Delivered,2025-11-15,2025-11-15 10:08:29,815.35,32.0,20.05,163.48,50,1,0
3683,201,2,10,Delivered,2025-01-24,2025-01-24 15:41:54,446.42,32.0,17.64,78.75,20,1,0
3684,439,2,20,Delivered,2024-12-26,2024-12-26 23:19:23,490.05,22.0,16.97,83.16,0,1,1
3685,452,5,2,Delivered,2025-10-08,2025-10-08 20:33:25,271.94,28.0,0.0,0.0,0,1,0
3686,100,1,3,Delivered,2025-01-30,2025-01-30 12:31:32,342.18,45.0,22.39,76.61,0,0,
3687,401,1,9,Cancelled,2024-01-27,2024-01-27 19:40:47,383.28,0.0,23.57,90.34,0,1,0
3688,290,2,1,Delivered,2024-04-01,2024-04-01 02:54:01,722.96,30.0,16.71,120.81,0,1,0
3689,314,4,5,Delivered,2025-03-27,2025-03-27 21:10:15,498.98,0.0,13.34,66.56,20,1,0
3690,236,1,7,Delivered,2025-10-22,2025-10-22 13:26:29,254.78,25.0,22.23,56.64,10,1,0
3691,204,1,14,Delivered,2024-11-24,2024-11-24 20:00:54,483.91,25.0,20.77,100.51,10,1,0
3692,284,4,5,Pending,2025-07-14,2025-07-14 23:05:41,489.52,22.0,14.93,73.09,30,0,
3693,182,1,14,Delivered,2024-08-27,2024-08-27 21:22:07,268.71,25.0,22.87,61.45,0,1,0
3694,382,1,4,Delivered,2025-08-22,2025-08-22 21:11:00,690.18,35.0,20.13,138.93,0,1,0
3695,105,3,12,Delivered,2024-04-25,2024-04-25 00:46:49,466.05,27.0,17.55,81.79,5,1,0
3696,284,1,5,Delivered,2024-07-18,2024-07-18 23:49:27,208.75,22.0,23.97,50.04,20,1,0
3697,383,1,15,Delivered,2024-05-14,2024-05-14 22:15:30,540.12,22.0,23.14,124.98,0,1,0
3698,260,1,6,Delivered,2024-08-08,2024-08-08 15:47:48,467.93,30.0,20.39,95.41,25,0,
3699,313,1,5,Delivered,2024-08-16,2024-08-16 23:22:02,445.68,22.0,24.84,110.71,20,1,0
3700,170,1,2,Delivered,2024-01-11,2024-01-11 18:36:26,255.41,28.0,21.13,53.97,0,1,1
3701,345,1,6,Delivered,2025-11-02,2025-11-02 19:22:25,505.83,30.0,24.03,121.55,0,0,
3702,8,2,4,Delivered,2025-03-27,2025-03-27 17:37:30,260.83,35.0,17.52,45.7,15,1,0
3703,326,2,6,Cancelled,2024-12-05,2024-12-05 22:45:10,467.39,30.0,17.66,82.54,0,1,0
3704,342,1,1,Delivered,2025-11-10,2025-11-10 11:55:04,534.8,30.0,24.65,131.83,0,1,0
3705,255,2,3,Pending,2025-03-08,2025-03-08 20:40:04,489.11,0.0,16.83,82.32,20,0,
3706,55,1,5,Delivered,2025-04-24,2025-04-24 16:01:07,410.59,22.0,24.85,102.03,0,1,0
3707,8,1,4,Delivered,2025-04-07,2025-04-07 20:26:44,326.8,35.0,23.06,75.36,0,0,
3708,240,2,11,Delivered,2024-09-09,2024-09-09 12:54:06,464.93,28.0,17.29,80.39,0,1,0
3709,18,5,28,Delivered,2025-12-11,2025-12-11 21:54:20,657.84,20.0,0.0,0.0,0,1,0
3710,76,1,15,Delivered,2025-11-04,2025-11-04 20:56:06,584.25,22.0,20.84,121.76,50,1,0
3711,65,4,26,Delivered,2024-11-05,2024-11-05 20:43:57,301.23,22.0,13.28,40.0,0,1,0
3712,411,3,7,Delivered,2024-01-04,2024-01-04 23:58:04,466.99,25.0,18.62,86.95,0,1,0
3713,41,5,9,Delivered,2025-10-16,2025-10-16 13:00:29,538.29,42.0,0.0,0.0,0,0,
3714,59,1,18,Delivered,2025-12-21,2025-12-21 19:25:53,542.81,20.0,20.56,111.6,0,0,
3715,393,1,6,Delivered,2025-11-22,2025-11-22 21:28:54,586.55,30.0,24.97,146.46,0,1,0
3716,384,1,13,Delivered,2024-10-30,2024-10-30 13:05:57,300.43,25.0,23.73,71.29,0,0,
3717,222,1,15,Delivered,2024-10-08,2024-10-08 13:04:30,625.78,22.0,24.32,152.19,20,1,0
3718,168,1,18,Delivered,2025-02-22,2025-02-22 13:38:49,237.48,20.0,22.08,52.44,25,1,0
3719,494,3,13,Delivered,2025-03-15,2025-03-15 02:30:21,572.11,25.0,15.68,89.71,0,0,
3720,222,1,15,Delivered,2024-05-29,2024-05-29 22:53:52,386.96,22.0,20.46,79.17,0,1,0
3721,203,2,33,Delivered,2024-11-02,2024-11-02 12:26:56,543.81,20.0,15.1,82.12,50,1,0
3722,193,2,14,Refunded,2024-02-11,2024-02-11 13:53:35,360.36,25.0,15.1,54.41,10,0,
3723,496,1,4,Delivered,2025-07-26,2025-07-26 14:27:12,242.58,35.0,21.06,51.09,0,0,
3724,158,1,1,Delivered,2025-11-07,2025-11-07 18:10:54,236.44,30.0,21.47,50.76,0,0,
3725,206,2,5,Delivered,2025-01-15,2025-01-15 21:47:05,327.93,22.0,15.3,50.17,0,1,0
3726,338,5,4,Delivered,2025-03-04,2025-03-04 13:45:15,366.91,35.0,0.0,0.0,25,0,
3727,53,2,2,Delivered,2025-05-08,2025-05-08 17:28:39,339.84,28.0,17.08,58.04,0,0,
3728,138,2,2,Cancelled,2024-12-12,2024-12-12 16:03:33,232.48,28.0,17.4,40.45,5,1,0
3729,346,1,3,Delivered,2024-01-25,2024-01-25 18:34:07,221.86,45.0,21.06,46.72,10,1,0
3730,448,1,34,Refunded,2025-03-08,2025-03-08 18:20:51,150.79,20.0,20.56,31.0,0,1,0
3731,426,1,1,Delivered,2024-08-19,2024-08-19 12:35:25,192.02,30.0,21.08,40.48,0,1,0
3732,192,3,7,Cancelled,2024-03-12,2024-03-12 03:29:55,780.68,0.0,15.85,123.74,20,1,1
3733,172,1,24,Delivered,2024-11-13,2024-11-13 22:46:59,254.56,20.0,24.09,61.32,0,0,
3734,192,2,7,Delivered,2025-07-02,2025-07-02 23:38:03,274.45,25.0,15.09,41.41,50,0,
3735,161,1,10,Delivered,2024-09-04,2024-09-04 12:55:53,579.66,32.0,20.85,120.86,30,0,
3736,203,1,33,Cancelled,2024-02-08,2024-02-08 19:45:24,682.12,20.0,21.83,148.91,50,0,
3737,414,5,7,Delivered,2024-09-21,2024-09-21 22:50:21,441.79,25.0,0.0,0.0,0,1,0
3738,84,2,16,Delivered,2025-10-01,2025-10-01 21:19:54,255.59,20.0,16.66,42.58,5,1,0
3739,454,3,14,Delivered,2025-07-16,2025-07-16 21:04:48,300.17,25.0,16.04,48.15,0,0,
3740,491,1,20,Delivered,2025-11-14,2025-11-14 23:55:55,540.72,22.0,23.09,124.85,30,0,
3741,411,2,7,Delivered,2025-12-24,2025-12-24 14:02:47,395.44,25.0,16.83,66.55,0,1,0
3742,46,4,4,Delivered,2025-09-28,2025-09-28 22:01:04,522.24,35.0,13.38,69.88,50,0,
3743,221,3,19,Delivered,2025-08-22,2025-08-22 12:09:16,484.33,20.0,15.47,74.93,0,1,1
3744,346,2,3,Delivered,2024-07-01,2024-07-01 21:16:25,497.54,45.0,15.7,78.11,30,1,0
3745,182,2,14,Delivered,2024-01-11,2024-01-11 18:33:06,177.31,25.0,16.91,29.98,50,1,0
3746,429,4,11,Delivered,2024-07-29,2024-07-29 21:07:16,427.76,28.0,12.22,52.27,0,1,0
3747,387,1,9,Delivered,2024-01-11,2024-01-11 21:47:05,771.64,42.0,20.11,155.18,0,0,
3748,19,1,2,Delivered,2024-03-19,2024-03-19 11:05:45,311.34,28.0,23.39,72.82,10,1,0
3749,233,5,12,Cancelled,2024-08-15,2024-08-15 13:04:53,472.11,27.0,0.0,0.0,10,1,0
3750,148,1,8,Delivered,2025-11-27,2025-11-27 20:30:14,581.42,40.0,20.83,121.11,0,1,0
3751,398,1,7,Delivered,2024-09-30,2024-09-30 22:09:10,178.21,25.0,24.38,43.45,20,1,0
3752,398,2,7,Delivered,2025-10-09,2025-10-09 19:04:51,319.73,25.0,15.84,50.65,10,1,0
3753,22,1,28,Delivered,2025-09-03,2025-09-03 23:49:34,485.19,20.0,20.24,98.2,5,1,1
3754,326,2,6,Delivered,2024-07-06,2024-07-06 23:29:50,517.28,30.0,16.3,84.32,0,1,0
3755,481,1,7,Delivered,2024-11-01,2024-11-01 15:14:08,177.04,25.0,22.3,39.48,10,1,0
3756,360,5,17,Delivered,2024-04-20,2024-04-20 12:18:00,329.5,20.0,0.0,0.0,30,1,1
3757,365,2,5,Delivered,2024-11-21,2024-11-21 22:44:03,247.16,22.0,16.78,41.47,0,1,1
3758,130,5,10,Delivered,2025-11-29,2025-11-29 20:38:21,568.95,32.0,0.0,0.0,20,0,
3759,249,1,12,Delivered,2025-08-07,2025-08-07 13:48:15,155.43,27.0,21.32,33.14,0,0,
3760,172,1,24,Delivered,2024-09-01,2024-09-01 21:55:57,666.99,20.0,21.11,140.8,0,0,
3761,418,1,2,Delivered,2025-06-03,2025-06-03 09:06:55,657.06,28.0,20.48,134.57,0,0,
3762,485,5,12,Delivered,2025-11-25,2025-11-25 19:35:40,158.11,27.0,0.0,0.0,0,0,
3763,287,1,9,Delivered,2025-08-17,2025-08-17 22:36:35,269.78,42.0,24.59,66.34,0,1,0
3764,486,4,25,Delivered,2024-07-26,2024-07-26 13:04:39,385.59,20.0,13.67,52.71,0,1,0
3765,391,2,20,Delivered,2024-11-04,2024-11-04 23:55:48,500.97,22.0,17.47,87.52,0,1,0
3766,180,2,5,Delivered,2025-02-21,2025-02-21 19:21:58,139.85,22.0,15.14,21.17,10,1,0
3767,394,5,9,Delivered,2025-04-11,2025-04-11 01:18:43,786.63,42.0,0.0,0.0,50,0,
3768,270,1,5,Delivered,2025-06-19,2025-06-19 01:37:51,328.34,0.0,21.53,70.69,25,0,
3769,349,2,2,Delivered,2025-09-25,2025-09-25 00:38:34,245.3,28.0,17.98,44.1,0,1,0
3770,52,1,8,Delivered,2025-09-14,2025-09-14 22:57:44,419.69,0.0,22.13,92.88,50,0,
3771,75,1,35,Delivered,2024-05-03,2024-05-03 23:56:27,812.44,38.0,20.72,168.34,0,0,
3772,210,3,2,Delivered,2025-03-21,2025-03-21 03:15:27,637.73,28.0,19.52,124.48,0,1,0
3773,407,5,4,Delivered,2025-01-05,2025-01-05 13:25:51,695.23,35.0,0.0,0.0,0,1,0
3774,129,5,31,Delivered,2024-02-13,2024-02-13 13:45:30,350.97,20.0,0.0,0.0,0,1,0
3775,185,1,24,Delivered,2025-09-30,2025-09-30 11:10:07,257.68,20.0,22.05,56.82,10,1,0
3776,457,4,11,Delivered,2025-03-13,2025-03-13 20:43:11,262.24,0.0,13.52,35.45,5,1,0
3777,260,2,6,Delivered,2024-11-21,2024-11-21 20:35:33,194.91,30.0,16.42,32.0,0,1,0
3778,411,1,7,Delivered,2024-08-13,2024-08-13 14:10:18,230.91,25.0,23.0,53.11,0,1,1
3779,204,1,14,Delivered,2025-04-18,2025-04-18 23:50:51,366.51,25.0,20.66,75.72,0,1,0
3780,476,1,9,Delivered,2024-09-09,2024-09-09 22:19:37,479.39,42.0,22.53,108.01,20,0,
3781,397,1,21,Delivered,2025-12-30,2025-12-30 22:15:07,393.82,20.0,24.08,94.83,15,1,0
3782,350,2,35,Delivered,2025-01-07,2025-01-07 14:22:41,895.38,38.0,17.27,154.63,0,0,
3783,468,5,22,Cancelled,2025-11-02,2025-11-02 23:46:24,452.79,22.0,0.0,0.0,0,1,0
3784,212,1,10,Delivered,2024-07-06,2024-07-06 22:08:48,636.33,32.0,22.76,144.83,20,1,0
3785,29,1,13,Delivered,2025-09-05,2025-09-05 18:50:30,635.69,0.0,24.41,155.17,0,1,0
3786,17,2,6,Delivered,2024-03-17,2024-03-17 13:45:13,435.0,30.0,17.46,75.95,0,1,0
3787,312,5,6,Delivered,2024-09-13,2024-09-13 22:38:15,343.08,30.0,0.0,0.0,0,1,0
3788,443,1,5,Delivered,2024-01-15,2024-01-15 09:09:30,185.39,22.0,20.88,38.71,0,1,0
3789,31,1,5,Delivered,2025-04-16,2025-04-16 21:23:54,272.23,22.0,22.86,62.23,0,1,0
3790,105,1,12,Delivered,2025-05-28,2025-05-28 10:06:59,531.91,27.0,20.95,111.44,0,0,
3791,429,1,11,Delivered,2024-07-20,2024-07-20 23:05:23,544.93,28.0,22.75,123.97,20,0,
3792,84,2,16,Delivered,2025-06-26,2025-06-26 16:12:45,384.09,20.0,17.83,68.48,0,1,0
3793,351,1,11,Delivered,2025-10-17,2025-10-17 00:13:44,637.61,28.0,20.25,129.12,0,1,0
3794,369,2,34,Delivered,2025-01-21,2025-01-21 19:01:40,438.13,20.0,15.98,70.01,0,1,0
3795,231,1,10,Delivered,2025-01-26,2025-01-26 13:15:37,435.15,32.0,23.71,103.17,0,1,0
3796,58,2,27,Delivered,2025-07-05,2025-07-05 12:25:16,411.97,20.0,16.85,69.42,20,1,1
3797,145,1,9,Delivered,2025-07-27,2025-07-27 23:25:29,607.39,42.0,21.77,132.23,0,1,0
3798,457,3,11,Delivered,2025-02-14,2025-02-14 14:31:49,472.96,28.0,18.73,88.59,0,0,
3799,337,2,6,Delivered,2025-03-16,2025-03-16 22:38:52,563.82,30.0,15.78,88.97,50,1,1
3800,289,4,19,Delivered,2024-11-14,2024-11-14 13:19:59,560.61,20.0,13.67,76.64,0,1,0
3801,135,2,5,Cancelled,2025-07-10,2025-07-10 23:18:22,171.76,22.0,16.23,27.88,0,1,0
3802,326,5,6,Delivered,2025-11-12,2025-11-12 09:05:50,551.46,30.0,0.0,0.0,0,0,
3803,5,1,7,Delivered,2025-03-13,2025-03-13 17:22:32,198.22,0.0,21.84,43.29,10,1,0
3804,201,1,10,Delivered,2024-11-26,2024-11-26 22:59:25,285.69,32.0,23.73,67.79,20,0,
3805,34,2,8,Delivered,2025-12-13,2025-12-13 22:49:35,290.97,40.0,16.23,47.22,10,0,
3806,289,1,19,Delivered,2024-01-09,2024-01-09 22:14:38,474.12,20.0,24.58,116.54,15,1,0
3807,354,4,5,Delivered,2025-03-03,2025-03-03 18:02:17,644.55,0.0,14.95,96.36,0,1,0
3808,14,2,20,Delivered,2025-11-05,2025-11-05 23:52:42,157.65,0.0,15.41,24.29,0,1,0
3809,84,1,16,Delivered,2024-02-05,2024-02-05 21:03:58,543.49,20.0,23.54,127.94,50,1,0
3810,199,2,2,Cancelled,2025-04-24,2025-04-24 17:42:14,516.35,28.0,16.94,87.47,0,0,
3811,323,4,15,Delivered,2025-05-25,2025-05-25 23:06:27,576.94,22.0,14.14,81.58,0,1,0
3812,106,2,5,Delivered,2024-12-05,2024-12-05 16:18:51,181.33,22.0,16.24,29.45,0,1,1
3813,424,2,9,Pending,2025-06-20,2025-06-20 23:44:44,354.07,42.0,15.92,56.37,15,0,
3814,201,2,10,Delivered,2025-08-26,2025-08-26 15:00:03,537.26,32.0,16.93,90.96,20,1,0
3815,284,1,5,Delivered,2025-09-25,2025-09-25 18:21:56,323.12,22.0,21.43,69.24,0,1,0
3816,470,5,6,Delivered,2024-12-20,2024-12-20 00:26:13,269.71,30.0,0.0,0.0,30,1,0
3817,119,1,10,Delivered,2025-02-23,2025-02-23 23:04:50,443.1,32.0,24.82,109.98,15,0,
3818,392,3,35,Delivered,2025-02-12,2025-02-12 14:46:53,268.93,38.0,15.37,41.33,10,1,0
3819,41,1,9,Cancelled,2025-10-06,2025-10-06 23:49:45,216.94,42.0,23.65,51.31,0,1,0
3820,92,3,29,Delivered,2025-08-23,2025-08-23 14:57:14,299.25,20.0,16.23,48.57,0,0,
3821,224,2,6,Delivered,2025-03-13,2025-03-13 11:08:53,207.36,0.0,15.78,32.72,0,1,0
3822,379,4,14,Pending,2024-10-15,2024-10-15 12:33:22,450.26,25.0,13.56,61.06,0,1,0
3823,241,2,33,Cancelled,2025-11-28,2025-11-28 16:53:37,143.13,20.0,15.29,21.88,0,1,0
3824,485,2,12,Delivered,2024-04-04,2024-04-04 18:33:57,717.29,27.0,15.11,108.38,20,1,0
3825,459,5,8,Delivered,2025-05-24,2025-05-24 11:20:01,604.73,40.0,0.0,0.0,30,0,
3826,423,4,10,Delivered,2025-10-27,2025-10-27 19:14:02,216.92,32.0,13.06,28.33,0,1,0
3827,78,2,11,Delivered,2025-09-14,2025-09-14 14:00:04,625.82,28.0,15.58,97.5,0,1,0
3828,213,1,15,Delivered,2025-07-01,2025-07-01 12:43:32,177.48,22.0,23.91,42.44,0,1,1
3829,182,2,14,Delivered,2025-10-24,2025-10-24 14:48:54,288.59,25.0,16.36,47.21,20,0,
3830,166,1,12,Delivered,2024-05-29,2024-05-29 13:59:17,531.67,27.0,22.24,118.24,30,0,
3831,26,3,1,Delivered,2024-04-02,2024-04-02 03:56:54,424.55,0.0,15.53,65.93,5,1,0
3832,131,1,14,Delivered,2025-10-05,2025-10-05 13:42:42,237.36,25.0,23.93,56.8,0,1,0
3833,444,3,10,Delivered,2025-06-11,2025-06-11 22:13:57,541.92,32.0,15.29,82.86,20,0,
3834,131,1,14,Delivered,2025-06-25,2025-06-25 13:26:03,558.85,0.0,21.6,120.71,50,0,
3835,139,2,1,Delivered,2025-02-02,2025-02-02 22:31:56,660.61,30.0,16.13,106.56,0,1,1
3836,387,1,9,Delivered,2025-07-14,2025-07-14 23:34:28,624.51,42.0,24.39,152.32,0,1,0
3837,120,4,12,Delivered,2025-09-24,2025-09-24 14:22:22,684.94,27.0,13.34,91.37,50,0,
3838,76,1,15,Delivered,2025-09-22,2025-09-22 20:28:44,157.22,22.0,22.61,35.55,0,1,0
3839,297,3,11,Delivered,2025-06-06,2025-06-06 18:47:02,507.83,28.0,19.76,100.35,0,1,0
3840,194,2,16,Delivered,2025-05-20,2025-05-20 14:01:22,451.67,20.0,18.0,81.3,10,0,
3841,287,1,9,Refunded,2024-05-10,2024-05-10 22:59:36,418.12,42.0,21.68,90.65,0,1,0
3842,192,2,7,Delivered,2025-11-08,2025-11-08 23:53:50,320.25,25.0,15.54,49.77,25,1,1
3843,265,1,35,Refunded,2025-06-06,2025-06-06 20:41:30,568.14,38.0,22.98,130.56,0,0,
3844,55,1,5,Delivered,2025-10-18,2025-10-18 21:52:09,124.9,22.0,21.87,27.32,0,1,0
3845,248,2,7,Delivered,2025-10-28,2025-10-28 13:34:14,407.28,25.0,15.58,63.45,0,1,1
3846,32,1,10,Cancelled,2024-10-17,2024-10-17 21:09:19,187.6,32.0,23.79,44.63,20,1,1
3847,440,3,23,Delivered,2024-01-02,2024-01-02 13:52:49,358.22,20.0,15.13,54.2,0,0,
3848,415,2,15,Delivered,2024-04-11,2024-04-11 14:54:00,904.54,22.0,16.45,148.8,0,0,
3849,456,1,1,Delivered,2024-02-18,2024-02-18 14:48:20,474.94,30.0,24.25,115.17,0,1,0
3850,256,1,30,Delivered,2025-04-03,2025-04-03 18:04:55,609.21,20.0,20.73,126.29,0,1,0
3851,383,1,15,Delivered,2024-06-28,2024-06-28 17:22:12,220.03,22.0,23.03,50.67,20,1,0
3852,153,1,5,Cancelled,2025-09-12,2025-09-12 12:05:28,485.76,22.0,22.69,110.22,0,0,
3853,263,1,6,Delivered,2025-12-26,2025-12-26 14:08:31,430.51,30.0,21.38,92.04,0,1,0
3854,68,5,2,Delivered,2025-05-15,2025-05-15 17:41:05,623.59,28.0,0.0,0.0,0,0,
3855,236,1,7,Delivered,2024-11-07,2024-11-07 00:01:49,150.2,25.0,22.2,33.34,0,1,1
3856,255,1,3,Delivered,2024-09-24,2024-09-24 14:07:48,511.28,45.0,21.98,112.38,0,1,0
3857,294,3,10,Delivered,2025-10-03,2025-10-03 01:59:23,711.44,32.0,19.03,135.39,0,0,
3858,464,4,9,Delivered,2025-10-26,2025-10-26 23:58:14,229.75,42.0,12.37,28.42,20,1,0
3859,17,1,6,Delivered,2024-09-19,2024-09-19 22:37:07,328.32,30.0,23.09,75.81,0,1,0
3860,319,2,6,Delivered,2024-11-08,2024-11-08 00:16:25,609.64,30.0,16.4,99.98,20,1,0
3861,395,1,6,Refunded,2024-12-14,2024-12-14 23:07:19,530.7,30.0,24.32,129.07,0,0,
3862,76,2,15,Delivered,2024-03-02,2024-03-02 21:59:14,186.09,22.0,15.11,28.12,15,1,0
3863,451,5,6,Delivered,2025-11-09,2025-11-09 14:52:09,604.22,30.0,0.0,0.0,0,1,0
3864,335,1,14,Delivered,2025-03-22,2025-03-22 18:16:56,524.31,25.0,22.39,117.39,50,1,0
3865,268,1,10,Cancelled,2024-05-13,2024-05-13 10:20:46,481.67,32.0,20.63,99.37,50,0,
3866,344,1,9,Delivered,2024-09-02,2024-09-02 23:50:34,614.62,42.0,20.8,127.84,0,0,
3867,395,1,6,Delivered,2025-01-23,2025-01-23 18:14:53,606.14,0.0,21.02,127.41,0,1,0
3868,154,1,26,Delivered,2024-11-17,2024-11-17 21:06:49,660.68,22.0,24.29,160.48,0,1,0
3869,202,1,2,Delivered,2025-01-28,2025-01-28 19:55:34,516.97,28.0,20.69,106.96,0,1,0
3870,425,5,11,Delivered,2025-06-23,2025-06-23 23:30:08,500.28,28.0,0.0,0.0,0,1,0
3871,134,5,5,Delivered,2024-06-17,2024-06-17 20:59:20,1048.02,22.0,0.0,0.0,20,1,0
3872,368,1,1,Delivered,2025-02-21,2025-02-21 23:05:45,631.18,30.0,24.24,153.0,0,1,0
3873,278,1,9,Delivered,2025-02-21,2025-02-21 19:22:49,697.54,42.0,20.2,140.9,0,0,
3874,198,1,2,Delivered,2025-02-14,2025-02-14 18:48:44,565.96,28.0,22.01,124.57,0,1,0
3875,361,2,2,Delivered,2024-07-12,2024-07-12 21:56:46,524.59,28.0,16.27,85.35,0,1,0
3876,340,1,6,Delivered,2024-08-15,2024-08-15 13:06:14,508.26,0.0,22.44,114.05,0,0,
3877,192,2,7,Delivered,2025-05-24,2025-05-24 21:02:28,278.32,25.0,15.03,41.83,0,1,0
3878,57,3,22,Delivered,2024-02-26,2024-02-26 12:02:50,506.08,22.0,17.35,87.8,0,1,0
3879,479,5,5,Delivered,2024-04-28,2024-04-28 14:31:32,362.11,0.0,0.0,0.0,0,0,
3880,352,1,5,Delivered,2025-11-25,2025-11-25 21:40:59,404.63,22.0,22.17,89.71,50,1,0
3881,192,1,7,Delivered,2025-04-11,2025-04-11 12:03:52,310.02,25.0,21.92,67.96,30,1,0
3882,4,2,13,Delivered,2024-02-23,2024-02-23 16:27:28,636.21,25.0,17.48,111.21,30,1,0
3883,231,1,10,Delivered,2024-06-14,2024-06-14 00:39:16,754.95,32.0,21.3,160.8,20,0,
3884,32,1,10,Refunded,2024-02-16,2024-02-16 13:55:58,414.14,32.0,24.87,103.0,0,1,0
3885,193,1,14,Delivered,2024-07-30,2024-07-30 22:53:04,164.51,25.0,24.34,40.04,0,0,
3886,426,1,1,Refunded,2025-03-14,2025-03-14 20:44:19,276.26,30.0,22.16,61.22,0,1,0
3887,192,2,7,Cancelled,2025-11-05,2025-11-05 22:03:47,300.0,25.0,16.39,49.17,0,1,1
3888,385,1,18,Delivered,2024-11-29,2024-11-29 13:59:21,482.86,20.0,23.11,111.59,25,1,0
3889,215,2,35,Delivered,2025-12-20,2025-12-20 23:59:33,580.06,38.0,15.87,92.06,30,0,
3890,15,1,7,Delivered,2025-04-04,2025-04-04 15:41:54,366.96,0.0,22.03,80.84,30,1,1
3891,116,5,1,Delivered,2025-09-05,2025-09-05 00:37:51,491.91,30.0,0.0,0.0,0,1,0
3892,21,1,3,Delivered,2025-07-07,2025-07-07 23:53:31,290.58,45.0,22.14,64.33,30,1,1
3893,314,1,5,Cancelled,2024-09-18,2024-09-18 21:44:45,270.77,22.0,20.95,56.73,10,1,1
3894,107,1,1,Delivered,2025-09-19,2025-09-19 00:33:47,199.24,30.0,24.35,48.51,25,1,0
3895,45,2,2,Delivered,2024-08-05,2024-08-05 23:49:55,186.0,28.0,16.55,30.78,0,1,1
3896,330,2,13,Delivered,2025-11-04,2025-11-04 23:34:01,199.14,25.0,15.57,31.01,0,1,0
3897,47,3,10,Delivered,2024-10-07,2024-10-07 23:42:09,506.14,32.0,18.08,91.51,0,1,0
3898,180,2,5,Delivered,2025-08-05,2025-08-05 13:52:35,285.22,22.0,15.19,43.32,30,1,0
3899,306,1,10,Delivered,2025-06-14,2025-06-14 21:29:20,418.86,32.0,22.28,93.32,5,0,
3900,55,2,5,Delivered,2025-02-18,2025-02-18 12:19:30,495.59,22.0,16.01,79.34,0,1,0
3901,132,1,29,Delivered,2025-03-09,2025-03-09 18:53:28,544.26,20.0,23.0,125.18,0,1,0
3902,29,2,13,Delivered,2024-04-03,2024-04-03 17:46:04,729.87,25.0,17.44,127.29,0,0,
3903,4,2,13,Delivered,2025-12-05,2025-12-05 20:57:49,329.14,25.0,17.46,57.47,0,1,0
3904,180,1,5,Delivered,2024-03-21,2024-03-21 17:39:38,628.98,22.0,24.97,157.06,0,1,0
3905,137,2,16,Delivered,2025-12-01,2025-12-01 14:06:40,455.87,20.0,15.58,71.02,0,1,1
3906,130,1,10,Delivered,2024-08-16,2024-08-16 18:07:41,385.47,0.0,23.02,88.74,0,0,
3907,120,3,12,Delivered,2025-09-03,2025-09-03 19:13:36,233.02,27.0,16.64,38.77,25,0,
3908,300,1,30,Delivered,2025-08-20,2025-08-20 23:27:59,286.46,20.0,21.78,62.39,0,1,0
3909,367,3,10,Delivered,2024-04-22,2024-04-22 20:24:27,442.68,32.0,18.23,80.7,0,0,
3910,360,5,17,Delivered,2024-11-03,2024-11-03 13:08:23,456.33,20.0,0.0,0.0,0,1,0
3911,259,4,35,Delivered,2025-05-14,2025-05-14 22:08:54,793.49,38.0,14.62,116.01,0,0,
3912,203,1,33,Delivered,2024-11-23,2024-11-23 20:24:51,149.7,20.0,20.85,31.21,0,1,0
3913,220,2,18,Delivered,2024-06-10,2024-06-10 23:04:08,145.11,20.0,16.66,24.18,0,1,0
3914,290,1,1,Delivered,2024-09-22,2024-09-22 11:02:26,601.79,30.0,22.28,134.08,50,1,0
3915,48,1,5,Delivered,2024-03-05,2024-03-05 14:59:38,404.78,22.0,22.82,92.37,30,1,0
3916,464,4,9,Refunded,2024-06-07,2024-06-07 01:31:24,340.23,42.0,13.81,46.99,20,0,
3917,10,2,1,Delivered,2025-03-19,2025-03-19 17:03:53,505.97,30.0,15.45,78.17,30,1,0
3918,380,1,7,Delivered,2025-10-27,2025-10-27 21:00:03,125.15,25.0,20.19,25.27,25,1,0
3919,8,5,4,Delivered,2024-02-29,2024-02-29 18:15:55,829.66,35.0,0.0,0.0,0,0,
3920,377,1,11,Delivered,2024-06-09,2024-06-09 20:15:17,654.03,28.0,21.59,141.21,30,1,0
3921,415,2,15,Delivered,2025-05-13,2025-05-13 13:24:53,551.51,22.0,16.42,90.56,30,1,0
3922,465,1,13,Delivered,2025-07-11,2025-07-11 21:59:10,490.27,25.0,20.29,99.48,0,1,0
3923,288,1,8,Pending,2024-10-20,2024-10-20 22:23:07,270.1,40.0,21.0,56.72,0,0,
3924,147,2,13,Cancelled,2025-11-29,2025-11-29 20:35:35,212.01,25.0,15.98,33.88,15,0,
3925,119,1,10,Delivered,2024-08-25,2024-08-25 23:42:45,249.41,32.0,24.16,60.26,0,1,0
3926,202,1,2,Delivered,2024-09-10,2024-09-10 22:02:38,225.87,28.0,23.58,53.26,0,1,0
3927,282,1,12,Delivered,2024-10-11,2024-10-11 12:09:00,418.32,27.0,22.24,93.03,20,1,1
3928,166,5,12,Delivered,2024-10-28,2024-10-28 19:00:10,620.16,27.0,0.0,0.0,0,1,0
3929,395,2,6,Delivered,2025-04-30,2025-04-30 22:09:37,245.36,30.0,17.41,42.72,20,0,
3930,80,2,2,Delivered,2025-03-09,2025-03-09 22:56:36,660.16,0.0,16.49,108.86,30,1,0
3931,146,2,14,Delivered,2025-08-24,2025-08-24 15:44:37,428.52,25.0,16.82,72.08,0,0,
3932,289,1,19,Delivered,2025-12-25,2025-12-25 20:08:02,450.65,20.0,23.86,107.53,5,0,
3933,313,1,5,Delivered,2025-04-11,2025-04-11 22:49:47,345.34,22.0,20.96,72.38,10,1,0
3934,265,4,35,Delivered,2024-08-03,2024-08-03 18:06:18,655.62,38.0,13.58,89.03,20,1,0
3935,226,5,1,Delivered,2024-06-18,2024-06-18 23:02:22,906.41,30.0,0.0,0.0,0,0,
3936,284,2,5,Delivered,2024-08-20,2024-08-20 14:53:42,182.61,22.0,15.95,29.13,0,1,0
3937,189,1,29,Delivered,2025-12-08,2025-12-08 19:25:42,523.85,20.0,23.21,121.59,20,1,0
3938,153,5,5,Delivered,2025-02-02,2025-02-02 13:43:44,405.35,22.0,0.0,0.0,0,0,
3939,145,2,9,Delivered,2025-12-27,2025-12-27 22:23:23,198.47,42.0,16.56,32.87,0,0,
3940,380,1,7,Delivered,2025-07-10,2025-07-10 22:51:20,348.54,25.0,21.21,73.93,0,1,0
3941,136,1,5,Delivered,2024-09-26,2024-09-26 01:50:48,321.25,22.0,21.74,69.84,0,1,0
3942,10,1,1,Pending,2024-07-30,2024-07-30 21:44:07,494.07,30.0,21.84,107.9,10,1,0
3943,125,1,12,Delivered,2024-01-31,2024-01-31 22:18:34,293.27,27.0,21.31,62.5,0,1,0
3944,370,3,21,Delivered,2025-06-09,2025-06-09 23:31:40,432.46,20.0,16.51,71.4,0,1,0
3945,148,2,8,Delivered,2024-03-27,2024-03-27 03:46:07,289.25,40.0,15.41,44.57,0,0,
3946,372,1,13,Delivered,2024-07-02,2024-07-02 16:38:57,581.18,25.0,21.43,124.55,0,1,0
3947,414,5,7,Delivered,2024-02-16,2024-02-16 20:27:16,235.03,25.0,0.0,0.0,0,0,
3948,48,4,5,Delivered,2025-08-02,2025-08-02 13:48:52,164.08,22.0,13.2,21.66,50,1,0
3949,426,4,1,Delivered,2024-01-26,2024-01-26 23:00:29,485.54,30.0,12.38,60.11,0,1,0
3950,440,3,23,Delivered,2024-05-18,2024-05-18 20:20:49,649.64,20.0,18.17,118.04,0,0,
3951,314,1,5,Delivered,2024-06-23,2024-06-23 21:46:30,328.55,22.0,23.52,77.27,20,1,0
3952,154,5,26,Refunded,2025-01-05,2025-01-05 11:40:18,606.0,22.0,0.0,0.0,0,0,
3953,93,1,6,Delivered,2024-03-15,2024-03-15 03:52:20,554.89,30.0,22.84,126.74,30,1,1
3954,248,1,7,Delivered,2024-10-09,2024-10-09 13:35:36,157.94,25.0,22.72,35.88,0,1,1
3955,415,5,15,Delivered,2025-09-01,2025-09-01 19:34:49,646.92,22.0,0.0,0.0,0,1,0
3956,147,1,13,Delivered,2025-01-10,2025-01-10 13:30:02,427.42,25.0,22.13,94.59,0,1,0
3957,349,1,2,Delivered,2024-12-09,2024-12-09 19:45:07,595.33,28.0,20.52,122.16,0,0,
3958,37,2,9,Delivered,2025-11-09,2025-11-09 14:48:16,575.14,42.0,17.98,103.41,0,0,
3959,353,1,12,Delivered,2024-04-18,2024-04-18 21:09:53,546.87,27.0,23.69,129.55,20,1,0
3960,499,1,3,Delivered,2024-02-03,2024-02-03 23:36:00,317.69,45.0,24.39,77.48,30,0,
3961,117,5,14,Delivered,2024-03-15,2024-03-15 14:50:26,656.84,25.0,0.0,0.0,0,0,
3962,49,3,3,Delivered,2024-10-12,2024-10-12 11:00:32,689.48,45.0,17.39,119.9,0,0,
3963,473,1,14,Delivered,2024-07-21,2024-07-21 23:31:56,321.55,25.0,24.74,79.55,0,0,
3964,89,1,5,Delivered,2025-05-22,2025-05-22 19:36:50,303.85,0.0,20.47,62.2,20,1,0
3965,251,2,1,Delivered,2025-05-25,2025-05-25 12:02:14,541.6,30.0,15.51,84.0,30,1,0
3966,100,1,3,Refunded,2024-01-17,2024-01-17 23:45:22,228.93,45.0,24.84,56.87,15,0,
3967,17,3,6,Refunded,2024-09-15,2024-09-15 23:36:06,585.72,30.0,16.83,98.58,30,1,0
3968,491,2,20,Delivered,2025-05-20,2025-05-20 20:21:55,427.2,22.0,17.7,75.61,20,1,0
3969,313,2,5,Delivered,2025-05-14,2025-05-14 14:56:40,353.68,22.0,17.81,62.99,0,1,1
3970,3,4,2,Delivered,2024-04-02,2024-04-02 18:47:55,370.16,0.0,14.89,55.12,15,0,
3971,124,1,1,Delivered,2025-03-06,2025-03-06 17:22:34,184.08,30.0,23.69,43.61,0,1,0
3972,230,1,32,Delivered,2025-03-14,2025-03-14 03:49:30,224.04,0.0,20.68,46.33,0,1,1
3973,131,3,14,Delivered,2025-09-01,2025-09-01 20:30:21,181.86,25.0,16.71,30.39,0,1,0
3974,359,4,3,Cancelled,2024-04-19,2024-04-19 01:26:43,434.85,45.0,14.62,63.58,0,1,0
3975,373,5,2,Cancelled,2024-07-28,2024-07-28 22:41:27,641.61,28.0,0.0,0.0,20,1,0
3976,382,5,4,Delivered,2024-06-09,2024-06-09 21:35:47,786.96,35.0,0.0,0.0,0,0,
3977,407,1,4,Delivered,2025-01-13,2025-01-13 11:29:13,730.15,35.0,21.01,153.4,50,1,0
3978,323,1,15,Delivered,2024-10-11,2024-10-11 21:22:11,269.83,22.0,23.5,63.41,0,0,
3979,6,1,2,Delivered,2025-11-16,2025-11-16 20:34:18,313.09,28.0,23.3,72.95,25,1,0
3980,47,2,10,Delivered,2024-06-14,2024-06-14 14:36:53,530.37,32.0,16.39,86.93,0,0,
3981,173,1,7,Delivered,2024-08-04,2024-08-04 13:29:18,189.58,25.0,23.28,44.13,15,1,0
3982,21,5,3,Delivered,2025-11-01,2025-11-01 11:49:06,745.74,45.0,0.0,0.0,0,0,
3983,375,1,1,Delivered,2025-05-02,2025-05-02 14:40:36,336.33,30.0,22.99,77.32,0,1,0
3984,216,5,1,Delivered,2024-12-20,2024-12-20 23:07:42,691.95,30.0,0.0,0.0,0,1,0
3985,445,3,11,Delivered,2024-03-31,2024-03-31 18:49:20,788.41,0.0,17.69,139.47,0,1,1
3986,333,1,6,Delivered,2025-02-03,2025-02-03 12:27:28,263.3,0.0,20.86,54.92,0,1,0
3987,242,2,25,Delivered,2024-11-22,2024-11-22 19:13:21,166.08,20.0,15.77,26.19,0,1,0
3988,152,1,22,Delivered,2024-01-14,2024-01-14 12:03:28,465.45,22.0,20.62,95.98,5,0,
3989,123,1,21,Delivered,2024-11-26,2024-11-26 19:49:04,479.89,20.0,23.65,113.49,0,1,0
3990,265,2,35,Delivered,2024-04-14,2024-04-14 21:46:31,474.63,38.0,17.33,82.25,5,1,0
3991,478,1,5,Delivered,2025-06-25,2025-06-25 13:49:21,494.13,22.0,22.45,110.93,0,1,0
3992,419,2,10,Delivered,2024-06-07,2024-06-07 12:42:12,813.57,32.0,15.93,129.6,0,0,
3993,109,1,11,Delivered,2024-04-23,2024-04-23 20:44:06,436.51,28.0,20.31,88.66,0,1,0
3994,304,2,3,Delivered,2025-03-21,2025-03-21 18:50:21,363.11,45.0,17.67,64.16,0,1,0
3995,425,3,11,Delivered,2024-05-20,2024-05-20 22:12:08,412.61,28.0,16.03,66.14,0,1,0
3996,35,1,10,Delivered,2025-11-10,2025-11-10 11:04:46,413.78,32.0,22.44,92.85,0,0,
3997,270,3,5,Pending,2025-03-29,2025-03-29 03:38:56,267.68,22.0,17.82,47.7,0,1,0
3998,47,1,10,Delivered,2025-02-01,2025-02-01 19:00:45,583.22,32.0,20.55,119.85,20,1,0
3999,482,1,2,Cancelled,2025-06-10,2025-06-10 20:30:34,685.7,28.0,23.16,158.81,20,1,0
4000,223,5,9,Delivered,2025-09-26,2025-09-26 18:48:53,341.11,42.0,0.0,0.0,0,0,
4001,392,1,35,Delivered,2024-07-27,2024-07-27 13:17:03,696.04,38.0,20.13,140.11,0,1,0
4002,341,5,2,Delivered,2024-03-23,2024-03-23 18:26:12,271.79,28.0,0.0,0.0,10,1,0
4003,383,2,15,Cancelled,2025-05-05,2025-05-05 23:15:21,439.22,0.0,15.83,69.53,0,1,0
4004,249,2,12,Delivered,2024-09-04,2024-09-04 22:44:01,239.58,27.0,16.5,39.53,0,0,
4005,228,2,11,Delivered,2024-05-11,2024-05-11 20:42:47,627.37,28.0,17.36,108.91,0,0,
4006,433,5,5,Delivered,2025-02-15,2025-02-15 19:31:56,270.57,22.0,0.0,0.0,0,1,0
4007,136,2,5,Delivered,2025-01-14,2025-01-14 13:46:23,318.37,22.0,15.82,50.37,0,1,0
4008,278,1,9,Delivered,2024-07-29,2024-07-29 18:47:19,363.17,42.0,21.73,78.92,20,0,
4009,277,2,8,Delivered,2025-12-14,2025-12-14 19:59:44,265.32,0.0,16.54,43.88,0,1,0
4010,315,1,10,Cancelled,2024-02-28,2024-02-28 19:22:00,766.87,32.0,24.98,191.56,30,1,0
4011,444,3,10,Delivered,2024-10-11,2024-10-11 18:01:21,556.57,32.0,15.4,85.71,30,0,
4012,261,2,8,Delivered,2025-07-09,2025-07-09 14:02:08,431.63,40.0,16.04,69.23,15,1,0
4013,225,4,5,Delivered,2025-01-03,2025-01-03 00:15:20,461.47,22.0,14.73,67.97,15,1,1
4014,96,1,7,Delivered,2025-07-13,2025-07-13 23:08:26,330.63,25.0,20.43,67.55,0,1,0
4015,289,1,19,Delivered,2024-03-30,2024-03-30 18:12:04,455.45,20.0,20.27,92.32,0,1,0
4016,281,2,4,Delivered,2025-02-28,2025-02-28 18:12:55,225.09,35.0,15.39,34.64,50,0,
4017,500,5,18,Delivered,2025-05-02,2025-05-02 00:08:15,418.38,20.0,0.0,0.0,20,1,0
4018,49,1,3,Delivered,2025-03-05,2025-03-05 18:42:12,344.27,45.0,23.44,80.7,0,0,
4019,220,1,18,Cancelled,2025-03-12,2025-03-12 03:21:36,196.53,20.0,24.6,48.35,10,1,0
4020,80,5,2,Delivered,2024-01-10,2024-01-10 22:19:41,692.89,28.0,0.0,0.0,0,0,
4021,22,3,28,Delivered,2024-09-28,2024-09-28 14:57:21,503.03,20.0,16.12,81.09,0,1,0
4022,195,4,28,Refunded,2024-06-09,2024-06-09 12:56:15,561.81,20.0,14.96,84.05,0,1,0
4023,190,1,9,Refunded,2024-06-23,2024-06-23 21:05:51,702.87,42.0,20.15,141.63,0,1,0
4024,407,1,4,Delivered,2024-11-11,2024-11-11 09:04:41,250.35,35.0,22.67,56.75,0,1,0
4025,240,1,11,Delivered,2025-01-14,2025-01-14 12:04:20,257.37,28.0,24.04,61.87,30,1,1
4026,196,4,11,Delivered,2024-04-26,2024-04-26 22:36:48,698.54,28.0,14.62,102.13,0,1,0
4027,40,1,7,Delivered,2024-05-14,2024-05-14 19:56:15,317.11,25.0,23.68,75.09,0,1,0
4028,404,1,35,Delivered,2024-01-31,2024-01-31 13:10:21,412.56,38.0,23.3,96.13,20,0,
4029,122,1,19,Rejected,2024-10-17,2024-10-17 20:09:00,299.17,20.0,24.29,72.67,0,1,0
4030,206,1,5,Delivered,2025-03-26,2025-03-26 18:37:08,292.64,22.0,20.72,60.64,0,0,
4031,169,1,10,Delivered,2025-06-17,2025-06-17 21:31:21,753.17,32.0,23.56,177.45,0,0,
4032,128,1,12,Delivered,2025-07-05,2025-07-05 16:50:20,347.43,27.0,20.75,72.09,25,0,
4033,346,1,3,Delivered,2024-05-20,2024-05-20 19:43:02,585.76,45.0,21.53,126.11,0,0,
4034,76,1,15,Delivered,2025-11-14,2025-11-14 23:25:27,198.86,22.0,21.78,43.31,25,1,1
4035,423,1,10,Delivered,2025-04-11,2025-04-11 21:50:30,668.44,0.0,24.87,166.24,30,0,
4036,61,1,2,Cancelled,2025-11-14,2025-11-14 22:50:02,286.2,28.0,23.9,68.4,0,0,
4037,268,1,10,Delivered,2024-02-23,2024-02-23 15:48:43,674.35,32.0,23.54,158.74,0,1,0
4038,22,5,28,Delivered,2024-05-14,2024-05-14 23:42:20,518.03,20.0,0.0,0.0,0,0,
4039,485,1,12,Delivered,2024-04-12,2024-04-12 17:11:13,446.98,27.0,23.72,106.02,0,1,0
4040,135,1,5,Rejected,2024-05-18,2024-05-18 23:02:54,160.5,22.0,23.32,37.43,0,1,0
4041,390,1,8,Delivered,2025-03-14,2025-03-14 17:28:14,619.57,0.0,23.25,144.05,0,1,0
4042,49,2,3,Delivered,2025-11-01,2025-11-01 12:39:44,207.09,45.0,16.5,34.17,0,0,
4043,7,4,6,Delivered,2025-05-03,2025-05-03 21:10:10,313.92,30.0,13.04,40.94,0,0,
4044,500,1,18,Delivered,2025-06-13,2025-06-13 22:14:20,411.05,20.0,23.99,98.61,0,0,
4045,247,2,6,Delivered,2025-09-07,2025-09-07 14:23:00,405.41,30.0,17.07,69.2,25,1,1
4046,88,5,5,Delivered,2025-12-25,2025-12-25 20:18:29,174.77,22.0,0.0,0.0,0,0,
4047,247,5,6,Delivered,2025-02-18,2025-02-18 14:08:10,145.9,30.0,0.0,0.0,0,1,0
4048,195,3,28,Delivered,2024-12-28,2024-12-28 12:15:23,564.92,20.0,15.89,89.77,20,1,0
4049,487,2,6,Delivered,2024-01-24,2024-01-24 12:53:32,403.26,30.0,15.09,60.85,0,0,
4050,290,2,1,Delivered,2025-02-10,2025-02-10 22:30:41,156.2,30.0,16.14,25.21,0,0,
4051,391,1,20,Delivered,2024-02-09,2024-02-09 21:27:41,415.57,22.0,22.81,94.79,0,0,
4052,315,1,10,Delivered,2024-08-19,2024-08-19 13:13:42,675.91,32.0,23.74,160.46,0,1,0
4053,170,3,2,Delivered,2024-02-08,2024-02-08 14:52:22,654.26,28.0,15.6,102.06,30,1,0
